#include "area512_ti_builtin_database.h"

const char ti_builtin_name_pool[] = {
  0x00, 0x4f, 0x62, 0x6a, 0x65, 0x63, 0x74, 0x00, 0x21, 0x3d, 0x00, 0x3c, 0x3d, 0x3e, 0x00, 0x3d,
  0x3d, 0x00, 0x3d, 0x3d, 0x3d, 0x00, 0x5f, 0x5f, 0x69, 0x64, 0x5f, 0x5f, 0x00, 0x61, 0x6c, 0x69,
  0x61, 0x73, 0x5f, 0x6d, 0x65, 0x74, 0x68, 0x6f, 0x64, 0x00, 0x61, 0x74, 0x74, 0x72, 0x5f, 0x61,
  0x63, 0x63, 0x65, 0x73, 0x73, 0x6f, 0x72, 0x00, 0x61, 0x74, 0x74, 0x72, 0x5f, 0x72, 0x65, 0x61,
  0x64, 0x65, 0x72, 0x00, 0x62, 0x6c, 0x6f, 0x63, 0x6b, 0x5f, 0x67, 0x69, 0x76, 0x65, 0x6e, 0x3f,
  0x00, 0x63, 0x6c, 0x61, 0x73, 0x73, 0x00, 0x63, 0x6c, 0x61, 0x73, 0x73, 0x3f, 0x00, 0x63, 0x6f,
  0x6e, 0x73, 0x74, 0x5f, 0x64, 0x65, 0x66, 0x69, 0x6e, 0x65, 0x64, 0x3f, 0x00, 0x63, 0x6f, 0x6e,
  0x73, 0x74, 0x5f, 0x67, 0x65, 0x74, 0x00, 0x64, 0x75, 0x70, 0x00, 0x65, 0x78, 0x69, 0x74, 0x00,
  0x65, 0x78, 0x74, 0x65, 0x6e, 0x64, 0x00, 0x69, 0x6e, 0x63, 0x6c, 0x75, 0x64, 0x65, 0x00, 0x69,
  0x6e, 0x73, 0x70, 0x65, 0x63, 0x74, 0x00, 0x69, 0x6e, 0x73, 0x74, 0x61, 0x6e, 0x63, 0x65, 0x5f,
  0x65, 0x76, 0x61, 0x6c, 0x00, 0x69, 0x6e, 0x73, 0x74, 0x61, 0x6e, 0x63, 0x65, 0x5f, 0x6f, 0x66,
  0x3f, 0x00, 0x69, 0x6e, 0x73, 0x74, 0x61, 0x6e, 0x63, 0x65, 0x5f, 0x76, 0x61, 0x72, 0x69, 0x61,
  0x62, 0x6c, 0x65, 0x5f, 0x67, 0x65, 0x74, 0x00, 0x69, 0x6e, 0x73, 0x74, 0x61, 0x6e, 0x63, 0x65,
  0x5f, 0x76, 0x61, 0x72, 0x69, 0x61, 0x62, 0x6c, 0x65, 0x5f, 0x73, 0x65, 0x74, 0x00, 0x69, 0x6e,
  0x73, 0x74, 0x61, 0x6e, 0x63, 0x65, 0x5f, 0x76, 0x61, 0x72, 0x69, 0x61, 0x62, 0x6c, 0x65, 0x73,
  0x00, 0x69, 0x73, 0x5f, 0x61, 0x3f, 0x00, 0x6c, 0x6f, 0x6f, 0x70, 0x00, 0x6d, 0x65, 0x74, 0x68,
  0x6f, 0x64, 0x73, 0x00, 0x6e, 0x69, 0x6c, 0x3f, 0x00, 0x6f, 0x62, 0x6a, 0x65, 0x63, 0x74, 0x5f,
  0x69, 0x64, 0x00, 0x70, 0x72, 0x69, 0x76, 0x61, 0x74, 0x65, 0x00, 0x70, 0x75, 0x62, 0x6c, 0x69,
  0x63, 0x00, 0x72, 0x61, 0x69, 0x73, 0x65, 0x00, 0x72, 0x65, 0x6c, 0x69, 0x6e, 0x71, 0x75, 0x69,
  0x73, 0x68, 0x00, 0x72, 0x65, 0x73, 0x70, 0x6f, 0x6e, 0x64, 0x5f, 0x74, 0x6f, 0x3f, 0x00, 0x73,
  0x65, 0x6e, 0x64, 0x00, 0x73, 0x6c, 0x65, 0x65, 0x70, 0x00, 0x73, 0x6c, 0x65, 0x65, 0x70, 0x5f,
  0x6d, 0x73, 0x00, 0x73, 0x70, 0x72, 0x69, 0x6e, 0x74, 0x66, 0x00, 0x74, 0x6f, 0x5f, 0x73, 0x00,
  0x61, 0x6e, 0x63, 0x65, 0x73, 0x74, 0x6f, 0x72, 0x73, 0x00, 0x49, 0x6e, 0x74, 0x65, 0x67, 0x65,
  0x72, 0x00, 0x25, 0x00, 0x26, 0x00, 0x2a, 0x00, 0x2a, 0x2a, 0x00, 0x2b, 0x00, 0x2b, 0x40, 0x00,
  0x2d, 0x00, 0x2d, 0x40, 0x00, 0x2f, 0x00, 0x3c, 0x00, 0x3c, 0x3c, 0x00, 0x3c, 0x3d, 0x00, 0x3e,
  0x00, 0x3e, 0x3d, 0x00, 0x3e, 0x3e, 0x00, 0x5b, 0x5d, 0x00, 0x5e, 0x00, 0x61, 0x62, 0x73, 0x00,
  0x63, 0x68, 0x72, 0x00, 0x64, 0x6f, 0x77, 0x6e, 0x74, 0x6f, 0x00, 0x74, 0x69, 0x6d, 0x65, 0x73,
  0x00, 0x74, 0x6f, 0x5f, 0x66, 0x00, 0x74, 0x6f, 0x5f, 0x69, 0x00, 0x7c, 0x00, 0x7e, 0x00, 0x46,
  0x6c, 0x6f, 0x61, 0x74, 0x00, 0x53, 0x74, 0x72, 0x69, 0x6e, 0x67, 0x00, 0x21, 0x00, 0x5b, 0x5d,
  0x3d, 0x00, 0x5f, 0x5f, 0x6c, 0x6a, 0x75, 0x73, 0x74, 0x5f, 0x72, 0x6a, 0x75, 0x73, 0x74, 0x5f,
  0x61, 0x72, 0x67, 0x63, 0x68, 0x65, 0x63, 0x6b, 0x00, 0x62, 0x79, 0x74, 0x65, 0x73, 0x00, 0x63,
  0x68, 0x61, 0x72, 0x73, 0x00, 0x63, 0x68, 0x6f, 0x6d, 0x70, 0x00, 0x63, 0x68, 0x6f, 0x6d, 0x70,
  0x21, 0x00, 0x63, 0x6c, 0x65, 0x61, 0x72, 0x00, 0x64, 0x6f, 0x77, 0x6e, 0x63, 0x61, 0x73, 0x65,
  0x00, 0x64, 0x6f, 0x77, 0x6e, 0x63, 0x61, 0x73, 0x65, 0x21, 0x00, 0x65, 0x61, 0x63, 0x68, 0x5f,
  0x62, 0x79, 0x74, 0x65, 0x00, 0x65, 0x61, 0x63, 0x68, 0x5f, 0x63, 0x68, 0x61, 0x72, 0x00, 0x65,
  0x61, 0x63, 0x68, 0x5f, 0x6c, 0x69, 0x6e, 0x65, 0x00, 0x65, 0x6d, 0x70, 0x74, 0x79, 0x3f, 0x00,
  0x65, 0x6e, 0x64, 0x5f, 0x77, 0x69, 0x74, 0x68, 0x3f, 0x00, 0x67, 0x65, 0x74, 0x62, 0x79, 0x74,
  0x65, 0x00, 0x69, 0x6e, 0x63, 0x6c, 0x75, 0x64, 0x65, 0x3f, 0x00, 0x69, 0x6e, 0x64, 0x65, 0x78,
  0x00, 0x69, 0x6e, 0x74, 0x65, 0x72, 0x6e, 0x00, 0x6c, 0x65, 0x6e, 0x67, 0x74, 0x68, 0x00, 0x6c,
  0x6a, 0x75, 0x73, 0x74, 0x00, 0x6c, 0x73, 0x74, 0x72, 0x69, 0x70, 0x00, 0x6c, 0x73, 0x74, 0x72,
  0x69, 0x70, 0x21, 0x00, 0x6f, 0x72, 0x64, 0x00, 0x72, 0x6a, 0x75, 0x73, 0x74, 0x00, 0x72, 0x73,
  0x74, 0x72, 0x69, 0x70, 0x00, 0x72, 0x73, 0x74, 0x72, 0x69, 0x70, 0x21, 0x00, 0x73, 0x69, 0x7a,
  0x65, 0x00, 0x73, 0x6c, 0x69, 0x63, 0x65, 0x00, 0x73, 0x70, 0x6c, 0x69, 0x74, 0x00, 0x73, 0x74,
  0x61, 0x72, 0x74, 0x5f, 0x77, 0x69, 0x74, 0x68, 0x3f, 0x00, 0x73, 0x74, 0x72, 0x69, 0x70, 0x00,
  0x73, 0x74, 0x72, 0x69, 0x70, 0x21, 0x00, 0x73, 0x75, 0x62, 0x00, 0x74, 0x6f, 0x5f, 0x73, 0x79,
  0x6d, 0x00, 0x74, 0x72, 0x00, 0x74, 0x72, 0x21, 0x00, 0x75, 0x70, 0x63, 0x61, 0x73, 0x65, 0x00,
  0x75, 0x70, 0x63, 0x61, 0x73, 0x65, 0x21, 0x00, 0x53, 0x79, 0x6d, 0x62, 0x6f, 0x6c, 0x00, 0x41,
  0x72, 0x72, 0x61, 0x79, 0x00, 0x61, 0x6c, 0x6c, 0x3f, 0x00, 0x61, 0x74, 0x00, 0x63, 0x6f, 0x6c,
  0x6c, 0x65, 0x63, 0x74, 0x00, 0x63, 0x6f, 0x6c, 0x6c, 0x65, 0x63, 0x74, 0x21, 0x00, 0x63, 0x6f,
  0x6e, 0x63, 0x61, 0x74, 0x00, 0x63, 0x6f, 0x75, 0x6e, 0x74, 0x00, 0x64, 0x65, 0x6c, 0x65, 0x74,
  0x65, 0x5f, 0x61, 0x74, 0x00, 0x64, 0x65, 0x6c, 0x65, 0x74, 0x65, 0x5f, 0x69, 0x66, 0x00, 0x65,
  0x61, 0x63, 0x68, 0x00, 0x65, 0x61, 0x63, 0x68, 0x5f, 0x69, 0x6e, 0x64, 0x65, 0x78, 0x00, 0x65,
  0x61, 0x63, 0x68, 0x5f, 0x77, 0x69, 0x74, 0x68, 0x5f, 0x69, 0x6e, 0x64, 0x65, 0x78, 0x00, 0x66,
  0x69, 0x72, 0x73, 0x74, 0x00, 0x66, 0x6c, 0x61, 0x74, 0x74, 0x65, 0x6e, 0x00, 0x6a, 0x6f, 0x69,
  0x6e, 0x00, 0x6c, 0x61, 0x73, 0x74, 0x00, 0x6d, 0x61, 0x78, 0x00, 0x6d, 0x69, 0x6e, 0x00, 0x70,
  0x6f, 0x70, 0x00, 0x70, 0x75, 0x73, 0x68, 0x00, 0x72, 0x65, 0x6a, 0x65, 0x63, 0x74, 0x00, 0x72,
  0x65, 0x6a, 0x65, 0x63, 0x74, 0x21, 0x00, 0x72, 0x65, 0x70, 0x6c, 0x61, 0x63, 0x65, 0x00, 0x73,
  0x68, 0x69, 0x66, 0x74, 0x00, 0x73, 0x6f, 0x72, 0x74, 0x00, 0x73, 0x6f, 0x72, 0x74, 0x21, 0x00,
  0x75, 0x6e, 0x69, 0x71, 0x00, 0x75, 0x6e, 0x69, 0x71, 0x21, 0x00, 0x75, 0x6e, 0x73, 0x68, 0x69,
  0x66, 0x74, 0x00, 0x6e, 0x65, 0x77, 0x00, 0x48, 0x61, 0x73, 0x68, 0x00, 0x64, 0x65, 0x6c, 0x65,
  0x74, 0x65, 0x00, 0x68, 0x61, 0x73, 0x5f, 0x6b, 0x65, 0x79, 0x3f, 0x00, 0x68, 0x61, 0x73, 0x5f,
  0x76, 0x61, 0x6c, 0x75, 0x65, 0x3f, 0x00, 0x6b, 0x65, 0x79, 0x00, 0x6b, 0x65, 0x79, 0x73, 0x00,
  0x6d, 0x65, 0x72, 0x67, 0x65, 0x00, 0x6d, 0x65, 0x72, 0x67, 0x65, 0x21, 0x00, 0x74, 0x6f, 0x5f,
  0x68, 0x00, 0x76, 0x61, 0x6c, 0x75, 0x65, 0x73, 0x00, 0x52, 0x61, 0x6e, 0x67, 0x65, 0x00, 0x65,
  0x78, 0x63, 0x6c, 0x75, 0x64, 0x65, 0x5f, 0x65, 0x6e, 0x64, 0x3f, 0x00, 0x50, 0x72, 0x6f, 0x63,
  0x00, 0x5f, 0x67, 0x65, 0x74, 0x5f, 0x73, 0x65, 0x6c, 0x66, 0x00, 0x5f, 0x73, 0x65, 0x74, 0x5f,
  0x73, 0x65, 0x6c, 0x66, 0x00, 0x63, 0x61, 0x6c, 0x6c, 0x00, 0x54, 0x72, 0x75, 0x65, 0x43, 0x6c,
  0x61, 0x73, 0x73, 0x00, 0x46, 0x61, 0x6c, 0x73, 0x65, 0x43, 0x6c, 0x61, 0x73, 0x73, 0x00, 0x4e,
  0x69, 0x6c, 0x43, 0x6c, 0x61, 0x73, 0x73, 0x00, 0x55, 0x6e, 0x74, 0x79, 0x70, 0x65, 0x64, 0x00,
  0x74, 0x6f, 0x5f, 0x69, 0x6e, 0x74, 0x00, 0x43, 0x6c, 0x61, 0x73, 0x73, 0x00, 0x6e, 0x61, 0x6d,
  0x65, 0x00, 0x4b, 0x65, 0x72, 0x6e, 0x65, 0x6c, 0x00, 0x2d, 0x3e, 0x00, 0x6c, 0x61, 0x6d, 0x62,
  0x64, 0x61, 0x00, 0x70, 0x00, 0x70, 0x72, 0x69, 0x6e, 0x74, 0x00, 0x70, 0x72, 0x6f, 0x63, 0x00,
  0x70, 0x75, 0x74, 0x73, 0x00, 0x73, 0x79, 0x73, 0x74, 0x65, 0x6d, 0x00, 0x79, 0x69, 0x65, 0x6c,
  0x64, 0x00, 0x42, 0x6f, 0x6f, 0x6c, 0x00, 0x44, 0x69, 0x72, 0x00, 0x63, 0x6c, 0x6f, 0x73, 0x65,
  0x00, 0x66, 0x69, 0x6e, 0x64, 0x6e, 0x65, 0x78, 0x74, 0x00, 0x70, 0x61, 0x74, 0x3d, 0x00, 0x70,
  0x6f, 0x73, 0x00, 0x70, 0x6f, 0x73, 0x3d, 0x00, 0x72, 0x65, 0x61, 0x64, 0x00, 0x72, 0x65, 0x77,
  0x69, 0x6e, 0x64, 0x00, 0x73, 0x65, 0x65, 0x6b, 0x00, 0x74, 0x65, 0x6c, 0x6c, 0x00, 0x63, 0x68,
  0x64, 0x69, 0x72, 0x00, 0x63, 0x68, 0x69, 0x6c, 0x64, 0x72, 0x65, 0x6e, 0x00, 0x65, 0x6e, 0x74,
  0x72, 0x69, 0x65, 0x73, 0x00, 0x65, 0x78, 0x69, 0x73, 0x74, 0x3f, 0x00, 0x66, 0x6f, 0x72, 0x65,
  0x61, 0x63, 0x68, 0x00, 0x67, 0x65, 0x74, 0x77, 0x64, 0x00, 0x62, 0x61, 0x73, 0x65, 0x00, 0x67,
  0x6c, 0x6f, 0x62, 0x00, 0x6d, 0x6b, 0x64, 0x69, 0x72, 0x00, 0x6f, 0x70, 0x65, 0x6e, 0x00, 0x70,
  0x77, 0x64, 0x00, 0x72, 0x6d, 0x64, 0x69, 0x72, 0x00, 0x75, 0x6e, 0x6c, 0x69, 0x6e, 0x6b, 0x00,
  0x44, 0x69, 0x73, 0x70, 0x6c, 0x61, 0x79, 0x00, 0x62, 0x72, 0x69, 0x67, 0x68, 0x74, 0x6e, 0x65,
  0x73, 0x73, 0x3d, 0x00, 0x63, 0x6f, 0x6e, 0x73, 0x6f, 0x6c, 0x65, 0x00, 0x66, 0x69, 0x6c, 0x6c,
  0x5f, 0x73, 0x63, 0x72, 0x65, 0x65, 0x6e, 0x00, 0x68, 0x65, 0x69, 0x67, 0x68, 0x74, 0x00, 0x77,
  0x69, 0x64, 0x74, 0x68, 0x00, 0x45, 0x6e, 0x75, 0x6d, 0x65, 0x72, 0x61, 0x62, 0x6c, 0x65, 0x00,
  0x46, 0x69, 0x6c, 0x65, 0x00, 0x66, 0x6c, 0x75, 0x73, 0x68, 0x00, 0x67, 0x65, 0x74, 0x73, 0x00,
  0x77, 0x72, 0x69, 0x74, 0x65, 0x00, 0x62, 0x61, 0x73, 0x65, 0x6e, 0x61, 0x6d, 0x65, 0x00, 0x64,
  0x69, 0x72, 0x6e, 0x61, 0x6d, 0x65, 0x00, 0x47, 0x50, 0x49, 0x4f, 0x00, 0x68, 0x69, 0x67, 0x68,
  0x3f, 0x00, 0x6c, 0x6f, 0x77, 0x3f, 0x00, 0x6f, 0x70, 0x65, 0x6e, 0x5f, 0x64, 0x72, 0x61, 0x69,
  0x6e, 0x00, 0x73, 0x65, 0x74, 0x5f, 0x64, 0x69, 0x72, 0x00, 0x73, 0x65, 0x74, 0x5f, 0x66, 0x75,
  0x6e, 0x63, 0x74, 0x69, 0x6f, 0x6e, 0x00, 0x73, 0x65, 0x74, 0x5f, 0x70, 0x75, 0x6c, 0x6c, 0x00,
  0x73, 0x65, 0x74, 0x6d, 0x6f, 0x64, 0x65, 0x00, 0x68, 0x69, 0x67, 0x68, 0x5f, 0x61, 0x74, 0x3f,
  0x00, 0x6c, 0x6f, 0x77, 0x5f, 0x61, 0x74, 0x3f, 0x00, 0x6f, 0x70, 0x65, 0x6e, 0x5f, 0x64, 0x72,
  0x61, 0x69, 0x6e, 0x5f, 0x61, 0x74, 0x00, 0x70, 0x75, 0x6c, 0x6c, 0x5f, 0x64, 0x6f, 0x77, 0x6e,
  0x5f, 0x61, 0x74, 0x00, 0x70, 0x75, 0x6c, 0x6c, 0x5f, 0x75, 0x70, 0x5f, 0x61, 0x74, 0x00, 0x72,
  0x65, 0x61, 0x64, 0x5f, 0x61, 0x74, 0x00, 0x73, 0x65, 0x74, 0x5f, 0x64, 0x69, 0x72, 0x5f, 0x61,
  0x74, 0x00, 0x73, 0x65, 0x74, 0x5f, 0x66, 0x75, 0x6e, 0x63, 0x74, 0x69, 0x6f, 0x6e, 0x5f, 0x61,
  0x74, 0x00, 0x77, 0x72, 0x69, 0x74, 0x65, 0x5f, 0x61, 0x74, 0x00, 0x47, 0x50, 0x49, 0x4f, 0x3a,
  0x3a, 0x45, 0x72, 0x72, 0x6f, 0x72, 0x00, 0x70, 0x65, 0x72, 0x69, 0x70, 0x68, 0x65, 0x72, 0x61,
  0x6c, 0x5f, 0x65, 0x72, 0x72, 0x6f, 0x72, 0x00, 0x49, 0x32, 0x43, 0x00, 0x74, 0x69, 0x6d, 0x65,
  0x6f, 0x75, 0x74, 0x00, 0x73, 0x63, 0x61, 0x6e, 0x00, 0x6e, 0x6f, 0x73, 0x74, 0x6f, 0x70, 0x00,
  0x66, 0x72, 0x65, 0x71, 0x75, 0x65, 0x6e, 0x63, 0x79, 0x00, 0x73, 0x63, 0x6c, 0x5f, 0x70, 0x69,
  0x6e, 0x00, 0x73, 0x64, 0x61, 0x5f, 0x70, 0x69, 0x6e, 0x00, 0x75, 0x6e, 0x69, 0x74, 0x00, 0x49,
  0x4f, 0x00, 0x63, 0x6f, 0x6f, 0x6b, 0x65, 0x64, 0x00, 0x63, 0x6f, 0x6f, 0x6b, 0x65, 0x64, 0x21,
  0x00, 0x65, 0x63, 0x68, 0x6f, 0x3d, 0x00, 0x65, 0x63, 0x68, 0x6f, 0x3f, 0x00, 0x67, 0x65, 0x74,
  0x63, 0x68, 0x00, 0x72, 0x61, 0x77, 0x00, 0x72, 0x61, 0x77, 0x21, 0x00, 0x72, 0x65, 0x61, 0x64,
  0x5f, 0x6e, 0x6f, 0x6e, 0x62, 0x6c, 0x6f, 0x63, 0x6b, 0x00, 0x63, 0x6c, 0x65, 0x61, 0x72, 0x5f,
  0x73, 0x63, 0x72, 0x65, 0x65, 0x6e, 0x00, 0x67, 0x65, 0x74, 0x5f, 0x63, 0x75, 0x72, 0x73, 0x6f,
  0x72, 0x5f, 0x70, 0x6f, 0x73, 0x69, 0x74, 0x69, 0x6f, 0x6e, 0x00, 0x77, 0x61, 0x69, 0x74, 0x5f,
  0x74, 0x65, 0x72, 0x6d, 0x69, 0x6e, 0x61, 0x6c, 0x00, 0x4d, 0x61, 0x74, 0x68, 0x00, 0x61, 0x63,
  0x6f, 0x73, 0x00, 0x61, 0x63, 0x6f, 0x73, 0x68, 0x00, 0x61, 0x73, 0x69, 0x6e, 0x00, 0x61, 0x73,
  0x69, 0x6e, 0x68, 0x00, 0x61, 0x74, 0x61, 0x6e, 0x00, 0x61, 0x74, 0x61, 0x6e, 0x32, 0x00, 0x61,
  0x74, 0x61, 0x6e, 0x68, 0x00, 0x63, 0x62, 0x72, 0x74, 0x00, 0x63, 0x6f, 0x73, 0x00, 0x63, 0x6f,
  0x73, 0x68, 0x00, 0x65, 0x72, 0x66, 0x00, 0x65, 0x72, 0x66, 0x63, 0x00, 0x65, 0x78, 0x70, 0x00,
  0x68, 0x79, 0x70, 0x6f, 0x74, 0x00, 0x6c, 0x64, 0x65, 0x78, 0x70, 0x00, 0x6c, 0x6f, 0x67, 0x00,
  0x6c, 0x6f, 0x67, 0x31, 0x30, 0x00, 0x6c, 0x6f, 0x67, 0x32, 0x00, 0x73, 0x69, 0x6e, 0x00, 0x73,
  0x69, 0x6e, 0x68, 0x00, 0x73, 0x71, 0x72, 0x74, 0x00, 0x74, 0x61, 0x6e, 0x00, 0x74, 0x61, 0x6e,
  0x68, 0x00, 0x52, 0x4e, 0x47, 0x00, 0x72, 0x61, 0x6e, 0x64, 0x6f, 0x6d, 0x5f, 0x69, 0x6e, 0x74,
  0x00, 0x72, 0x61, 0x6e, 0x64, 0x6f, 0x6d, 0x5f, 0x73, 0x74, 0x72, 0x69, 0x6e, 0x67, 0x00, 0x75,
  0x75, 0x69, 0x64, 0x00, 0x52, 0x75, 0x6e, 0x74, 0x69, 0x6d, 0x65, 0x45, 0x72, 0x72, 0x6f, 0x72,
  0x00, 0x53, 0x44, 0x00, 0x6d, 0x6f, 0x75, 0x6e, 0x74, 0x00, 0x75, 0x6e, 0x6d, 0x6f, 0x75, 0x6e,
  0x74, 0x00, 0x53, 0x61, 0x6e, 0x64, 0x62, 0x6f, 0x78, 0x00, 0x61, 0x72, 0x65, 0x61, 0x35, 0x31,
  0x32, 0x5f, 0x65, 0x78, 0x65, 0x63, 0x5f, 0x6d, 0x72, 0x62, 0x5f, 0x66, 0x69, 0x6c, 0x65, 0x5f,
  0x6b, 0x65, 0x65, 0x70, 0x00, 0x61, 0x72, 0x65, 0x61, 0x35, 0x31, 0x32, 0x5f, 0x72, 0x65, 0x6c,
  0x65, 0x61, 0x73, 0x65, 0x5f, 0x6b, 0x65, 0x70, 0x74, 0x5f, 0x63, 0x6f, 0x64, 0x65, 0x00, 0x63,
  0x6c, 0x65, 0x61, 0x6e, 0x75, 0x70, 0x00, 0x66, 0x69, 0x6c, 0x65, 0x6e, 0x61, 0x6d, 0x65, 0x00,
  0x72, 0x65, 0x6d, 0x6f, 0x76, 0x65, 0x5f, 0x6c, 0x76, 0x00, 0x63, 0x6f, 0x6d, 0x70, 0x69, 0x6c,
  0x65, 0x00, 0x63, 0x6f, 0x6d, 0x70, 0x69, 0x6c, 0x65, 0x5f, 0x66, 0x72, 0x6f, 0x6d, 0x5f, 0x6d,
  0x65, 0x6d, 0x6f, 0x72, 0x79, 0x00, 0x65, 0x72, 0x72, 0x6f, 0x72, 0x00, 0x65, 0x78, 0x65, 0x63,
  0x5f, 0x6d, 0x72, 0x62, 0x00, 0x65, 0x78, 0x65, 0x63, 0x5f, 0x6d, 0x72, 0x62, 0x5f, 0x66, 0x72,
  0x6f, 0x6d, 0x5f, 0x6d, 0x65, 0x6d, 0x6f, 0x72, 0x79, 0x00, 0x65, 0x78, 0x65, 0x63, 0x75, 0x74,
  0x65, 0x00, 0x66, 0x72, 0x65, 0x65, 0x5f, 0x70, 0x61, 0x72, 0x73, 0x65, 0x72, 0x00, 0x6c, 0x6f,
  0x61, 0x64, 0x5f, 0x66, 0x69, 0x6c, 0x65, 0x00, 0x6c, 0x6f, 0x61, 0x64, 0x5f, 0x6d, 0x61, 0x6e,
  0x69, 0x66, 0x65, 0x73, 0x74, 0x00, 0x72, 0x65, 0x73, 0x75, 0x6c, 0x74, 0x00, 0x72, 0x65, 0x73,
  0x75, 0x6d, 0x65, 0x00, 0x73, 0x74, 0x61, 0x74, 0x65, 0x00, 0x73, 0x74, 0x6f, 0x70, 0x00, 0x73,
  0x75, 0x73, 0x70, 0x65, 0x6e, 0x64, 0x00, 0x74, 0x65, 0x72, 0x6d, 0x69, 0x6e, 0x61, 0x74, 0x65,
  0x00, 0x77, 0x61, 0x69, 0x74, 0x00, 0x53, 0x70, 0x72, 0x69, 0x74, 0x65, 0x00, 0x63, 0x69, 0x72,
  0x63, 0x6c, 0x65, 0x00, 0x66, 0x69, 0x6c, 0x6c, 0x00, 0x66, 0x69, 0x6c, 0x6c, 0x5f, 0x63, 0x69,
  0x72, 0x63, 0x6c, 0x65, 0x00, 0x66, 0x69, 0x6c, 0x6c, 0x5f, 0x72, 0x65, 0x63, 0x74, 0x00, 0x6c,
  0x69, 0x6e, 0x65, 0x00, 0x70, 0x69, 0x78, 0x65, 0x6c, 0x00, 0x72, 0x65, 0x63, 0x74, 0x00, 0x74,
  0x65, 0x78, 0x74, 0x00, 0x57, 0x69, 0x64, 0x67, 0x65, 0x74, 0x00, 0x61, 0x6c, 0x65, 0x72, 0x74,
  0x00, 0x61, 0x6d, 0x62, 0x65, 0x72, 0x00, 0x62, 0x61, 0x64, 0x67, 0x65, 0x00, 0x62, 0x61, 0x72,
  0x5f, 0x63, 0x68, 0x61, 0x72, 0x74, 0x00, 0x62, 0x61, 0x74, 0x74, 0x65, 0x72, 0x79, 0x00, 0x62,
  0x67, 0x00, 0x62, 0x69, 0x67, 0x5f, 0x74, 0x65, 0x78, 0x74, 0x00, 0x62, 0x6f, 0x64, 0x79, 0x5f,
  0x62, 0x6f, 0x74, 0x74, 0x6f, 0x6d, 0x00, 0x62, 0x6f, 0x64, 0x79, 0x5f, 0x68, 0x65, 0x69, 0x67,
  0x68, 0x74, 0x00, 0x62, 0x6f, 0x64, 0x79, 0x5f, 0x74, 0x6f, 0x70, 0x00, 0x62, 0x75, 0x73, 0x79,
  0x00, 0x62, 0x75, 0x74, 0x74, 0x6f, 0x6e, 0x00, 0x63, 0x65, 0x6c, 0x6c, 0x00, 0x63, 0x65, 0x6e,
  0x74, 0x65, 0x72, 0x5f, 0x6c, 0x69, 0x6e, 0x65, 0x73, 0x00, 0x63, 0x68, 0x61, 0x72, 0x5f, 0x77,
  0x69, 0x64, 0x74, 0x68, 0x00, 0x63, 0x68, 0x65, 0x63, 0x6b, 0x62, 0x6f, 0x78, 0x00, 0x63, 0x6c,
  0x69, 0x70, 0x00, 0x63, 0x6f, 0x6e, 0x66, 0x69, 0x72, 0x6d, 0x00, 0x64, 0x61, 0x72, 0x6b, 0x00,
  0x64, 0x69, 0x61, 0x6c, 0x6f, 0x67, 0x00, 0x64, 0x69, 0x6d, 0x00, 0x66, 0x69, 0x65, 0x6c, 0x64,
  0x00, 0x66, 0x6f, 0x6f, 0x74, 0x65, 0x72, 0x00, 0x67, 0x61, 0x75, 0x67, 0x65, 0x00, 0x67, 0x6f,
  0x6c, 0x64, 0x00, 0x68, 0x65, 0x61, 0x64, 0x65, 0x72, 0x00, 0x68, 0x65, 0x61, 0x64, 0x65, 0x72,
  0x5f, 0x68, 0x65, 0x69, 0x67, 0x68, 0x74, 0x00, 0x68, 0x69, 0x6e, 0x74, 0x73, 0x00, 0x68, 0x73,
  0x63, 0x72, 0x6f, 0x6c, 0x6c, 0x62, 0x61, 0x72, 0x00, 0x69, 0x6e, 0x70, 0x75, 0x74, 0x00, 0x69,
  0x6e, 0x70, 0x75, 0x74, 0x5f, 0x6e, 0x75, 0x6d, 0x62, 0x65, 0x72, 0x00, 0x6c, 0x69, 0x6e, 0x65,
  0x5f, 0x63, 0x68, 0x61, 0x72, 0x74, 0x00, 0x6d, 0x61, 0x72, 0x71, 0x75, 0x65, 0x65, 0x00, 0x6d,
  0x65, 0x6e, 0x75, 0x00, 0x70, 0x61, 0x67, 0x65, 0x5f, 0x64, 0x6f, 0x74, 0x73, 0x00, 0x70, 0x61,
  0x6e, 0x65, 0x6c, 0x00, 0x72, 0x61, 0x64, 0x69, 0x6f, 0x00, 0x72, 0x65, 0x61, 0x64, 0x5f, 0x6b,
  0x65, 0x79, 0x00, 0x72, 0x6f, 0x77, 0x5f, 0x68, 0x65, 0x69, 0x67, 0x68, 0x74, 0x00, 0x73, 0x63,
  0x72, 0x6f, 0x6c, 0x6c, 0x62, 0x61, 0x72, 0x00, 0x73, 0x65, 0x70, 0x61, 0x72, 0x61, 0x74, 0x6f,
  0x72, 0x00, 0x73, 0x6c, 0x69, 0x64, 0x65, 0x72, 0x00, 0x73, 0x70, 0x69, 0x6e, 0x6e, 0x65, 0x72,
  0x00, 0x73, 0x70, 0x6c, 0x61, 0x73, 0x68, 0x00, 0x74, 0x61, 0x62, 0x6c, 0x65, 0x5f, 0x68, 0x65,
  0x61, 0x64, 0x65, 0x72, 0x00, 0x74, 0x61, 0x62, 0x6c, 0x65, 0x5f, 0x72, 0x6f, 0x77, 0x00, 0x74,
  0x61, 0x62, 0x73, 0x00, 0x74, 0x65, 0x78, 0x74, 0x5f, 0x63, 0x65, 0x6e, 0x74, 0x65, 0x72, 0x00,
  0x74, 0x65, 0x78, 0x74, 0x5f, 0x72, 0x69, 0x67, 0x68, 0x74, 0x00, 0x74, 0x65, 0x78, 0x74, 0x5f,
  0x77, 0x69, 0x64, 0x74, 0x68, 0x00, 0x74, 0x69, 0x74, 0x6c, 0x65, 0x64, 0x5f, 0x70, 0x61, 0x6e,
  0x65, 0x6c, 0x00, 0x74, 0x6f, 0x61, 0x73, 0x74, 0x00, 0x74, 0x6f, 0x67, 0x67, 0x6c, 0x65, 0x00,
  0x76, 0x73, 0x65, 0x70, 0x61, 0x72, 0x61, 0x74, 0x6f, 0x72, 0x00, 0x77, 0x72, 0x61, 0x70, 0x5f,
  0x74, 0x65, 0x78, 0x74, 0x00, 0x57, 0x69, 0x64, 0x67, 0x65, 0x74, 0x4c, 0x69, 0x73, 0x74, 0x00,
  0x61, 0x64, 0x64, 0x00, 0x61, 0x72, 0x65, 0x61, 0x00, 0x64, 0x72, 0x61, 0x77, 0x00, 0x65, 0x6d,
  0x70, 0x74, 0x79, 0x5f, 0x74, 0x65, 0x78, 0x74, 0x3d, 0x00, 0x68, 0x61, 0x6e, 0x64, 0x6c, 0x65,
  0x00, 0x69, 0x6e, 0x64, 0x65, 0x78, 0x3d, 0x00, 0x6d, 0x61, 0x72, 0x6b, 0x00, 0x6d, 0x61, 0x72,
  0x6b, 0x65, 0x64, 0x3f, 0x00, 0x73, 0x68, 0x6f, 0x77, 0x5f, 0x6d, 0x61, 0x72, 0x6b, 0x73, 0x3d,
  0x00, 0x74, 0x6f, 0x67, 0x67, 0x6c, 0x65, 0x5f, 0x6d, 0x61, 0x72, 0x6b, 0x00, 0x74, 0x6f, 0x70,
  0x00, 0x57, 0x69, 0x64, 0x67, 0x65, 0x74, 0x54, 0x65, 0x78, 0x74, 0x56, 0x69, 0x65, 0x77, 0x00,
  0x73, 0x63, 0x72, 0x6f, 0x6c, 0x6c, 0x00, 0x73, 0x63, 0x72, 0x6f, 0x6c, 0x6c, 0x3d, 0x00, 0x74,
  0x65, 0x78, 0x74, 0x3d, 0x00,
};

const char ti_builtin_signature_pool[] = {
  0x00, 0x21, 0x3d, 0x3a, 0x20, 0x28, 0x75, 0x6e, 0x74, 0x79, 0x70, 0x65, 0x64, 0x20, 0x6f, 0x74,
  0x68, 0x65, 0x72, 0x29, 0x20, 0x2d, 0x3e, 0x20, 0x62, 0x6f, 0x6f, 0x6c, 0x00, 0x3c, 0x3d, 0x3e,
  0x3a, 0x20, 0x28, 0x75, 0x6e, 0x74, 0x79, 0x70, 0x65, 0x64, 0x20, 0x6f, 0x74, 0x68, 0x65, 0x72,
  0x29, 0x20, 0x2d, 0x3e, 0x20, 0x49, 0x6e, 0x74, 0x65, 0x67, 0x65, 0x72, 0x00, 0x3d, 0x3d, 0x3a,
  0x20, 0x28, 0x75, 0x6e, 0x74, 0x79, 0x70, 0x65, 0x64, 0x20, 0x6f, 0x74, 0x68, 0x65, 0x72, 0x29,
  0x20, 0x2d, 0x3e, 0x20, 0x62, 0x6f, 0x6f, 0x6c, 0x00, 0x3d, 0x3d, 0x3d, 0x3a, 0x20, 0x28, 0x75,
  0x6e, 0x74, 0x79, 0x70, 0x65, 0x64, 0x20, 0x6f, 0x74, 0x68, 0x65, 0x72, 0x29, 0x20, 0x2d, 0x3e,
  0x20, 0x62, 0x6f, 0x6f, 0x6c, 0x00, 0x5f, 0x5f, 0x69, 0x64, 0x5f, 0x5f, 0x3a, 0x20, 0x28, 0x29,
  0x20, 0x2d, 0x3e, 0x20, 0x49, 0x6e, 0x74, 0x65, 0x67, 0x65, 0x72, 0x00, 0x61, 0x6c, 0x69, 0x61,
  0x73, 0x5f, 0x6d, 0x65, 0x74, 0x68, 0x6f, 0x64, 0x3a, 0x20, 0x28, 0x53, 0x79, 0x6d, 0x62, 0x6f,
  0x6c, 0x20, 0x7c, 0x20, 0x53, 0x74, 0x72, 0x69, 0x6e, 0x67, 0x20, 0x6e, 0x65, 0x77, 0x5f, 0x6e,
  0x61, 0x6d, 0x65, 0x2c, 0x20, 0x53, 0x79, 0x6d, 0x62, 0x6f, 0x6c, 0x20, 0x7c, 0x20, 0x53, 0x74,
  0x72, 0x69, 0x6e, 0x67, 0x20, 0x6f, 0x6c, 0x64, 0x5f, 0x6e, 0x61, 0x6d, 0x65, 0x29, 0x20, 0x2d,
  0x3e, 0x20, 0x53, 0x79, 0x6d, 0x62, 0x6f, 0x6c, 0x00, 0x61, 0x74, 0x74, 0x72, 0x5f, 0x61, 0x63,
  0x63, 0x65, 0x73, 0x73, 0x6f, 0x72, 0x3a, 0x20, 0x28, 0x2a, 0x53, 0x79, 0x6d, 0x62, 0x6f, 0x6c,
  0x20, 0x6e, 0x61, 0x6d, 0x65, 0x73, 0x29, 0x20, 0x2d, 0x3e, 0x20, 0x6e, 0x69, 0x6c, 0x00, 0x61,
  0x74, 0x74, 0x72, 0x5f, 0x72, 0x65, 0x61, 0x64, 0x65, 0x72, 0x3a, 0x20, 0x28, 0x2a, 0x53, 0x79,
  0x6d, 0x62, 0x6f, 0x6c, 0x20, 0x6e, 0x61, 0x6d, 0x65, 0x73, 0x29, 0x20, 0x2d, 0x3e, 0x20, 0x6e,
  0x69, 0x6c, 0x00, 0x62, 0x6c, 0x6f, 0x63, 0x6b, 0x5f, 0x67, 0x69, 0x76, 0x65, 0x6e, 0x3f, 0x3a,
  0x20, 0x28, 0x29, 0x20, 0x2d, 0x3e, 0x20, 0x62, 0x6f, 0x6f, 0x6c, 0x00, 0x63, 0x6c, 0x61, 0x73,
  0x73, 0x3a, 0x20, 0x28, 0x29, 0x20, 0x2d, 0x3e, 0x20, 0x53, 0x74, 0x72, 0x69, 0x6e, 0x67, 0x00,
  0x63, 0x6c, 0x61, 0x73, 0x73, 0x3f, 0x3a, 0x20, 0x28, 0x29, 0x20, 0x2d, 0x3e, 0x20, 0x62, 0x6f,
  0x6f, 0x6c, 0x00, 0x63, 0x6f, 0x6e, 0x73, 0x74, 0x5f, 0x64, 0x65, 0x66, 0x69, 0x6e, 0x65, 0x64,
  0x3f, 0x3a, 0x20, 0x28, 0x53, 0x79, 0x6d, 0x62, 0x6f, 0x6c, 0x20, 0x7c, 0x20, 0x53, 0x74, 0x72,
  0x69, 0x6e, 0x67, 0x20, 0x6e, 0x61, 0x6d, 0x65, 0x29, 0x20, 0x2d, 0x3e, 0x20, 0x62, 0x6f, 0x6f,
  0x6c, 0x00, 0x63, 0x6f, 0x6e, 0x73, 0x74, 0x5f, 0x67, 0x65, 0x74, 0x3a, 0x20, 0x28, 0x53, 0x79,
  0x6d, 0x62, 0x6f, 0x6c, 0x20, 0x6e, 0x61, 0x6d, 0x65, 0x29, 0x20, 0x2d, 0x3e, 0x20, 0x75, 0x6e,
  0x74, 0x79, 0x70, 0x65, 0x64, 0x00, 0x64, 0x75, 0x70, 0x3a, 0x20, 0x28, 0x29, 0x20, 0x2d, 0x3e,
  0x20, 0x73, 0x65, 0x6c, 0x66, 0x00, 0x65, 0x78, 0x69, 0x74, 0x3a, 0x20, 0x28, 0x3f, 0x49, 0x6e,
  0x74, 0x65, 0x67, 0x65, 0x72, 0x20, 0x73, 0x74, 0x61, 0x74, 0x75, 0x73, 0x29, 0x20, 0x2d, 0x3e,
  0x20, 0x6e, 0x69, 0x6c, 0x00, 0x65, 0x78, 0x74, 0x65, 0x6e, 0x64, 0x3a, 0x20, 0x28, 0x2a, 0x75,
  0x6e, 0x74, 0x79, 0x70, 0x65, 0x64, 0x20, 0x6d, 0x6f, 0x64, 0x75, 0x6c, 0x65, 0x73, 0x29, 0x20,
  0x2d, 0x3e, 0x20, 0x6e, 0x69, 0x6c, 0x00, 0x69, 0x6e, 0x63, 0x6c, 0x75, 0x64, 0x65, 0x3a, 0x20,
  0x28, 0x2a, 0x75, 0x6e, 0x74, 0x79, 0x70, 0x65, 0x64, 0x20, 0x6d, 0x6f, 0x64, 0x75, 0x6c, 0x65,
  0x73, 0x29, 0x20, 0x2d, 0x3e, 0x20, 0x6e, 0x69, 0x6c, 0x00, 0x69, 0x6e, 0x73, 0x70, 0x65, 0x63,
  0x74, 0x3a, 0x20, 0x28, 0x29, 0x20, 0x2d, 0x3e, 0x20, 0x53, 0x74, 0x72, 0x69, 0x6e, 0x67, 0x00,
  0x69, 0x6e, 0x73, 0x74, 0x61, 0x6e, 0x63, 0x65, 0x5f, 0x65, 0x76, 0x61, 0x6c, 0x3a, 0x20, 0x28,
  0x29, 0x20, 0x7b, 0x20, 0x28, 0x73, 0x65, 0x6c, 0x66, 0x29, 0x20, 0x2d, 0x3e, 0x20, 0x75, 0x6e,
  0x74, 0x79, 0x70, 0x65, 0x64, 0x20, 0x7d, 0x20, 0x2d, 0x3e, 0x20, 0x4f, 0x62, 0x6a, 0x65, 0x63,
  0x74, 0x00, 0x69, 0x6e, 0x73, 0x74, 0x61, 0x6e, 0x63, 0x65, 0x5f, 0x6f, 0x66, 0x3f, 0x3a, 0x20,
  0x28, 0x43, 0x6c, 0x61, 0x73, 0x73, 0x20, 0x6b, 0x6c, 0x61, 0x73, 0x73, 0x29, 0x20, 0x2d, 0x3e,
  0x20, 0x62, 0x6f, 0x6f, 0x6c, 0x00, 0x69, 0x6e, 0x73, 0x74, 0x61, 0x6e, 0x63, 0x65, 0x5f, 0x76,
  0x61, 0x72, 0x69, 0x61, 0x62, 0x6c, 0x65, 0x5f, 0x67, 0x65, 0x74, 0x3a, 0x20, 0x28, 0x53, 0x79,
  0x6d, 0x62, 0x6f, 0x6c, 0x20, 0x7c, 0x20, 0x53, 0x74, 0x72, 0x69, 0x6e, 0x67, 0x20, 0x6e, 0x61,
  0x6d, 0x65, 0x29, 0x20, 0x2d, 0x3e, 0x20, 0x75, 0x6e, 0x74, 0x79, 0x70, 0x65, 0x64, 0x00, 0x69,
  0x6e, 0x73, 0x74, 0x61, 0x6e, 0x63, 0x65, 0x5f, 0x76, 0x61, 0x72, 0x69, 0x61, 0x62, 0x6c, 0x65,
  0x5f, 0x73, 0x65, 0x74, 0x3a, 0x20, 0x28, 0x53, 0x79, 0x6d, 0x62, 0x6f, 0x6c, 0x20, 0x7c, 0x20,
  0x53, 0x74, 0x72, 0x69, 0x6e, 0x67, 0x20, 0x6e, 0x61, 0x6d, 0x65, 0x2c, 0x20, 0x75, 0x6e, 0x74,
  0x79, 0x70, 0x65, 0x64, 0x20, 0x76, 0x61, 0x6c, 0x75, 0x65, 0x29, 0x20, 0x2d, 0x3e, 0x20, 0x75,
  0x6e, 0x74, 0x79, 0x70, 0x65, 0x64, 0x00, 0x69, 0x6e, 0x73, 0x74, 0x61, 0x6e, 0x63, 0x65, 0x5f,
  0x76, 0x61, 0x72, 0x69, 0x61, 0x62, 0x6c, 0x65, 0x73, 0x3a, 0x20, 0x28, 0x29, 0x20, 0x2d, 0x3e,
  0x20, 0x41, 0x72, 0x72, 0x61, 0x79, 0x5b, 0x53, 0x79, 0x6d, 0x62, 0x6f, 0x6c, 0x5d, 0x00, 0x69,
  0x73, 0x5f, 0x61, 0x3f, 0x3a, 0x20, 0x28, 0x75, 0x6e, 0x74, 0x79, 0x70, 0x65, 0x64, 0x20, 0x63,
  0x6c, 0x61, 0x73, 0x73, 0x5f, 0x6f, 0x72, 0x5f, 0x6d, 0x6f, 0x64, 0x75, 0x6c, 0x65, 0x29, 0x20,
  0x2d, 0x3e, 0x20, 0x62, 0x6f, 0x6f, 0x6c, 0x00, 0x6c, 0x6f, 0x6f, 0x70, 0x3a, 0x20, 0x28, 0x29,
  0x20, 0x7b, 0x20, 0x28, 0x6e, 0x69, 0x6c, 0x20, 0x76, 0x61, 0x6c, 0x75, 0x65, 0x29, 0x20, 0x2d,
  0x3e, 0x20, 0x75, 0x6e, 0x74, 0x79, 0x70, 0x65, 0x64, 0x20, 0x7d, 0x20, 0x2d, 0x3e, 0x20, 0x6e,
  0x69, 0x6c, 0x00, 0x6d, 0x65, 0x74, 0x68, 0x6f, 0x64, 0x73, 0x3a, 0x20, 0x28, 0x29, 0x20, 0x2d,
  0x3e, 0x20, 0x41, 0x72, 0x72, 0x61, 0x79, 0x5b, 0x53, 0x79, 0x6d, 0x62, 0x6f, 0x6c, 0x5d, 0x00,
  0x6e, 0x69, 0x6c, 0x3f, 0x3a, 0x20, 0x28, 0x29, 0x20, 0x2d, 0x3e, 0x20, 0x62, 0x6f, 0x6f, 0x6c,
  0x00, 0x6f, 0x62, 0x6a, 0x65, 0x63, 0x74, 0x5f, 0x69, 0x64, 0x3a, 0x20, 0x28, 0x29, 0x20, 0x2d,
  0x3e, 0x20, 0x49, 0x6e, 0x74, 0x65, 0x67, 0x65, 0x72, 0x00, 0x70, 0x72, 0x69, 0x76, 0x61, 0x74,
  0x65, 0x3a, 0x20, 0x28, 0x2a, 0x53, 0x79, 0x6d, 0x62, 0x6f, 0x6c, 0x20, 0x6e, 0x61, 0x6d, 0x65,
  0x73, 0x29, 0x20, 0x2d, 0x3e, 0x20, 0x6e, 0x69, 0x6c, 0x00, 0x70, 0x75, 0x62, 0x6c, 0x69, 0x63,
  0x3a, 0x20, 0x28, 0x2a, 0x53, 0x79, 0x6d, 0x62, 0x6f, 0x6c, 0x20, 0x6e, 0x61, 0x6d, 0x65, 0x73,
  0x29, 0x20, 0x2d, 0x3e, 0x20, 0x6e, 0x69, 0x6c, 0x00, 0x72, 0x61, 0x69, 0x73, 0x65, 0x3a, 0x20,
  0x28, 0x3f, 0x75, 0x6e, 0x74, 0x79, 0x70, 0x65, 0x64, 0x20, 0x65, 0x78, 0x63, 0x65, 0x70, 0x74,
  0x69, 0x6f, 0x6e, 0x2c, 0x20, 0x3f, 0x53, 0x74, 0x72, 0x69, 0x6e, 0x67, 0x20, 0x6d, 0x65, 0x73,
  0x73, 0x61, 0x67, 0x65, 0x29, 0x20, 0x2d, 0x3e, 0x20, 0x62, 0x6f, 0x74, 0x00, 0x72, 0x65, 0x6c,
  0x69, 0x6e, 0x71, 0x75, 0x69, 0x73, 0x68, 0x3a, 0x20, 0x28, 0x29, 0x20, 0x2d, 0x3e, 0x20, 0x62,
  0x6f, 0x6f, 0x6c, 0x00, 0x72, 0x65, 0x73, 0x70, 0x6f, 0x6e, 0x64, 0x5f, 0x74, 0x6f, 0x3f, 0x3a,
  0x20, 0x28, 0x53, 0x79, 0x6d, 0x62, 0x6f, 0x6c, 0x20, 0x7c, 0x20, 0x53, 0x74, 0x72, 0x69, 0x6e,
  0x67, 0x20, 0x6e, 0x61, 0x6d, 0x65, 0x29, 0x20, 0x2d, 0x3e, 0x20, 0x62, 0x6f, 0x6f, 0x6c, 0x00,
  0x73, 0x65, 0x6e, 0x64, 0x3a, 0x20, 0x28, 0x53, 0x79, 0x6d, 0x62, 0x6f, 0x6c, 0x20, 0x7c, 0x20,
  0x53, 0x74, 0x72, 0x69, 0x6e, 0x67, 0x20, 0x6e, 0x61, 0x6d, 0x65, 0x2c, 0x20, 0x2a, 0x75, 0x6e,
  0x74, 0x79, 0x70, 0x65, 0x64, 0x20, 0x61, 0x72, 0x67, 0x73, 0x29, 0x20, 0x2d, 0x3e, 0x20, 0x75,
  0x6e, 0x74, 0x79, 0x70, 0x65, 0x64, 0x00, 0x73, 0x6c, 0x65, 0x65, 0x70, 0x3a, 0x20, 0x28, 0x49,
  0x6e, 0x74, 0x65, 0x67, 0x65, 0x72, 0x20, 0x7c, 0x20, 0x46, 0x6c, 0x6f, 0x61, 0x74, 0x20, 0x64,
  0x75, 0x72, 0x61, 0x74, 0x69, 0x6f, 0x6e, 0x29, 0x20, 0x2d, 0x3e, 0x20, 0x49, 0x6e, 0x74, 0x65,
  0x67, 0x65, 0x72, 0x00, 0x73, 0x6c, 0x65, 0x65, 0x70, 0x5f, 0x6d, 0x73, 0x3a, 0x20, 0x28, 0x49,
  0x6e, 0x74, 0x65, 0x67, 0x65, 0x72, 0x20, 0x6d, 0x69, 0x6c, 0x6c, 0x69, 0x73, 0x65, 0x63, 0x6f,
  0x6e, 0x64, 0x73, 0x29, 0x20, 0x2d, 0x3e, 0x20, 0x49, 0x6e, 0x74, 0x65, 0x67, 0x65, 0x72, 0x00,
  0x73, 0x70, 0x72, 0x69, 0x6e, 0x74, 0x66, 0x3a, 0x20, 0x28, 0x53, 0x74, 0x72, 0x69, 0x6e, 0x67,
  0x20, 0x66, 0x6f, 0x72, 0x6d, 0x61, 0x74, 0x2c, 0x20, 0x2a, 0x75, 0x6e, 0x74, 0x79, 0x70, 0x65,
  0x64, 0x20, 0x61, 0x72, 0x67, 0x75, 0x6d, 0x65, 0x6e, 0x74, 0x73, 0x29, 0x20, 0x2d, 0x3e, 0x20,
  0x53, 0x74, 0x72, 0x69, 0x6e, 0x67, 0x00, 0x74, 0x6f, 0x5f, 0x73, 0x3a, 0x20, 0x28, 0x29, 0x20,
  0x2d, 0x3e, 0x20, 0x53, 0x74, 0x72, 0x69, 0x6e, 0x67, 0x00, 0x61, 0x6e, 0x63, 0x65, 0x73, 0x74,
  0x6f, 0x72, 0x73, 0x3a, 0x20, 0x28, 0x29, 0x20, 0x2d, 0x3e, 0x20, 0x41, 0x72, 0x72, 0x61, 0x79,
  0x5b, 0x43, 0x6c, 0x61, 0x73, 0x73, 0x5d, 0x00, 0x73, 0x6c, 0x65, 0x65, 0x70, 0x3a, 0x20, 0x28,
  0x49, 0x6e, 0x74, 0x65, 0x67, 0x65, 0x72, 0x20, 0x7c, 0x20, 0x46, 0x6c, 0x6f, 0x61, 0x74, 0x29,
  0x20, 0x2d, 0x3e, 0x20, 0x49, 0x6e, 0x74, 0x65, 0x67, 0x65, 0x72, 0x00, 0x73, 0x6c, 0x65, 0x65,
  0x70, 0x5f, 0x6d, 0x73, 0x3a, 0x20, 0x28, 0x49, 0x6e, 0x74, 0x65, 0x67, 0x65, 0x72, 0x29, 0x20,
  0x2d, 0x3e, 0x20, 0x49, 0x6e, 0x74, 0x65, 0x67, 0x65, 0x72, 0x00, 0x25, 0x3a, 0x20, 0x28, 0x49,
  0x6e, 0x74, 0x65, 0x67, 0x65, 0x72, 0x20, 0x7c, 0x20, 0x46, 0x6c, 0x6f, 0x61, 0x74, 0x20, 0x6f,
  0x74, 0x68, 0x65, 0x72, 0x29, 0x20, 0x2d, 0x3e, 0x20, 0x28, 0x49, 0x6e, 0x74, 0x65, 0x67, 0x65,
  0x72, 0x20, 0x7c, 0x20, 0x46, 0x6c, 0x6f, 0x61, 0x74, 0x29, 0x00, 0x26, 0x3a, 0x20, 0x28, 0x49,
  0x6e, 0x74, 0x65, 0x67, 0x65, 0x72, 0x20, 0x6f, 0x74, 0x68, 0x65, 0x72, 0x29, 0x20, 0x2d, 0x3e,
  0x20, 0x49, 0x6e, 0x74, 0x65, 0x67, 0x65, 0x72, 0x00, 0x2a, 0x3a, 0x20, 0x28, 0x49, 0x6e, 0x74,
  0x65, 0x67, 0x65, 0x72, 0x20, 0x7c, 0x20, 0x46, 0x6c, 0x6f, 0x61, 0x74, 0x20, 0x6f, 0x74, 0x68,
  0x65, 0x72, 0x29, 0x20, 0x2d, 0x3e, 0x20, 0x28, 0x49, 0x6e, 0x74, 0x65, 0x67, 0x65, 0x72, 0x20,
  0x7c, 0x20, 0x46, 0x6c, 0x6f, 0x61, 0x74, 0x29, 0x00, 0x2a, 0x2a, 0x3a, 0x20, 0x28, 0x49, 0x6e,
  0x74, 0x65, 0x67, 0x65, 0x72, 0x20, 0x7c, 0x20, 0x46, 0x6c, 0x6f, 0x61, 0x74, 0x20, 0x6f, 0x74,
  0x68, 0x65, 0x72, 0x29, 0x20, 0x2d, 0x3e, 0x20, 0x49, 0x6e, 0x74, 0x65, 0x67, 0x65, 0x72, 0x00,
  0x2b, 0x3a, 0x20, 0x28, 0x49, 0x6e, 0x74, 0x65, 0x67, 0x65, 0x72, 0x20, 0x7c, 0x20, 0x46, 0x6c,
  0x6f, 0x61, 0x74, 0x20, 0x6f, 0x74, 0x68, 0x65, 0x72, 0x29, 0x20, 0x2d, 0x3e, 0x20, 0x28, 0x49,
  0x6e, 0x74, 0x65, 0x67, 0x65, 0x72, 0x20, 0x7c, 0x20, 0x46, 0x6c, 0x6f, 0x61, 0x74, 0x29, 0x00,
  0x2b, 0x40, 0x3a, 0x20, 0x28, 0x29, 0x20, 0x2d, 0x3e, 0x20, 0x49, 0x6e, 0x74, 0x65, 0x67, 0x65,
  0x72, 0x00, 0x2d, 0x3a, 0x20, 0x28, 0x49, 0x6e, 0x74, 0x65, 0x67, 0x65, 0x72, 0x20, 0x7c, 0x20,
  0x46, 0x6c, 0x6f, 0x61, 0x74, 0x20, 0x6f, 0x74, 0x68, 0x65, 0x72, 0x29, 0x20, 0x2d, 0x3e, 0x20,
  0x28, 0x49, 0x6e, 0x74, 0x65, 0x67, 0x65, 0x72, 0x20, 0x7c, 0x20, 0x46, 0x6c, 0x6f, 0x61, 0x74,
  0x29, 0x00, 0x2d, 0x40, 0x3a, 0x20, 0x28, 0x29, 0x20, 0x2d, 0x3e, 0x20, 0x49, 0x6e, 0x74, 0x65,
  0x67, 0x65, 0x72, 0x00, 0x2f, 0x3a, 0x20, 0x28, 0x49, 0x6e, 0x74, 0x65, 0x67, 0x65, 0x72, 0x20,
  0x7c, 0x20, 0x46, 0x6c, 0x6f, 0x61, 0x74, 0x20, 0x6f, 0x74, 0x68, 0x65, 0x72, 0x29, 0x20, 0x2d,
  0x3e, 0x20, 0x28, 0x49, 0x6e, 0x74, 0x65, 0x67, 0x65, 0x72, 0x20, 0x7c, 0x20, 0x46, 0x6c, 0x6f,
  0x61, 0x74, 0x29, 0x00, 0x3c, 0x3a, 0x20, 0x28, 0x49, 0x6e, 0x74, 0x65, 0x67, 0x65, 0x72, 0x20,
  0x7c, 0x20, 0x46, 0x6c, 0x6f, 0x61, 0x74, 0x20, 0x6f, 0x74, 0x68, 0x65, 0x72, 0x29, 0x20, 0x2d,
  0x3e, 0x20, 0x62, 0x6f, 0x6f, 0x6c, 0x00, 0x3c, 0x3c, 0x3a, 0x20, 0x28, 0x49, 0x6e, 0x74, 0x65,
  0x67, 0x65, 0x72, 0x20, 0x6f, 0x74, 0x68, 0x65, 0x72, 0x29, 0x20, 0x2d, 0x3e, 0x20, 0x49, 0x6e,
  0x74, 0x65, 0x67, 0x65, 0x72, 0x00, 0x3c, 0x3d, 0x3a, 0x20, 0x28, 0x49, 0x6e, 0x74, 0x65, 0x67,
  0x65, 0x72, 0x20, 0x7c, 0x20, 0x46, 0x6c, 0x6f, 0x61, 0x74, 0x20, 0x6f, 0x74, 0x68, 0x65, 0x72,
  0x29, 0x20, 0x2d, 0x3e, 0x20, 0x62, 0x6f, 0x6f, 0x6c, 0x00, 0x3c, 0x3d, 0x3e, 0x3a, 0x20, 0x28,
  0x49, 0x6e, 0x74, 0x65, 0x67, 0x65, 0x72, 0x20, 0x7c, 0x20, 0x75, 0x6e, 0x74, 0x79, 0x70, 0x65,
  0x64, 0x20, 0x6f, 0x74, 0x68, 0x65, 0x72, 0x29, 0x20, 0x2d, 0x3e, 0x20, 0x49, 0x6e, 0x74, 0x65,
  0x67, 0x65, 0x72, 0x00, 0x3e, 0x3a, 0x20, 0x28, 0x49, 0x6e, 0x74, 0x65, 0x67, 0x65, 0x72, 0x20,
  0x7c, 0x20, 0x46, 0x6c, 0x6f, 0x61, 0x74, 0x20, 0x6f, 0x74, 0x68, 0x65, 0x72, 0x29, 0x20, 0x2d,
  0x3e, 0x20, 0x62, 0x6f, 0x6f, 0x6c, 0x00, 0x3e, 0x3d, 0x3a, 0x20, 0x28, 0x49, 0x6e, 0x74, 0x65,
  0x67, 0x65, 0x72, 0x20, 0x7c, 0x20, 0x46, 0x6c, 0x6f, 0x61, 0x74, 0x20, 0x6f, 0x74, 0x68, 0x65,
  0x72, 0x29, 0x20, 0x2d, 0x3e, 0x20, 0x62, 0x6f, 0x6f, 0x6c, 0x00, 0x3e, 0x3e, 0x3a, 0x20, 0x28,
  0x49, 0x6e, 0x74, 0x65, 0x67, 0x65, 0x72, 0x20, 0x6f, 0x74, 0x68, 0x65, 0x72, 0x29, 0x20, 0x2d,
  0x3e, 0x20, 0x49, 0x6e, 0x74, 0x65, 0x67, 0x65, 0x72, 0x00, 0x5b, 0x5d, 0x3a, 0x20, 0x28, 0x75,
  0x6e, 0x74, 0x79, 0x70, 0x65, 0x64, 0x20, 0x69, 0x6e, 0x64, 0x65, 0x78, 0x29, 0x20, 0x2d, 0x3e,
  0x20, 0x49, 0x6e, 0x74, 0x65, 0x67, 0x65, 0x72, 0x00, 0x5e, 0x3a, 0x20, 0x28, 0x49, 0x6e, 0x74,
  0x65, 0x67, 0x65, 0x72, 0x20, 0x6f, 0x74, 0x68, 0x65, 0x72, 0x29, 0x20, 0x2d, 0x3e, 0x20, 0x49,
  0x6e, 0x74, 0x65, 0x67, 0x65, 0x72, 0x00, 0x61, 0x62, 0x73, 0x3a, 0x20, 0x28, 0x29, 0x20, 0x2d,
  0x3e, 0x20, 0x49, 0x6e, 0x74, 0x65, 0x67, 0x65, 0x72, 0x00, 0x63, 0x68, 0x72, 0x3a, 0x20, 0x28,
  0x29, 0x20, 0x2d, 0x3e, 0x20, 0x53, 0x74, 0x72, 0x69, 0x6e, 0x67, 0x00, 0x64, 0x6f, 0x77, 0x6e,
  0x74, 0x6f, 0x3a, 0x20, 0x28, 0x49, 0x6e, 0x74, 0x65, 0x67, 0x65, 0x72, 0x20, 0x6c, 0x69, 0x6d,
  0x69, 0x74, 0x29, 0x20, 0x7b, 0x20, 0x28, 0x49, 0x6e, 0x74, 0x65, 0x67, 0x65, 0x72, 0x20, 0x62,
  0x6c, 0x6f, 0x63, 0x6b, 0x5f, 0x6c, 0x69, 0x6d, 0x69, 0x74, 0x29, 0x20, 0x2d, 0x3e, 0x20, 0x75,
  0x6e, 0x74, 0x79, 0x70, 0x65, 0x64, 0x20, 0x7d, 0x20, 0x2d, 0x3e, 0x20, 0x49, 0x6e, 0x74, 0x65,
  0x67, 0x65, 0x72, 0x00, 0x74, 0x69, 0x6d, 0x65, 0x73, 0x3a, 0x20, 0x28, 0x29, 0x20, 0x7b, 0x20,
  0x28, 0x49, 0x6e, 0x74, 0x65, 0x67, 0x65, 0x72, 0x20, 0x69, 0x6e, 0x64, 0x65, 0x78, 0x29, 0x20,
  0x2d, 0x3e, 0x20, 0x75, 0x6e, 0x74, 0x79, 0x70, 0x65, 0x64, 0x20, 0x7d, 0x20, 0x2d, 0x3e, 0x20,
  0x49, 0x6e, 0x74, 0x65, 0x67, 0x65, 0x72, 0x00, 0x74, 0x6f, 0x5f, 0x66, 0x3a, 0x20, 0x28, 0x29,
  0x20, 0x2d, 0x3e, 0x20, 0x46, 0x6c, 0x6f, 0x61, 0x74, 0x00, 0x74, 0x6f, 0x5f, 0x69, 0x3a, 0x20,
  0x28, 0x29, 0x20, 0x2d, 0x3e, 0x20, 0x49, 0x6e, 0x74, 0x65, 0x67, 0x65, 0x72, 0x00, 0x74, 0x6f,
  0x5f, 0x73, 0x3a, 0x20, 0x28, 0x3f, 0x49, 0x6e, 0x74, 0x65, 0x67, 0x65, 0x72, 0x20, 0x62, 0x61,
  0x73, 0x65, 0x29, 0x20, 0x2d, 0x3e, 0x20, 0x53, 0x74, 0x72, 0x69, 0x6e, 0x67, 0x00, 0x7c, 0x3a,
  0x20, 0x28, 0x49, 0x6e, 0x74, 0x65, 0x67, 0x65, 0x72, 0x20, 0x6f, 0x74, 0x68, 0x65, 0x72, 0x29,
  0x20, 0x2d, 0x3e, 0x20, 0x49, 0x6e, 0x74, 0x65, 0x67, 0x65, 0x72, 0x00, 0x7e, 0x3a, 0x20, 0x28,
  0x29, 0x20, 0x2d, 0x3e, 0x20, 0x49, 0x6e, 0x74, 0x65, 0x67, 0x65, 0x72, 0x00, 0x25, 0x3a, 0x20,
  0x28, 0x49, 0x6e, 0x74, 0x65, 0x67, 0x65, 0x72, 0x20, 0x7c, 0x20, 0x46, 0x6c, 0x6f, 0x61, 0x74,
  0x20, 0x6f, 0x74, 0x68, 0x65, 0x72, 0x29, 0x20, 0x2d, 0x3e, 0x20, 0x46, 0x6c, 0x6f, 0x61, 0x74,
  0x00, 0x2a, 0x3a, 0x20, 0x28, 0x49, 0x6e, 0x74, 0x65, 0x67, 0x65, 0x72, 0x20, 0x7c, 0x20, 0x46,
  0x6c, 0x6f, 0x61, 0x74, 0x20, 0x6f, 0x74, 0x68, 0x65, 0x72, 0x29, 0x20, 0x2d, 0x3e, 0x20, 0x46,
  0x6c, 0x6f, 0x61, 0x74, 0x00, 0x2a, 0x2a, 0x3a, 0x20, 0x28, 0x49, 0x6e, 0x74, 0x65, 0x67, 0x65,
  0x72, 0x20, 0x7c, 0x20, 0x46, 0x6c, 0x6f, 0x61, 0x74, 0x20, 0x6f, 0x74, 0x68, 0x65, 0x72, 0x29,
  0x20, 0x2d, 0x3e, 0x20, 0x46, 0x6c, 0x6f, 0x61, 0x74, 0x00, 0x2b, 0x3a, 0x20, 0x28, 0x49, 0x6e,
  0x74, 0x65, 0x67, 0x65, 0x72, 0x20, 0x7c, 0x20, 0x46, 0x6c, 0x6f, 0x61, 0x74, 0x20, 0x6f, 0x74,
  0x68, 0x65, 0x72, 0x29, 0x20, 0x2d, 0x3e, 0x20, 0x46, 0x6c, 0x6f, 0x61, 0x74, 0x00, 0x2b, 0x40,
  0x3a, 0x20, 0x28, 0x29, 0x20, 0x2d, 0x3e, 0x20, 0x46, 0x6c, 0x6f, 0x61, 0x74, 0x00, 0x2d, 0x3a,
  0x20, 0x28, 0x49, 0x6e, 0x74, 0x65, 0x67, 0x65, 0x72, 0x20, 0x7c, 0x20, 0x46, 0x6c, 0x6f, 0x61,
  0x74, 0x20, 0x6f, 0x74, 0x68, 0x65, 0x72, 0x29, 0x20, 0x2d, 0x3e, 0x20, 0x46, 0x6c, 0x6f, 0x61,
  0x74, 0x00, 0x2d, 0x40, 0x3a, 0x20, 0x28, 0x29, 0x20, 0x2d, 0x3e, 0x20, 0x46, 0x6c, 0x6f, 0x61,
  0x74, 0x00, 0x2f, 0x3a, 0x20, 0x28, 0x49, 0x6e, 0x74, 0x65, 0x67, 0x65, 0x72, 0x20, 0x7c, 0x20,
  0x46, 0x6c, 0x6f, 0x61, 0x74, 0x20, 0x6f, 0x74, 0x68, 0x65, 0x72, 0x29, 0x20, 0x2d, 0x3e, 0x20,
  0x46, 0x6c, 0x6f, 0x61, 0x74, 0x00, 0x3c, 0x3d, 0x3e, 0x3a, 0x20, 0x28, 0x49, 0x6e, 0x74, 0x65,
  0x67, 0x65, 0x72, 0x20, 0x7c, 0x20, 0x46, 0x6c, 0x6f, 0x61, 0x74, 0x20, 0x6f, 0x74, 0x68, 0x65,
  0x72, 0x29, 0x20, 0x2d, 0x3e, 0x20, 0x28, 0x49, 0x6e, 0x74, 0x65, 0x67, 0x65, 0x72, 0x20, 0x7c,
  0x20, 0x6e, 0x69, 0x6c, 0x29, 0x00, 0x61, 0x62, 0x73, 0x3a, 0x20, 0x28, 0x29, 0x20, 0x2d, 0x3e,
  0x20, 0x46, 0x6c, 0x6f, 0x61, 0x74, 0x00, 0x21, 0x3a, 0x20, 0x28, 0x29, 0x20, 0x2d, 0x3e, 0x20,
  0x62, 0x6f, 0x6f, 0x6c, 0x00, 0x2a, 0x3a, 0x20, 0x28, 0x49, 0x6e, 0x74, 0x65, 0x67, 0x65, 0x72,
  0x20, 0x63, 0x6f, 0x75, 0x6e, 0x74, 0x29, 0x20, 0x2d, 0x3e, 0x20, 0x53, 0x74, 0x72, 0x69, 0x6e,
  0x67, 0x00, 0x2a, 0x2a, 0x3a, 0x20, 0x28, 0x49, 0x6e, 0x74, 0x65, 0x67, 0x65, 0x72, 0x20, 0x63,
  0x6f, 0x75, 0x6e, 0x74, 0x29, 0x20, 0x2d, 0x3e, 0x20, 0x53, 0x74, 0x72, 0x69, 0x6e, 0x67, 0x00,
  0x2b, 0x3a, 0x20, 0x28, 0x53, 0x74, 0x72, 0x69, 0x6e, 0x67, 0x20, 0x6f, 0x74, 0x68, 0x65, 0x72,
  0x29, 0x20, 0x2d, 0x3e, 0x20, 0x53, 0x74, 0x72, 0x69, 0x6e, 0x67, 0x00, 0x3c, 0x3a, 0x20, 0x28,
  0x53, 0x74, 0x72, 0x69, 0x6e, 0x67, 0x20, 0x6f, 0x74, 0x68, 0x65, 0x72, 0x29, 0x20, 0x2d, 0x3e,
  0x20, 0x62, 0x6f, 0x6f, 0x6c, 0x00, 0x3c, 0x3c, 0x3a, 0x20, 0x28, 0x53, 0x74, 0x72, 0x69, 0x6e,
  0x67, 0x20, 0x7c, 0x20, 0x49, 0x6e, 0x74, 0x65, 0x67, 0x65, 0x72, 0x20, 0x73, 0x74, 0x72, 0x69,
  0x6e, 0x67, 0x5f, 0x6f, 0x72, 0x5f, 0x63, 0x6f, 0x64, 0x65, 0x70, 0x6f, 0x69, 0x6e, 0x74, 0x29,
  0x20, 0x2d, 0x3e, 0x20, 0x53, 0x74, 0x72, 0x69, 0x6e, 0x67, 0x00, 0x3c, 0x3d, 0x3a, 0x20, 0x28,
  0x53, 0x74, 0x72, 0x69, 0x6e, 0x67, 0x20, 0x6f, 0x74, 0x68, 0x65, 0x72, 0x29, 0x20, 0x2d, 0x3e,
  0x20, 0x62, 0x6f, 0x6f, 0x6c, 0x00, 0x3c, 0x3d, 0x3e, 0x3a, 0x20, 0x28, 0x53, 0x74, 0x72, 0x69,
  0x6e, 0x67, 0x20, 0x6f, 0x74, 0x68, 0x65, 0x72, 0x29, 0x20, 0x2d, 0x3e, 0x20, 0x49, 0x6e, 0x74,
  0x65, 0x67, 0x65, 0x72, 0x00, 0x3e, 0x3a, 0x20, 0x28, 0x53, 0x74, 0x72, 0x69, 0x6e, 0x67, 0x20,
  0x6f, 0x74, 0x68, 0x65, 0x72, 0x29, 0x20, 0x2d, 0x3e, 0x20, 0x62, 0x6f, 0x6f, 0x6c, 0x00, 0x3e,
  0x3d, 0x3a, 0x20, 0x28, 0x53, 0x74, 0x72, 0x69, 0x6e, 0x67, 0x20, 0x6f, 0x74, 0x68, 0x65, 0x72,
  0x29, 0x20, 0x2d, 0x3e, 0x20, 0x62, 0x6f, 0x6f, 0x6c, 0x00, 0x5b, 0x5d, 0x3a, 0x20, 0x28, 0x75,
  0x6e, 0x74, 0x79, 0x70, 0x65, 0x64, 0x20, 0x69, 0x6e, 0x64, 0x65, 0x78, 0x5f, 0x6f, 0x72, 0x5f,
  0x72, 0x61, 0x6e, 0x67, 0x65, 0x29, 0x20, 0x2d, 0x3e, 0x20, 0x28, 0x53, 0x74, 0x72, 0x69, 0x6e,
  0x67, 0x20, 0x7c, 0x20, 0x6e, 0x69, 0x6c, 0x29, 0x00, 0x5b, 0x5d, 0x3d, 0x3a, 0x20, 0x28, 0x75,
  0x6e, 0x74, 0x79, 0x70, 0x65, 0x64, 0x20, 0x69, 0x6e, 0x64, 0x65, 0x78, 0x5f, 0x6f, 0x72, 0x5f,
  0x72, 0x61, 0x6e, 0x67, 0x65, 0x2c, 0x20, 0x53, 0x74, 0x72, 0x69, 0x6e, 0x67, 0x20, 0x72, 0x65,
  0x70, 0x6c, 0x61, 0x63, 0x65, 0x6d, 0x65, 0x6e, 0x74, 0x29, 0x20, 0x2d, 0x3e, 0x20, 0x53, 0x74,
  0x72, 0x69, 0x6e, 0x67, 0x00, 0x5f, 0x5f, 0x6c, 0x6a, 0x75, 0x73, 0x74, 0x5f, 0x72, 0x6a, 0x75,
  0x73, 0x74, 0x5f, 0x61, 0x72, 0x67, 0x63, 0x68, 0x65, 0x63, 0x6b, 0x3a, 0x20, 0x28, 0x49, 0x6e,
  0x74, 0x65, 0x67, 0x65, 0x72, 0x20, 0x7c, 0x20, 0x53, 0x74, 0x72, 0x69, 0x6e, 0x67, 0x20, 0x77,
  0x69, 0x64, 0x74, 0x68, 0x5f, 0x6f, 0x72, 0x5f, 0x70, 0x61, 0x64, 0x64, 0x69, 0x6e, 0x67, 0x29,
  0x20, 0x2d, 0x3e, 0x20, 0x6e, 0x69, 0x6c, 0x00, 0x62, 0x79, 0x74, 0x65, 0x73, 0x3a, 0x20, 0x28,
  0x29, 0x20, 0x2d, 0x3e, 0x20, 0x41, 0x72, 0x72, 0x61, 0x79, 0x5b, 0x49, 0x6e, 0x74, 0x65, 0x67,
  0x65, 0x72, 0x5d, 0x00, 0x63, 0x68, 0x61, 0x72, 0x73, 0x3a, 0x20, 0x28, 0x29, 0x20, 0x2d, 0x3e,
  0x20, 0x41, 0x72, 0x72, 0x61, 0x79, 0x5b, 0x53, 0x74, 0x72, 0x69, 0x6e, 0x67, 0x5d, 0x00, 0x63,
  0x68, 0x6f, 0x6d, 0x70, 0x3a, 0x20, 0x28, 0x29, 0x20, 0x2d, 0x3e, 0x20, 0x53, 0x74, 0x72, 0x69,
  0x6e, 0x67, 0x00, 0x63, 0x68, 0x6f, 0x6d, 0x70, 0x21, 0x3a, 0x20, 0x28, 0x29, 0x20, 0x2d, 0x3e,
  0x20, 0x28, 0x53, 0x74, 0x72, 0x69, 0x6e, 0x67, 0x20, 0x7c, 0x20, 0x6e, 0x69, 0x6c, 0x29, 0x00,
  0x63, 0x6c, 0x65, 0x61, 0x72, 0x3a, 0x20, 0x28, 0x29, 0x20, 0x2d, 0x3e, 0x20, 0x53, 0x74, 0x72,
  0x69, 0x6e, 0x67, 0x00, 0x64, 0x6f, 0x77, 0x6e, 0x63, 0x61, 0x73, 0x65, 0x3a, 0x20, 0x28, 0x29,
  0x20, 0x2d, 0x3e, 0x20, 0x53, 0x74, 0x72, 0x69, 0x6e, 0x67, 0x00, 0x64, 0x6f, 0x77, 0x6e, 0x63,
  0x61, 0x73, 0x65, 0x21, 0x3a, 0x20, 0x28, 0x29, 0x20, 0x2d, 0x3e, 0x20, 0x28, 0x53, 0x74, 0x72,
  0x69, 0x6e, 0x67, 0x20, 0x7c, 0x20, 0x6e, 0x69, 0x6c, 0x29, 0x00, 0x65, 0x61, 0x63, 0x68, 0x5f,
  0x62, 0x79, 0x74, 0x65, 0x3a, 0x20, 0x28, 0x29, 0x20, 0x7b, 0x20, 0x28, 0x49, 0x6e, 0x74, 0x65,
  0x67, 0x65, 0x72, 0x20, 0x62, 0x79, 0x74, 0x65, 0x29, 0x20, 0x2d, 0x3e, 0x20, 0x75, 0x6e, 0x74,
  0x79, 0x70, 0x65, 0x64, 0x20, 0x7d, 0x20, 0x2d, 0x3e, 0x20, 0x73, 0x65, 0x6c, 0x66, 0x00, 0x65,
  0x61, 0x63, 0x68, 0x5f, 0x63, 0x68, 0x61, 0x72, 0x3a, 0x20, 0x28, 0x29, 0x20, 0x7b, 0x20, 0x28,
  0x53, 0x74, 0x72, 0x69, 0x6e, 0x67, 0x20, 0x63, 0x68, 0x61, 0x72, 0x61, 0x63, 0x74, 0x65, 0x72,
  0x29, 0x20, 0x2d, 0x3e, 0x20, 0x75, 0x6e, 0x74, 0x79, 0x70, 0x65, 0x64, 0x20, 0x7d, 0x20, 0x2d,
  0x3e, 0x20, 0x73, 0x65, 0x6c, 0x66, 0x00, 0x65, 0x61, 0x63, 0x68, 0x5f, 0x6c, 0x69, 0x6e, 0x65,
  0x3a, 0x20, 0x28, 0x3f, 0x53, 0x74, 0x72, 0x69, 0x6e, 0x67, 0x20, 0x73, 0x65, 0x70, 0x61, 0x72,
  0x61, 0x74, 0x6f, 0x72, 0x2c, 0x20, 0x3f, 0x63, 0x68, 0x6f, 0x6d, 0x70, 0x3a, 0x20, 0x62, 0x6f,
  0x6f, 0x6c, 0x29, 0x20, 0x7b, 0x20, 0x28, 0x53, 0x74, 0x72, 0x69, 0x6e, 0x67, 0x20, 0x6c, 0x69,
  0x6e, 0x65, 0x29, 0x20, 0x2d, 0x3e, 0x20, 0x75, 0x6e, 0x74, 0x79, 0x70, 0x65, 0x64, 0x20, 0x7d,
  0x20, 0x2d, 0x3e, 0x20, 0x53, 0x74, 0x72, 0x69, 0x6e, 0x67, 0x00, 0x65, 0x6d, 0x70, 0x74, 0x79,
  0x3f, 0x3a, 0x20, 0x28, 0x29, 0x20, 0x2d, 0x3e, 0x20, 0x62, 0x6f, 0x6f, 0x6c, 0x00, 0x65, 0x6e,
  0x64, 0x5f, 0x77, 0x69, 0x74, 0x68, 0x3f, 0x3a, 0x20, 0x28, 0x2a, 0x53, 0x74, 0x72, 0x69, 0x6e,
  0x67, 0x20, 0x73, 0x75, 0x66, 0x66, 0x69, 0x78, 0x65, 0x73, 0x29, 0x20, 0x2d, 0x3e, 0x20, 0x53,
  0x74, 0x72, 0x69, 0x6e, 0x67, 0x00, 0x67, 0x65, 0x74, 0x62, 0x79, 0x74, 0x65, 0x3a, 0x20, 0x28,
  0x49, 0x6e, 0x74, 0x65, 0x67, 0x65, 0x72, 0x20, 0x69, 0x6e, 0x64, 0x65, 0x78, 0x29, 0x20, 0x2d,
  0x3e, 0x20, 0x28, 0x49, 0x6e, 0x74, 0x65, 0x67, 0x65, 0x72, 0x20, 0x7c, 0x20, 0x6e, 0x69, 0x6c,
  0x29, 0x00, 0x69, 0x6e, 0x63, 0x6c, 0x75, 0x64, 0x65, 0x3f, 0x3a, 0x20, 0x28, 0x53, 0x74, 0x72,
  0x69, 0x6e, 0x67, 0x20, 0x6f, 0x74, 0x68, 0x65, 0x72, 0x29, 0x20, 0x2d, 0x3e, 0x20, 0x62, 0x6f,
  0x6f, 0x6c, 0x00, 0x69, 0x6e, 0x64, 0x65, 0x78, 0x3a, 0x20, 0x28, 0x53, 0x74, 0x72, 0x69, 0x6e,
  0x67, 0x20, 0x7c, 0x20, 0x49, 0x6e, 0x74, 0x65, 0x67, 0x65, 0x72, 0x20, 0x73, 0x75, 0x62, 0x73,
  0x74, 0x72, 0x69, 0x6e, 0x67, 0x5f, 0x6f, 0x72, 0x5f, 0x63, 0x6f, 0x64, 0x65, 0x70, 0x6f, 0x69,
  0x6e, 0x74, 0x2c, 0x20, 0x3f, 0x49, 0x6e, 0x74, 0x65, 0x67, 0x65, 0x72, 0x20, 0x6f, 0x66, 0x66,
  0x73, 0x65, 0x74, 0x29, 0x20, 0x2d, 0x3e, 0x20, 0x28, 0x49, 0x6e, 0x74, 0x65, 0x67, 0x65, 0x72,
  0x20, 0x7c, 0x20, 0x6e, 0x69, 0x6c, 0x29, 0x00, 0x69, 0x6e, 0x74, 0x65, 0x72, 0x6e, 0x3a, 0x20,
  0x28, 0x29, 0x20, 0x2d, 0x3e, 0x20, 0x53, 0x79, 0x6d, 0x62, 0x6f, 0x6c, 0x00, 0x6c, 0x65, 0x6e,
  0x67, 0x74, 0x68, 0x3a, 0x20, 0x28, 0x29, 0x20, 0x2d, 0x3e, 0x20, 0x49, 0x6e, 0x74, 0x65, 0x67,
  0x65, 0x72, 0x00, 0x6c, 0x6a, 0x75, 0x73, 0x74, 0x3a, 0x20, 0x28, 0x49, 0x6e, 0x74, 0x65, 0x67,
  0x65, 0x72, 0x20, 0x77, 0x69, 0x64, 0x74, 0x68, 0x2c, 0x20, 0x3f, 0x53, 0x74, 0x72, 0x69, 0x6e,
  0x67, 0x20, 0x70, 0x61, 0x64, 0x64, 0x69, 0x6e, 0x67, 0x29, 0x20, 0x2d, 0x3e, 0x20, 0x53, 0x74,
  0x72, 0x69, 0x6e, 0x67, 0x00, 0x6c, 0x73, 0x74, 0x72, 0x69, 0x70, 0x3a, 0x20, 0x28, 0x29, 0x20,
  0x2d, 0x3e, 0x20, 0x53, 0x74, 0x72, 0x69, 0x6e, 0x67, 0x00, 0x6c, 0x73, 0x74, 0x72, 0x69, 0x70,
  0x21, 0x3a, 0x20, 0x28, 0x29, 0x20, 0x2d, 0x3e, 0x20, 0x28, 0x53, 0x74, 0x72, 0x69, 0x6e, 0x67,
  0x20, 0x7c, 0x20, 0x6e, 0x69, 0x6c, 0x29, 0x00, 0x6f, 0x72, 0x64, 0x3a, 0x20, 0x28, 0x29, 0x20,
  0x2d, 0x3e, 0x20, 0x49, 0x6e, 0x74, 0x65, 0x67, 0x65, 0x72, 0x00, 0x72, 0x6a, 0x75, 0x73, 0x74,
  0x3a, 0x20, 0x28, 0x49, 0x6e, 0x74, 0x65, 0x67, 0x65, 0x72, 0x20, 0x77, 0x69, 0x64, 0x74, 0x68,
  0x2c, 0x20, 0x3f, 0x53, 0x74, 0x72, 0x69, 0x6e, 0x67, 0x20, 0x70, 0x61, 0x64, 0x64, 0x69, 0x6e,
  0x67, 0x29, 0x20, 0x2d, 0x3e, 0x20, 0x53, 0x74, 0x72, 0x69, 0x6e, 0x67, 0x00, 0x72, 0x73, 0x74,
  0x72, 0x69, 0x70, 0x3a, 0x20, 0x28, 0x29, 0x20, 0x2d, 0x3e, 0x20, 0x53, 0x74, 0x72, 0x69, 0x6e,
  0x67, 0x00, 0x72, 0x73, 0x74, 0x72, 0x69, 0x70, 0x21, 0x3a, 0x20, 0x28, 0x29, 0x20, 0x2d, 0x3e,
  0x20, 0x28, 0x53, 0x74, 0x72, 0x69, 0x6e, 0x67, 0x20, 0x7c, 0x20, 0x6e, 0x69, 0x6c, 0x29, 0x00,
  0x73, 0x69, 0x7a, 0x65, 0x3a, 0x20, 0x28, 0x29, 0x20, 0x2d, 0x3e, 0x20, 0x49, 0x6e, 0x74, 0x65,
  0x67, 0x65, 0x72, 0x00, 0x73, 0x6c, 0x69, 0x63, 0x65, 0x3a, 0x20, 0x28, 0x75, 0x6e, 0x74, 0x79,
  0x70, 0x65, 0x64, 0x20, 0x69, 0x6e, 0x64, 0x65, 0x78, 0x5f, 0x6f, 0x72, 0x5f, 0x72, 0x61, 0x6e,
  0x67, 0x65, 0x29, 0x20, 0x2d, 0x3e, 0x20, 0x28, 0x53, 0x74, 0x72, 0x69, 0x6e, 0x67, 0x20, 0x7c,
  0x20, 0x6e, 0x69, 0x6c, 0x29, 0x00, 0x73, 0x70, 0x6c, 0x69, 0x74, 0x3a, 0x20, 0x28, 0x3f, 0x53,
  0x74, 0x72, 0x69, 0x6e, 0x67, 0x20, 0x73, 0x65, 0x70, 0x61, 0x72, 0x61, 0x74, 0x6f, 0x72, 0x2c,
  0x20, 0x3f, 0x49, 0x6e, 0x74, 0x65, 0x67, 0x65, 0x72, 0x20, 0x6c, 0x69, 0x6d, 0x69, 0x74, 0x29,
  0x20, 0x2d, 0x3e, 0x20, 0x41, 0x72, 0x72, 0x61, 0x79, 0x5b, 0x53, 0x74, 0x72, 0x69, 0x6e, 0x67,
  0x5d, 0x00, 0x73, 0x74, 0x61, 0x72, 0x74, 0x5f, 0x77, 0x69, 0x74, 0x68, 0x3f, 0x3a, 0x20, 0x28,
  0x2a, 0x53, 0x74, 0x72, 0x69, 0x6e, 0x67, 0x20, 0x70, 0x72, 0x65, 0x66, 0x69, 0x78, 0x65, 0x73,
  0x29, 0x20, 0x2d, 0x3e, 0x20, 0x62, 0x6f, 0x6f, 0x6c, 0x00, 0x73, 0x74, 0x72, 0x69, 0x70, 0x3a,
  0x20, 0x28, 0x29, 0x20, 0x2d, 0x3e, 0x20, 0x53, 0x74, 0x72, 0x69, 0x6e, 0x67, 0x00, 0x73, 0x74,
  0x72, 0x69, 0x70, 0x21, 0x3a, 0x20, 0x28, 0x29, 0x20, 0x2d, 0x3e, 0x20, 0x28, 0x53, 0x74, 0x72,
  0x69, 0x6e, 0x67, 0x20, 0x7c, 0x20, 0x6e, 0x69, 0x6c, 0x29, 0x00, 0x73, 0x75, 0x62, 0x3a, 0x20,
  0x28, 0x53, 0x74, 0x72, 0x69, 0x6e, 0x67, 0x20, 0x70, 0x61, 0x74, 0x74, 0x65, 0x72, 0x6e, 0x2c,
  0x20, 0x53, 0x74, 0x72, 0x69, 0x6e, 0x67, 0x20, 0x72, 0x65, 0x70, 0x6c, 0x61, 0x63, 0x65, 0x6d,
  0x65, 0x6e, 0x74, 0x29, 0x20, 0x2d, 0x3e, 0x20, 0x53, 0x74, 0x72, 0x69, 0x6e, 0x67, 0x00, 0x74,
  0x6f, 0x5f, 0x69, 0x3a, 0x20, 0x28, 0x3f, 0x49, 0x6e, 0x74, 0x65, 0x67, 0x65, 0x72, 0x20, 0x62,
  0x61, 0x73, 0x65, 0x29, 0x20, 0x2d, 0x3e, 0x20, 0x49, 0x6e, 0x74, 0x65, 0x67, 0x65, 0x72, 0x00,
  0x74, 0x6f, 0x5f, 0x73, 0x79, 0x6d, 0x3a, 0x20, 0x28, 0x29, 0x20, 0x2d, 0x3e, 0x20, 0x53, 0x79,
  0x6d, 0x62, 0x6f, 0x6c, 0x00, 0x74, 0x72, 0x3a, 0x20, 0x28, 0x53, 0x74, 0x72, 0x69, 0x6e, 0x67,
  0x20, 0x73, 0x6f, 0x75, 0x72, 0x63, 0x65, 0x2c, 0x20, 0x53, 0x74, 0x72, 0x69, 0x6e, 0x67, 0x20,
  0x72, 0x65, 0x70, 0x6c, 0x61, 0x63, 0x65, 0x6d, 0x65, 0x6e, 0x74, 0x29, 0x20, 0x2d, 0x3e, 0x20,
  0x53, 0x74, 0x72, 0x69, 0x6e, 0x67, 0x00, 0x74, 0x72, 0x21, 0x3a, 0x20, 0x28, 0x53, 0x74, 0x72,
  0x69, 0x6e, 0x67, 0x20, 0x73, 0x6f, 0x75, 0x72, 0x63, 0x65, 0x2c, 0x20, 0x53, 0x74, 0x72, 0x69,
  0x6e, 0x67, 0x20, 0x72, 0x65, 0x70, 0x6c, 0x61, 0x63, 0x65, 0x6d, 0x65, 0x6e, 0x74, 0x29, 0x20,
  0x2d, 0x3e, 0x20, 0x28, 0x53, 0x74, 0x72, 0x69, 0x6e, 0x67, 0x20, 0x7c, 0x20, 0x6e, 0x69, 0x6c,
  0x29, 0x00, 0x75, 0x70, 0x63, 0x61, 0x73, 0x65, 0x3a, 0x20, 0x28, 0x29, 0x20, 0x2d, 0x3e, 0x20,
  0x53, 0x74, 0x72, 0x69, 0x6e, 0x67, 0x00, 0x75, 0x70, 0x63, 0x61, 0x73, 0x65, 0x21, 0x3a, 0x20,
  0x28, 0x29, 0x20, 0x2d, 0x3e, 0x20, 0x28, 0x53, 0x74, 0x72, 0x69, 0x6e, 0x67, 0x20, 0x7c, 0x20,
  0x6e, 0x69, 0x6c, 0x29, 0x00, 0x3c, 0x3d, 0x3e, 0x3a, 0x20, 0x28, 0x53, 0x79, 0x6d, 0x62, 0x6f,
  0x6c, 0x20, 0x7c, 0x20, 0x75, 0x6e, 0x74, 0x79, 0x70, 0x65, 0x64, 0x20, 0x6f, 0x74, 0x68, 0x65,
  0x72, 0x29, 0x20, 0x2d, 0x3e, 0x20, 0x49, 0x6e, 0x74, 0x65, 0x67, 0x65, 0x72, 0x00, 0x26, 0x3a,
  0x20, 0x28, 0x41, 0x72, 0x72, 0x61, 0x79, 0x20, 0x6f, 0x74, 0x68, 0x65, 0x72, 0x29, 0x20, 0x2d,
  0x3e, 0x20, 0x73, 0x65, 0x6c, 0x66, 0x00, 0x2a, 0x3a, 0x20, 0x28, 0x49, 0x6e, 0x74, 0x65, 0x67,
  0x65, 0x72, 0x20, 0x7c, 0x20, 0x53, 0x74, 0x72, 0x69, 0x6e, 0x67, 0x20, 0x63, 0x6f, 0x75, 0x6e,
  0x74, 0x5f, 0x6f, 0x72, 0x5f, 0x73, 0x65, 0x70, 0x61, 0x72, 0x61, 0x74, 0x6f, 0x72, 0x29, 0x20,
  0x2d, 0x3e, 0x20, 0x28, 0x73, 0x65, 0x6c, 0x66, 0x20, 0x7c, 0x20, 0x53, 0x74, 0x72, 0x69, 0x6e,
  0x67, 0x29, 0x00, 0x2b, 0x3a, 0x20, 0x28, 0x41, 0x72, 0x72, 0x61, 0x79, 0x20, 0x6f, 0x74, 0x68,
  0x65, 0x72, 0x29, 0x20, 0x2d, 0x3e, 0x20, 0x41, 0x72, 0x72, 0x61, 0x79, 0x00, 0x2d, 0x3a, 0x20,
  0x28, 0x41, 0x72, 0x72, 0x61, 0x79, 0x20, 0x6f, 0x74, 0x68, 0x65, 0x72, 0x29, 0x20, 0x2d, 0x3e,
  0x20, 0x73, 0x65, 0x6c, 0x66, 0x00, 0x5b, 0x5d, 0x3a, 0x20, 0x28, 0x49, 0x6e, 0x74, 0x65, 0x67,
  0x65, 0x72, 0x20, 0x69, 0x6e, 0x64, 0x65, 0x78, 0x29, 0x20, 0x2d, 0x3e, 0x20, 0x75, 0x6e, 0x74,
  0x79, 0x70, 0x65, 0x64, 0x00, 0x5b, 0x5d, 0x3d, 0x3a, 0x20, 0x28, 0x75, 0x6e, 0x74, 0x79, 0x70,
  0x65, 0x64, 0x20, 0x76, 0x61, 0x6c, 0x75, 0x65, 0x29, 0x20, 0x2d, 0x3e, 0x20, 0x73, 0x65, 0x6c,
  0x66, 0x00, 0x61, 0x6c, 0x6c, 0x3f, 0x3a, 0x20, 0x28, 0x2a, 0x75, 0x6e, 0x74, 0x79, 0x70, 0x65,
  0x64, 0x20, 0x70, 0x61, 0x74, 0x74, 0x65, 0x72, 0x6e, 0x73, 0x29, 0x20, 0x7b, 0x20, 0x28, 0x75,
  0x6e, 0x74, 0x79, 0x70, 0x65, 0x64, 0x20, 0x65, 0x6c, 0x65, 0x6d, 0x65, 0x6e, 0x74, 0x29, 0x20,
  0x2d, 0x3e, 0x20, 0x75, 0x6e, 0x74, 0x79, 0x70, 0x65, 0x64, 0x20, 0x7d, 0x20, 0x2d, 0x3e, 0x20,
  0x62, 0x6f, 0x6f, 0x6c, 0x00, 0x61, 0x74, 0x3a, 0x20, 0x28, 0x49, 0x6e, 0x74, 0x65, 0x67, 0x65,
  0x72, 0x20, 0x69, 0x6e, 0x64, 0x65, 0x78, 0x29, 0x20, 0x2d, 0x3e, 0x20, 0x75, 0x6e, 0x74, 0x79,
  0x70, 0x65, 0x64, 0x00, 0x63, 0x6c, 0x65, 0x61, 0x72, 0x3a, 0x20, 0x28, 0x29, 0x20, 0x2d, 0x3e,
  0x20, 0x41, 0x72, 0x72, 0x61, 0x79, 0x00, 0x63, 0x6f, 0x6c, 0x6c, 0x65, 0x63, 0x74, 0x3a, 0x20,
  0x28, 0x29, 0x20, 0x7b, 0x20, 0x28, 0x75, 0x6e, 0x74, 0x79, 0x70, 0x65, 0x64, 0x20, 0x65, 0x6c,
  0x65, 0x6d, 0x65, 0x6e, 0x74, 0x29, 0x20, 0x2d, 0x3e, 0x20, 0x75, 0x6e, 0x74, 0x79, 0x70, 0x65,
  0x64, 0x20, 0x7d, 0x20, 0x2d, 0x3e, 0x20, 0x41, 0x72, 0x72, 0x61, 0x79, 0x5b, 0x75, 0x6e, 0x74,
  0x79, 0x70, 0x65, 0x64, 0x5d, 0x00, 0x63, 0x6f, 0x6c, 0x6c, 0x65, 0x63, 0x74, 0x21, 0x3a, 0x20,
  0x28, 0x29, 0x20, 0x7b, 0x20, 0x28, 0x75, 0x6e, 0x74, 0x79, 0x70, 0x65, 0x64, 0x20, 0x65, 0x6c,
  0x65, 0x6d, 0x65, 0x6e, 0x74, 0x29, 0x20, 0x2d, 0x3e, 0x20, 0x75, 0x6e, 0x74, 0x79, 0x70, 0x65,
  0x64, 0x20, 0x7d, 0x20, 0x2d, 0x3e, 0x20, 0x41, 0x72, 0x72, 0x61, 0x79, 0x5b, 0x75, 0x6e, 0x74,
  0x79, 0x70, 0x65, 0x64, 0x5d, 0x00, 0x63, 0x6f, 0x6e, 0x63, 0x61, 0x74, 0x3a, 0x20, 0x28, 0x41,
  0x72, 0x72, 0x61, 0x79, 0x20, 0x6f, 0x74, 0x68, 0x65, 0x72, 0x29, 0x20, 0x2d, 0x3e, 0x20, 0x41,
  0x72, 0x72, 0x61, 0x79, 0x00, 0x63, 0x6f, 0x75, 0x6e, 0x74, 0x3a, 0x20, 0x28, 0x29, 0x20, 0x2d,
  0x3e, 0x20, 0x49, 0x6e, 0x74, 0x65, 0x67, 0x65, 0x72, 0x00, 0x64, 0x65, 0x6c, 0x65, 0x74, 0x65,
  0x5f, 0x61, 0x74, 0x3a, 0x20, 0x28, 0x49, 0x6e, 0x74, 0x65, 0x67, 0x65, 0x72, 0x20, 0x69, 0x6e,
  0x64, 0x65, 0x78, 0x29, 0x20, 0x2d, 0x3e, 0x20, 0x75, 0x6e, 0x74, 0x79, 0x70, 0x65, 0x64, 0x00,
  0x64, 0x65, 0x6c, 0x65, 0x74, 0x65, 0x5f, 0x69, 0x66, 0x3a, 0x20, 0x28, 0x29, 0x20, 0x7b, 0x20,
  0x28, 0x75, 0x6e, 0x74, 0x79, 0x70, 0x65, 0x64, 0x20, 0x65, 0x6c, 0x65, 0x6d, 0x65, 0x6e, 0x74,
  0x29, 0x20, 0x2d, 0x3e, 0x20, 0x75, 0x6e, 0x74, 0x79, 0x70, 0x65, 0x64, 0x20, 0x7d, 0x20, 0x2d,
  0x3e, 0x20, 0x73, 0x65, 0x6c, 0x66, 0x00, 0x65, 0x61, 0x63, 0x68, 0x3a, 0x20, 0x28, 0x29, 0x20,
  0x7b, 0x20, 0x28, 0x75, 0x6e, 0x74, 0x79, 0x70, 0x65, 0x64, 0x20, 0x65, 0x6c, 0x65, 0x6d, 0x65,
  0x6e, 0x74, 0x29, 0x20, 0x2d, 0x3e, 0x20, 0x75, 0x6e, 0x74, 0x79, 0x70, 0x65, 0x64, 0x20, 0x7d,
  0x20, 0x2d, 0x3e, 0x20, 0x73, 0x65, 0x6c, 0x66, 0x00, 0x65, 0x61, 0x63, 0x68, 0x5f, 0x69, 0x6e,
  0x64, 0x65, 0x78, 0x3a, 0x20, 0x28, 0x29, 0x20, 0x7b, 0x20, 0x28, 0x49, 0x6e, 0x74, 0x65, 0x67,
  0x65, 0x72, 0x20, 0x69, 0x6e, 0x64, 0x65, 0x78, 0x29, 0x20, 0x2d, 0x3e, 0x20, 0x75, 0x6e, 0x74,
  0x79, 0x70, 0x65, 0x64, 0x20, 0x7d, 0x20, 0x2d, 0x3e, 0x20, 0x73, 0x65, 0x6c, 0x66, 0x00, 0x65,
  0x61, 0x63, 0x68, 0x5f, 0x77, 0x69, 0x74, 0x68, 0x5f, 0x69, 0x6e, 0x64, 0x65, 0x78, 0x3a, 0x20,
  0x28, 0x29, 0x20, 0x7b, 0x20, 0x28, 0x75, 0x6e, 0x74, 0x79, 0x70, 0x65, 0x64, 0x20, 0x65, 0x6c,
  0x65, 0x6d, 0x65, 0x6e, 0x74, 0x2c, 0x20, 0x49, 0x6e, 0x74, 0x65, 0x67, 0x65, 0x72, 0x20, 0x69,
  0x6e, 0x64, 0x65, 0x78, 0x29, 0x20, 0x2d, 0x3e, 0x20, 0x75, 0x6e, 0x74, 0x79, 0x70, 0x65, 0x64,
  0x20, 0x7d, 0x20, 0x2d, 0x3e, 0x20, 0x73, 0x65, 0x6c, 0x66, 0x00, 0x66, 0x69, 0x72, 0x73, 0x74,
  0x3a, 0x20, 0x28, 0x29, 0x20, 0x2d, 0x3e, 0x20, 0x75, 0x6e, 0x74, 0x79, 0x70, 0x65, 0x64, 0x00,
  0x66, 0x6c, 0x61, 0x74, 0x74, 0x65, 0x6e, 0x3a, 0x20, 0x28, 0x29, 0x20, 0x2d, 0x3e, 0x20, 0x73,
  0x65, 0x6c, 0x66, 0x00, 0x69, 0x6e, 0x63, 0x6c, 0x75, 0x64, 0x65, 0x3f, 0x3a, 0x20, 0x28, 0x75,
  0x6e, 0x74, 0x79, 0x70, 0x65, 0x64, 0x20, 0x6f, 0x62, 0x6a, 0x65, 0x63, 0x74, 0x29, 0x20, 0x2d,
  0x3e, 0x20, 0x62, 0x6f, 0x6f, 0x6c, 0x00, 0x6a, 0x6f, 0x69, 0x6e, 0x3a, 0x20, 0x28, 0x3f, 0x53,
  0x74, 0x72, 0x69, 0x6e, 0x67, 0x20, 0x73, 0x65, 0x70, 0x61, 0x72, 0x61, 0x74, 0x6f, 0x72, 0x29,
  0x20, 0x2d, 0x3e, 0x20, 0x53, 0x74, 0x72, 0x69, 0x6e, 0x67, 0x00, 0x6c, 0x61, 0x73, 0x74, 0x3a,
  0x20, 0x28, 0x29, 0x20, 0x2d, 0x3e, 0x20, 0x75, 0x6e, 0x74, 0x79, 0x70, 0x65, 0x64, 0x00, 0x6d,
  0x61, 0x78, 0x3a, 0x20, 0x28, 0x29, 0x20, 0x7b, 0x20, 0x28, 0x75, 0x6e, 0x74, 0x79, 0x70, 0x65,
  0x64, 0x20, 0x6c, 0x65, 0x66, 0x74, 0x2c, 0x20, 0x75, 0x6e, 0x74, 0x79, 0x70, 0x65, 0x64, 0x20,
  0x72, 0x69, 0x67, 0x68, 0x74, 0x29, 0x20, 0x2d, 0x3e, 0x20, 0x75, 0x6e, 0x74, 0x79, 0x70, 0x65,
  0x64, 0x20, 0x7d, 0x20, 0x2d, 0x3e, 0x20, 0x75, 0x6e, 0x74, 0x79, 0x70, 0x65, 0x64, 0x00, 0x6d,
  0x69, 0x6e, 0x3a, 0x20, 0x28, 0x29, 0x20, 0x7b, 0x20, 0x28, 0x75, 0x6e, 0x74, 0x79, 0x70, 0x65,
  0x64, 0x20, 0x6c, 0x65, 0x66, 0x74, 0x2c, 0x20, 0x75, 0x6e, 0x74, 0x79, 0x70, 0x65, 0x64, 0x20,
  0x72, 0x69, 0x67, 0x68, 0x74, 0x29, 0x20, 0x2d, 0x3e, 0x20, 0x75, 0x6e, 0x74, 0x79, 0x70, 0x65,
  0x64, 0x20, 0x7d, 0x20, 0x2d, 0x3e, 0x20, 0x75, 0x6e, 0x74, 0x79, 0x70, 0x65, 0x64, 0x00, 0x70,
  0x6f, 0x70, 0x3a, 0x20, 0x28, 0x3f, 0x49, 0x6e, 0x74, 0x65, 0x67, 0x65, 0x72, 0x20, 0x63, 0x6f,
  0x75, 0x6e, 0x74, 0x29, 0x20, 0x2d, 0x3e, 0x20, 0x28, 0x75, 0x6e, 0x74, 0x79, 0x70, 0x65, 0x64,
  0x20, 0x7c, 0x20, 0x73, 0x65, 0x6c, 0x66, 0x29, 0x00, 0x70, 0x75, 0x73, 0x68, 0x3a, 0x20, 0x28,
  0x75, 0x6e, 0x74, 0x79, 0x70, 0x65, 0x64, 0x20, 0x6f, 0x62, 0x6a, 0x65, 0x63, 0x74, 0x29, 0x20,
  0x2d, 0x3e, 0x20, 0x41, 0x72, 0x72, 0x61, 0x79, 0x00, 0x72, 0x65, 0x6a, 0x65, 0x63, 0x74, 0x3a,
  0x20, 0x28, 0x29, 0x20, 0x7b, 0x20, 0x28, 0x75, 0x6e, 0x74, 0x79, 0x70, 0x65, 0x64, 0x20, 0x65,
  0x6c, 0x65, 0x6d, 0x65, 0x6e, 0x74, 0x29, 0x20, 0x2d, 0x3e, 0x20, 0x75, 0x6e, 0x74, 0x79, 0x70,
  0x65, 0x64, 0x20, 0x7d, 0x20, 0x2d, 0x3e, 0x20, 0x73, 0x65, 0x6c, 0x66, 0x00, 0x72, 0x65, 0x6a,
  0x65, 0x63, 0x74, 0x21, 0x3a, 0x20, 0x28, 0x29, 0x20, 0x7b, 0x20, 0x28, 0x75, 0x6e, 0x74, 0x79,
  0x70, 0x65, 0x64, 0x20, 0x65, 0x6c, 0x65, 0x6d, 0x65, 0x6e, 0x74, 0x29, 0x20, 0x2d, 0x3e, 0x20,
  0x75, 0x6e, 0x74, 0x79, 0x70, 0x65, 0x64, 0x20, 0x7d, 0x20, 0x2d, 0x3e, 0x20, 0x73, 0x65, 0x6c,
  0x66, 0x00, 0x72, 0x65, 0x70, 0x6c, 0x61, 0x63, 0x65, 0x3a, 0x20, 0x28, 0x41, 0x72, 0x72, 0x61,
  0x79, 0x20, 0x6f, 0x74, 0x68, 0x65, 0x72, 0x29, 0x20, 0x2d, 0x3e, 0x20, 0x41, 0x72, 0x72, 0x61,
  0x79, 0x00, 0x73, 0x68, 0x69, 0x66, 0x74, 0x3a, 0x20, 0x28, 0x3f, 0x49, 0x6e, 0x74, 0x65, 0x67,
  0x65, 0x72, 0x20, 0x63, 0x6f, 0x75, 0x6e, 0x74, 0x29, 0x20, 0x2d, 0x3e, 0x20, 0x28, 0x75, 0x6e,
  0x74, 0x79, 0x70, 0x65, 0x64, 0x20, 0x7c, 0x20, 0x73, 0x65, 0x6c, 0x66, 0x29, 0x00, 0x73, 0x6c,
  0x69, 0x63, 0x65, 0x3a, 0x20, 0x28, 0x75, 0x6e, 0x74, 0x79, 0x70, 0x65, 0x64, 0x20, 0x69, 0x6e,
  0x64, 0x65, 0x78, 0x5f, 0x6f, 0x72, 0x5f, 0x72, 0x61, 0x6e, 0x67, 0x65, 0x29, 0x20, 0x2d, 0x3e,
  0x20, 0x75, 0x6e, 0x74, 0x79, 0x70, 0x65, 0x64, 0x00, 0x73, 0x6f, 0x72, 0x74, 0x3a, 0x20, 0x28,
  0x29, 0x20, 0x7b, 0x20, 0x28, 0x75, 0x6e, 0x74, 0x79, 0x70, 0x65, 0x64, 0x20, 0x6c, 0x65, 0x66,
  0x74, 0x2c, 0x20, 0x75, 0x6e, 0x74, 0x79, 0x70, 0x65, 0x64, 0x20, 0x72, 0x69, 0x67, 0x68, 0x74,
  0x29, 0x20, 0x2d, 0x3e, 0x20, 0x75, 0x6e, 0x74, 0x79, 0x70, 0x65, 0x64, 0x20, 0x7d, 0x20, 0x2d,
  0x3e, 0x20, 0x73, 0x65, 0x6c, 0x66, 0x00, 0x73, 0x6f, 0x72, 0x74, 0x21, 0x3a, 0x20, 0x28, 0x29,
  0x20, 0x7b, 0x20, 0x28, 0x75, 0x6e, 0x74, 0x79, 0x70, 0x65, 0x64, 0x20, 0x6c, 0x65, 0x66, 0x74,
  0x2c, 0x20, 0x75, 0x6e, 0x74, 0x79, 0x70, 0x65, 0x64, 0x20, 0x72, 0x69, 0x67, 0x68, 0x74, 0x29,
  0x20, 0x2d, 0x3e, 0x20, 0x75, 0x6e, 0x74, 0x79, 0x70, 0x65, 0x64, 0x20, 0x7d, 0x20, 0x2d, 0x3e,
  0x20, 0x73, 0x65, 0x6c, 0x66, 0x00, 0x75, 0x6e, 0x69, 0x71, 0x3a, 0x20, 0x28, 0x29, 0x20, 0x2d,
  0x3e, 0x20, 0x73, 0x65, 0x6c, 0x66, 0x00, 0x75, 0x6e, 0x69, 0x71, 0x21, 0x3a, 0x20, 0x28, 0x29,
  0x20, 0x2d, 0x3e, 0x20, 0x73, 0x65, 0x6c, 0x66, 0x00, 0x75, 0x6e, 0x73, 0x68, 0x69, 0x66, 0x74,
  0x3a, 0x20, 0x28, 0x75, 0x6e, 0x74, 0x79, 0x70, 0x65, 0x64, 0x20, 0x6f, 0x62, 0x6a, 0x65, 0x63,
  0x74, 0x29, 0x20, 0x2d, 0x3e, 0x20, 0x41, 0x72, 0x72, 0x61, 0x79, 0x00, 0x7c, 0x3a, 0x20, 0x28,
  0x41, 0x72, 0x72, 0x61, 0x79, 0x20, 0x6f, 0x74, 0x68, 0x65, 0x72, 0x29, 0x20, 0x2d, 0x3e, 0x20,
  0x41, 0x72, 0x72, 0x61, 0x79, 0x00, 0x6e, 0x65, 0x77, 0x3a, 0x20, 0x28, 0x3f, 0x49, 0x6e, 0x74,
  0x65, 0x67, 0x65, 0x72, 0x20, 0x73, 0x69, 0x7a, 0x65, 0x2c, 0x20, 0x3f, 0x75, 0x6e, 0x74, 0x79,
  0x70, 0x65, 0x64, 0x20, 0x6f, 0x62, 0x6a, 0x65, 0x63, 0x74, 0x29, 0x20, 0x2d, 0x3e, 0x20, 0x41,
  0x72, 0x72, 0x61, 0x79, 0x00, 0x3c, 0x3a, 0x20, 0x28, 0x48, 0x61, 0x73, 0x68, 0x20, 0x6f, 0x74,
  0x68, 0x65, 0x72, 0x29, 0x20, 0x2d, 0x3e, 0x20, 0x62, 0x6f, 0x6f, 0x6c, 0x00, 0x3c, 0x3d, 0x3a,
  0x20, 0x28, 0x48, 0x61, 0x73, 0x68, 0x20, 0x6f, 0x74, 0x68, 0x65, 0x72, 0x29, 0x20, 0x2d, 0x3e,
  0x20, 0x62, 0x6f, 0x6f, 0x6c, 0x00, 0x3e, 0x3a, 0x20, 0x28, 0x48, 0x61, 0x73, 0x68, 0x20, 0x6f,
  0x74, 0x68, 0x65, 0x72, 0x29, 0x20, 0x2d, 0x3e, 0x20, 0x62, 0x6f, 0x6f, 0x6c, 0x00, 0x3e, 0x3d,
  0x3a, 0x20, 0x28, 0x48, 0x61, 0x73, 0x68, 0x20, 0x6f, 0x74, 0x68, 0x65, 0x72, 0x29, 0x20, 0x2d,
  0x3e, 0x20, 0x62, 0x6f, 0x6f, 0x6c, 0x00, 0x5b, 0x5d, 0x3a, 0x20, 0x28, 0x75, 0x6e, 0x74, 0x79,
  0x70, 0x65, 0x64, 0x20, 0x6b, 0x65, 0x79, 0x29, 0x20, 0x2d, 0x3e, 0x20, 0x75, 0x6e, 0x74, 0x79,
  0x70, 0x65, 0x64, 0x00, 0x63, 0x6c, 0x65, 0x61, 0x72, 0x3a, 0x20, 0x28, 0x29, 0x20, 0x2d, 0x3e,
  0x20, 0x48, 0x61, 0x73, 0x68, 0x00, 0x64, 0x65, 0x6c, 0x65, 0x74, 0x65, 0x3a, 0x20, 0x28, 0x53,
  0x74, 0x72, 0x69, 0x6e, 0x67, 0x20, 0x7c, 0x20, 0x53, 0x79, 0x6d, 0x62, 0x6f, 0x6c, 0x20, 0x6b,
  0x65, 0x79, 0x29, 0x20, 0x2d, 0x3e, 0x20, 0x28, 0x75, 0x6e, 0x74, 0x79, 0x70, 0x65, 0x64, 0x20,
  0x7c, 0x20, 0x6e, 0x69, 0x6c, 0x29, 0x00, 0x65, 0x61, 0x63, 0x68, 0x3a, 0x20, 0x28, 0x29, 0x20,
  0x7b, 0x20, 0x28, 0x75, 0x6e, 0x74, 0x79, 0x70, 0x65, 0x64, 0x20, 0x6b, 0x65, 0x79, 0x2c, 0x20,
  0x75, 0x6e, 0x74, 0x79, 0x70, 0x65, 0x64, 0x20, 0x76, 0x61, 0x6c, 0x75, 0x65, 0x29, 0x20, 0x2d,
  0x3e, 0x20, 0x75, 0x6e, 0x74, 0x79, 0x70, 0x65, 0x64, 0x20, 0x7d, 0x20, 0x2d, 0x3e, 0x20, 0x73,
  0x65, 0x6c, 0x66, 0x00, 0x68, 0x61, 0x73, 0x5f, 0x6b, 0x65, 0x79, 0x3f, 0x3a, 0x20, 0x28, 0x53,
  0x74, 0x72, 0x69, 0x6e, 0x67, 0x20, 0x7c, 0x20, 0x53, 0x79, 0x6d, 0x62, 0x6f, 0x6c, 0x20, 0x6b,
  0x65, 0x79, 0x29, 0x20, 0x2d, 0x3e, 0x20, 0x62, 0x6f, 0x6f, 0x6c, 0x00, 0x68, 0x61, 0x73, 0x5f,
  0x76, 0x61, 0x6c, 0x75, 0x65, 0x3f, 0x3a, 0x20, 0x28, 0x75, 0x6e, 0x74, 0x79, 0x70, 0x65, 0x64,
  0x20, 0x76, 0x61, 0x6c, 0x75, 0x65, 0x29, 0x20, 0x2d, 0x3e, 0x20, 0x62, 0x6f, 0x6f, 0x6c, 0x00,
  0x6b, 0x65, 0x79, 0x3a, 0x20, 0x28, 0x75, 0x6e, 0x74, 0x79, 0x70, 0x65, 0x64, 0x20, 0x76, 0x61,
  0x6c, 0x75, 0x65, 0x29, 0x20, 0x2d, 0x3e, 0x20, 0x28, 0x53, 0x74, 0x72, 0x69, 0x6e, 0x67, 0x20,
  0x7c, 0x20, 0x53, 0x79, 0x6d, 0x62, 0x6f, 0x6c, 0x20, 0x7c, 0x20, 0x6e, 0x69, 0x6c, 0x29, 0x00,
  0x6b, 0x65, 0x79, 0x73, 0x3a, 0x20, 0x28, 0x29, 0x20, 0x2d, 0x3e, 0x20, 0x41, 0x72, 0x72, 0x61,
  0x79, 0x5b, 0x75, 0x6e, 0x74, 0x79, 0x70, 0x65, 0x64, 0x5d, 0x00, 0x6c, 0x65, 0x6e, 0x67, 0x74,
  0x68, 0x3a, 0x20, 0x28, 0x29, 0x20, 0x2d, 0x3e, 0x20, 0x62, 0x6f, 0x6f, 0x6c, 0x00, 0x6d, 0x65,
  0x72, 0x67, 0x65, 0x3a, 0x20, 0x28, 0x48, 0x61, 0x73, 0x68, 0x20, 0x6f, 0x74, 0x68, 0x65, 0x72,
  0x29, 0x20, 0x7b, 0x20, 0x28, 0x53, 0x79, 0x6d, 0x62, 0x6f, 0x6c, 0x20, 0x6b, 0x65, 0x79, 0x2c,
  0x20, 0x75, 0x6e, 0x74, 0x79, 0x70, 0x65, 0x64, 0x20, 0x6f, 0x6c, 0x64, 0x5f, 0x76, 0x61, 0x6c,
  0x75, 0x65, 0x2c, 0x20, 0x75, 0x6e, 0x74, 0x79, 0x70, 0x65, 0x64, 0x20, 0x6e, 0x65, 0x77, 0x5f,
  0x76, 0x61, 0x6c, 0x75, 0x65, 0x29, 0x20, 0x2d, 0x3e, 0x20, 0x75, 0x6e, 0x74, 0x79, 0x70, 0x65,
  0x64, 0x20, 0x7d, 0x20, 0x2d, 0x3e, 0x20, 0x73, 0x65, 0x6c, 0x66, 0x00, 0x6d, 0x65, 0x72, 0x67,
  0x65, 0x21, 0x3a, 0x20, 0x28, 0x48, 0x61, 0x73, 0x68, 0x20, 0x6f, 0x74, 0x68, 0x65, 0x72, 0x29,
  0x20, 0x7b, 0x20, 0x28, 0x53, 0x79, 0x6d, 0x62, 0x6f, 0x6c, 0x20, 0x6b, 0x65, 0x79, 0x2c, 0x20,
  0x75, 0x6e, 0x74, 0x79, 0x70, 0x65, 0x64, 0x20, 0x6f, 0x6c, 0x64, 0x5f, 0x76, 0x61, 0x6c, 0x75,
  0x65, 0x2c, 0x20, 0x75, 0x6e, 0x74, 0x79, 0x70, 0x65, 0x64, 0x20, 0x6e, 0x65, 0x77, 0x5f, 0x76,
  0x61, 0x6c, 0x75, 0x65, 0x29, 0x20, 0x2d, 0x3e, 0x20, 0x75, 0x6e, 0x74, 0x79, 0x70, 0x65, 0x64,
  0x20, 0x7d, 0x20, 0x2d, 0x3e, 0x20, 0x73, 0x65, 0x6c, 0x66, 0x00, 0x73, 0x68, 0x69, 0x66, 0x74,
  0x3a, 0x20, 0x28, 0x29, 0x20, 0x2d, 0x3e, 0x20, 0x41, 0x72, 0x72, 0x61, 0x79, 0x00, 0x74, 0x6f,
  0x5f, 0x68, 0x3a, 0x20, 0x28, 0x29, 0x20, 0x2d, 0x3e, 0x20, 0x73, 0x65, 0x6c, 0x66, 0x00, 0x76,
  0x61, 0x6c, 0x75, 0x65, 0x73, 0x3a, 0x20, 0x28, 0x29, 0x20, 0x2d, 0x3e, 0x20, 0x41, 0x72, 0x72,
  0x61, 0x79, 0x5b, 0x75, 0x6e, 0x74, 0x79, 0x70, 0x65, 0x64, 0x5d, 0x00, 0x6e, 0x65, 0x77, 0x3a,
  0x20, 0x28, 0x29, 0x20, 0x2d, 0x3e, 0x20, 0x48, 0x61, 0x73, 0x68, 0x00, 0x3d, 0x3d, 0x3d, 0x3a,
  0x20, 0x28, 0x75, 0x6e, 0x74, 0x79, 0x70, 0x65, 0x64, 0x20, 0x6f, 0x62, 0x6a, 0x65, 0x63, 0x74,
  0x29, 0x20, 0x2d, 0x3e, 0x20, 0x62, 0x6f, 0x6f, 0x6c, 0x00, 0x65, 0x78, 0x63, 0x6c, 0x75, 0x64,
  0x65, 0x5f, 0x65, 0x6e, 0x64, 0x3f, 0x3a, 0x20, 0x28, 0x29, 0x20, 0x2d, 0x3e, 0x20, 0x62, 0x6f,
  0x6f, 0x6c, 0x00, 0x6e, 0x65, 0x77, 0x3a, 0x20, 0x28, 0x75, 0x6e, 0x74, 0x79, 0x70, 0x65, 0x64,
  0x20, 0x66, 0x69, 0x72, 0x73, 0x74, 0x2c, 0x20, 0x75, 0x6e, 0x74, 0x79, 0x70, 0x65, 0x64, 0x20,
  0x6c, 0x61, 0x73, 0x74, 0x2c, 0x20, 0x3f, 0x62, 0x6f, 0x6f, 0x6c, 0x20, 0x65, 0x78, 0x63, 0x6c,
  0x75, 0x64, 0x65, 0x5f, 0x65, 0x6e, 0x64, 0x29, 0x20, 0x2d, 0x3e, 0x20, 0x52, 0x61, 0x6e, 0x67,
  0x65, 0x00, 0x5f, 0x67, 0x65, 0x74, 0x5f, 0x73, 0x65, 0x6c, 0x66, 0x3a, 0x20, 0x28, 0x29, 0x20,
  0x2d, 0x3e, 0x20, 0x4f, 0x62, 0x6a, 0x65, 0x63, 0x74, 0x00, 0x5f, 0x73, 0x65, 0x74, 0x5f, 0x73,
  0x65, 0x6c, 0x66, 0x3a, 0x20, 0x28, 0x4f, 0x62, 0x6a, 0x65, 0x63, 0x74, 0x29, 0x20, 0x2d, 0x3e,
  0x20, 0x4f, 0x62, 0x6a, 0x65, 0x63, 0x74, 0x00, 0x63, 0x61, 0x6c, 0x6c, 0x3a, 0x20, 0x28, 0x2a,
  0x75, 0x6e, 0x74, 0x79, 0x70, 0x65, 0x64, 0x20, 0x61, 0x72, 0x67, 0x75, 0x6d, 0x65, 0x6e, 0x74,
  0x73, 0x29, 0x20, 0x2d, 0x3e, 0x20, 0x75, 0x6e, 0x74, 0x79, 0x70, 0x65, 0x64, 0x00, 0x6e, 0x65,
  0x77, 0x3a, 0x20, 0x28, 0x29, 0x20, 0x7b, 0x20, 0x28, 0x75, 0x6e, 0x74, 0x79, 0x70, 0x65, 0x64,
  0x20, 0x61, 0x72, 0x67, 0x75, 0x6d, 0x65, 0x6e, 0x74, 0x29, 0x20, 0x2d, 0x3e, 0x20, 0x75, 0x6e,
  0x74, 0x79, 0x70, 0x65, 0x64, 0x20, 0x7d, 0x20, 0x2d, 0x3e, 0x20, 0x50, 0x72, 0x6f, 0x63, 0x00,
  0x26, 0x3a, 0x20, 0x28, 0x75, 0x6e, 0x74, 0x79, 0x70, 0x65, 0x64, 0x20, 0x6f, 0x74, 0x68, 0x65,
  0x72, 0x29, 0x20, 0x2d, 0x3e, 0x20, 0x62, 0x6f, 0x6f, 0x6c, 0x00, 0x5e, 0x3a, 0x20, 0x28, 0x75,
  0x6e, 0x74, 0x79, 0x70, 0x65, 0x64, 0x20, 0x6f, 0x74, 0x68, 0x65, 0x72, 0x29, 0x20, 0x2d, 0x3e,
  0x20, 0x62, 0x6f, 0x6f, 0x6c, 0x00, 0x7c, 0x3a, 0x20, 0x28, 0x75, 0x6e, 0x74, 0x79, 0x70, 0x65,
  0x64, 0x20, 0x6f, 0x74, 0x68, 0x65, 0x72, 0x29, 0x20, 0x2d, 0x3e, 0x20, 0x62, 0x6f, 0x6f, 0x6c,
  0x00, 0x74, 0x6f, 0x5f, 0x68, 0x3a, 0x20, 0x28, 0x29, 0x20, 0x2d, 0x3e, 0x20, 0x48, 0x61, 0x73,
  0x68, 0x00, 0x74, 0x6f, 0x5f, 0x69, 0x6e, 0x74, 0x3a, 0x20, 0x28, 0x29, 0x20, 0x2d, 0x3e, 0x20,
  0x49, 0x6e, 0x74, 0x65, 0x67, 0x65, 0x72, 0x00, 0x6e, 0x61, 0x6d, 0x65, 0x3a, 0x20, 0x28, 0x29,
  0x20, 0x2d, 0x3e, 0x20, 0x53, 0x74, 0x72, 0x69, 0x6e, 0x67, 0x00, 0x2d, 0x3e, 0x3a, 0x20, 0x28,
  0x75, 0x6e, 0x74, 0x79, 0x70, 0x65, 0x64, 0x20, 0x61, 0x72, 0x67, 0x75, 0x6d, 0x65, 0x6e, 0x74,
  0x29, 0x20, 0x7b, 0x20, 0x28, 0x75, 0x6e, 0x74, 0x79, 0x70, 0x65, 0x64, 0x20, 0x62, 0x6c, 0x6f,
  0x63, 0x6b, 0x5f, 0x61, 0x72, 0x67, 0x75, 0x6d, 0x65, 0x6e, 0x74, 0x29, 0x20, 0x2d, 0x3e, 0x20,
  0x75, 0x6e, 0x74, 0x79, 0x70, 0x65, 0x64, 0x20, 0x7d, 0x20, 0x2d, 0x3e, 0x20, 0x50, 0x72, 0x6f,
  0x63, 0x00, 0x6c, 0x61, 0x6d, 0x62, 0x64, 0x61, 0x3a, 0x20, 0x28, 0x29, 0x20, 0x7b, 0x20, 0x28,
  0x75, 0x6e, 0x74, 0x79, 0x70, 0x65, 0x64, 0x20, 0x61, 0x72, 0x67, 0x75, 0x6d, 0x65, 0x6e, 0x74,
  0x29, 0x20, 0x2d, 0x3e, 0x20, 0x75, 0x6e, 0x74, 0x79, 0x70, 0x65, 0x64, 0x20, 0x7d, 0x20, 0x2d,
  0x3e, 0x20, 0x50, 0x72, 0x6f, 0x63, 0x00, 0x70, 0x3a, 0x20, 0x28, 0x2a, 0x75, 0x6e, 0x74, 0x79,
  0x70, 0x65, 0x64, 0x20, 0x6f, 0x62, 0x6a, 0x65, 0x63, 0x74, 0x73, 0x29, 0x20, 0x2d, 0x3e, 0x20,
  0x73, 0x65, 0x6c, 0x66, 0x00, 0x70, 0x72, 0x69, 0x6e, 0x74, 0x3a, 0x20, 0x28, 0x2a, 0x75, 0x6e,
  0x74, 0x79, 0x70, 0x65, 0x64, 0x20, 0x6f, 0x62, 0x6a, 0x65, 0x63, 0x74, 0x73, 0x29, 0x20, 0x2d,
  0x3e, 0x20, 0x6e, 0x69, 0x6c, 0x00, 0x70, 0x72, 0x6f, 0x63, 0x3a, 0x20, 0x28, 0x29, 0x20, 0x7b,
  0x20, 0x28, 0x75, 0x6e, 0x74, 0x79, 0x70, 0x65, 0x64, 0x20, 0x61, 0x72, 0x67, 0x75, 0x6d, 0x65,
  0x6e, 0x74, 0x29, 0x20, 0x2d, 0x3e, 0x20, 0x75, 0x6e, 0x74, 0x79, 0x70, 0x65, 0x64, 0x20, 0x7d,
  0x20, 0x2d, 0x3e, 0x20, 0x50, 0x72, 0x6f, 0x63, 0x00, 0x70, 0x75, 0x74, 0x73, 0x3a, 0x20, 0x28,
  0x2a, 0x75, 0x6e, 0x74, 0x79, 0x70, 0x65, 0x64, 0x20, 0x6f, 0x62, 0x6a, 0x65, 0x63, 0x74, 0x73,
  0x29, 0x20, 0x2d, 0x3e, 0x20, 0x6e, 0x69, 0x6c, 0x00, 0x73, 0x79, 0x73, 0x74, 0x65, 0x6d, 0x3a,
  0x20, 0x28, 0x53, 0x74, 0x72, 0x69, 0x6e, 0x67, 0x20, 0x63, 0x6f, 0x6d, 0x6d, 0x61, 0x6e, 0x64,
  0x29, 0x20, 0x2d, 0x3e, 0x20, 0x62, 0x6f, 0x6f, 0x6c, 0x00, 0x79, 0x69, 0x65, 0x6c, 0x64, 0x3a,
  0x20, 0x28, 0x2a, 0x75, 0x6e, 0x74, 0x79, 0x70, 0x65, 0x64, 0x20, 0x61, 0x72, 0x67, 0x75, 0x6d,
  0x65, 0x6e, 0x74, 0x73, 0x29, 0x20, 0x2d, 0x3e, 0x20, 0x73, 0x65, 0x6c, 0x66, 0x00, 0x63, 0x6c,
  0x6f, 0x73, 0x65, 0x3a, 0x20, 0x28, 0x29, 0x20, 0x2d, 0x3e, 0x20, 0x6e, 0x69, 0x6c, 0x00, 0x65,
  0x61, 0x63, 0x68, 0x3a, 0x20, 0x28, 0x29, 0x20, 0x7b, 0x20, 0x28, 0x53, 0x74, 0x72, 0x69, 0x6e,
  0x67, 0x20, 0x65, 0x6e, 0x74, 0x72, 0x79, 0x5f, 0x6e, 0x61, 0x6d, 0x65, 0x29, 0x20, 0x2d, 0x3e,
  0x20, 0x75, 0x6e, 0x74, 0x79, 0x70, 0x65, 0x64, 0x20, 0x7d, 0x20, 0x2d, 0x3e, 0x20, 0x73, 0x65,
  0x6c, 0x66, 0x00, 0x66, 0x69, 0x6e, 0x64, 0x6e, 0x65, 0x78, 0x74, 0x3a, 0x20, 0x28, 0x29, 0x20,
  0x2d, 0x3e, 0x20, 0x44, 0x69, 0x72, 0x00, 0x70, 0x61, 0x74, 0x3d, 0x3a, 0x20, 0x28, 0x53, 0x74,
  0x72, 0x69, 0x6e, 0x67, 0x20, 0x70, 0x61, 0x74, 0x74, 0x65, 0x72, 0x6e, 0x29, 0x20, 0x2d, 0x3e,
  0x20, 0x53, 0x74, 0x72, 0x69, 0x6e, 0x67, 0x00, 0x70, 0x6f, 0x73, 0x3a, 0x20, 0x28, 0x29, 0x20,
  0x2d, 0x3e, 0x20, 0x49, 0x6e, 0x74, 0x65, 0x67, 0x65, 0x72, 0x00, 0x70, 0x6f, 0x73, 0x3d, 0x3a,
  0x20, 0x28, 0x49, 0x6e, 0x74, 0x65, 0x67, 0x65, 0x72, 0x20, 0x70, 0x6f, 0x73, 0x69, 0x74, 0x69,
  0x6f, 0x6e, 0x29, 0x20, 0x2d, 0x3e, 0x20, 0x49, 0x6e, 0x74, 0x65, 0x67, 0x65, 0x72, 0x00, 0x72,
  0x65, 0x61, 0x64, 0x3a, 0x20, 0x28, 0x29, 0x20, 0x2d, 0x3e, 0x20, 0x28, 0x53, 0x74, 0x72, 0x69,
  0x6e, 0x67, 0x20, 0x7c, 0x20, 0x6e, 0x69, 0x6c, 0x29, 0x00, 0x72, 0x65, 0x77, 0x69, 0x6e, 0x64,
  0x3a, 0x20, 0x28, 0x29, 0x20, 0x2d, 0x3e, 0x20, 0x73, 0x65, 0x6c, 0x66, 0x00, 0x73, 0x65, 0x65,
  0x6b, 0x3a, 0x20, 0x28, 0x49, 0x6e, 0x74, 0x65, 0x67, 0x65, 0x72, 0x20, 0x70, 0x6f, 0x73, 0x69,
  0x74, 0x69, 0x6f, 0x6e, 0x29, 0x20, 0x2d, 0x3e, 0x20, 0x49, 0x6e, 0x74, 0x65, 0x67, 0x65, 0x72,
  0x00, 0x74, 0x65, 0x6c, 0x6c, 0x3a, 0x20, 0x28, 0x29, 0x20, 0x2d, 0x3e, 0x20, 0x49, 0x6e, 0x74,
  0x65, 0x67, 0x65, 0x72, 0x00, 0x63, 0x68, 0x64, 0x69, 0x72, 0x3a, 0x20, 0x28, 0x53, 0x74, 0x72,
  0x69, 0x6e, 0x67, 0x20, 0x70, 0x61, 0x74, 0x68, 0x29, 0x20, 0x7b, 0x20, 0x28, 0x53, 0x74, 0x72,
  0x69, 0x6e, 0x67, 0x20, 0x70, 0x61, 0x74, 0x68, 0x29, 0x20, 0x2d, 0x3e, 0x20, 0x75, 0x6e, 0x74,
  0x79, 0x70, 0x65, 0x64, 0x20, 0x7d, 0x20, 0x2d, 0x3e, 0x20, 0x75, 0x6e, 0x74, 0x79, 0x70, 0x65,
  0x64, 0x00, 0x63, 0x68, 0x69, 0x6c, 0x64, 0x72, 0x65, 0x6e, 0x3a, 0x20, 0x28, 0x53, 0x74, 0x72,
  0x69, 0x6e, 0x67, 0x20, 0x70, 0x61, 0x74, 0x68, 0x29, 0x20, 0x2d, 0x3e, 0x20, 0x41, 0x72, 0x72,
  0x61, 0x79, 0x5b, 0x53, 0x74, 0x72, 0x69, 0x6e, 0x67, 0x5d, 0x00, 0x64, 0x65, 0x6c, 0x65, 0x74,
  0x65, 0x3a, 0x20, 0x28, 0x53, 0x74, 0x72, 0x69, 0x6e, 0x67, 0x20, 0x70, 0x61, 0x74, 0x68, 0x29,
  0x20, 0x2d, 0x3e, 0x20, 0x49, 0x6e, 0x74, 0x65, 0x67, 0x65, 0x72, 0x00, 0x65, 0x6e, 0x74, 0x72,
  0x69, 0x65, 0x73, 0x3a, 0x20, 0x28, 0x53, 0x74, 0x72, 0x69, 0x6e, 0x67, 0x20, 0x70, 0x61, 0x74,
  0x68, 0x29, 0x20, 0x2d, 0x3e, 0x20, 0x41, 0x72, 0x72, 0x61, 0x79, 0x5b, 0x53, 0x74, 0x72, 0x69,
  0x6e, 0x67, 0x5d, 0x00, 0x65, 0x78, 0x69, 0x73, 0x74, 0x3f, 0x3a, 0x20, 0x28, 0x53, 0x74, 0x72,
  0x69, 0x6e, 0x67, 0x20, 0x70, 0x61, 0x74, 0x68, 0x29, 0x20, 0x2d, 0x3e, 0x20, 0x62, 0x6f, 0x6f,
  0x6c, 0x00, 0x66, 0x6f, 0x72, 0x65, 0x61, 0x63, 0x68, 0x3a, 0x20, 0x28, 0x53, 0x74, 0x72, 0x69,
  0x6e, 0x67, 0x20, 0x70, 0x61, 0x74, 0x68, 0x29, 0x20, 0x7b, 0x20, 0x28, 0x53, 0x74, 0x72, 0x69,
  0x6e, 0x67, 0x20, 0x65, 0x6e, 0x74, 0x72, 0x79, 0x5f, 0x6e, 0x61, 0x6d, 0x65, 0x29, 0x20, 0x2d,
  0x3e, 0x20, 0x75, 0x6e, 0x74, 0x79, 0x70, 0x65, 0x64, 0x20, 0x7d, 0x20, 0x2d, 0x3e, 0x20, 0x6e,
  0x69, 0x6c, 0x00, 0x67, 0x65, 0x74, 0x77, 0x64, 0x3a, 0x20, 0x28, 0x29, 0x20, 0x2d, 0x3e, 0x20,
  0x53, 0x74, 0x72, 0x69, 0x6e, 0x67, 0x00, 0x67, 0x6c, 0x6f, 0x62, 0x3a, 0x20, 0x28, 0x53, 0x74,
  0x72, 0x69, 0x6e, 0x67, 0x20, 0x70, 0x61, 0x74, 0x74, 0x65, 0x72, 0x6e, 0x2c, 0x20, 0x49, 0x6e,
  0x74, 0x65, 0x67, 0x65, 0x72, 0x20, 0x66, 0x6c, 0x61, 0x67, 0x73, 0x2c, 0x20, 0x3f, 0x62, 0x61,
  0x73, 0x65, 0x3a, 0x20, 0x53, 0x74, 0x72, 0x69, 0x6e, 0x67, 0x20, 0x7c, 0x20, 0x6e, 0x69, 0x6c,
  0x29, 0x20, 0x7b, 0x20, 0x28, 0x53, 0x74, 0x72, 0x69, 0x6e, 0x67, 0x20, 0x70, 0x61, 0x74, 0x68,
  0x29, 0x20, 0x2d, 0x3e, 0x20, 0x75, 0x6e, 0x74, 0x79, 0x70, 0x65, 0x64, 0x20, 0x7d, 0x20, 0x2d,
  0x3e, 0x20, 0x6e, 0x69, 0x6c, 0x00, 0x6d, 0x6b, 0x64, 0x69, 0x72, 0x3a, 0x20, 0x28, 0x53, 0x74,
  0x72, 0x69, 0x6e, 0x67, 0x20, 0x70, 0x61, 0x74, 0x68, 0x2c, 0x20, 0x3f, 0x49, 0x6e, 0x74, 0x65,
  0x67, 0x65, 0x72, 0x20, 0x6d, 0x6f, 0x64, 0x65, 0x29, 0x20, 0x2d, 0x3e, 0x20, 0x49, 0x6e, 0x74,
  0x65, 0x67, 0x65, 0x72, 0x00, 0x6f, 0x70, 0x65, 0x6e, 0x3a, 0x20, 0x28, 0x53, 0x74, 0x72, 0x69,
  0x6e, 0x67, 0x20, 0x70, 0x61, 0x74, 0x68, 0x29, 0x20, 0x7b, 0x20, 0x28, 0x44, 0x69, 0x72, 0x20,
  0x64, 0x69, 0x72, 0x65, 0x63, 0x74, 0x6f, 0x72, 0x79, 0x29, 0x20, 0x2d, 0x3e, 0x20, 0x75, 0x6e,
  0x74, 0x79, 0x70, 0x65, 0x64, 0x20, 0x7d, 0x20, 0x2d, 0x3e, 0x20, 0x44, 0x69, 0x72, 0x00, 0x70,
  0x77, 0x64, 0x3a, 0x20, 0x28, 0x29, 0x20, 0x2d, 0x3e, 0x20, 0x53, 0x74, 0x72, 0x69, 0x6e, 0x67,
  0x00, 0x72, 0x6d, 0x64, 0x69, 0x72, 0x3a, 0x20, 0x28, 0x53, 0x74, 0x72, 0x69, 0x6e, 0x67, 0x20,
  0x70, 0x61, 0x74, 0x68, 0x29, 0x20, 0x2d, 0x3e, 0x20, 0x49, 0x6e, 0x74, 0x65, 0x67, 0x65, 0x72,
  0x00, 0x75, 0x6e, 0x6c, 0x69, 0x6e, 0x6b, 0x3a, 0x20, 0x28, 0x53, 0x74, 0x72, 0x69, 0x6e, 0x67,
  0x20, 0x70, 0x61, 0x74, 0x68, 0x29, 0x20, 0x2d, 0x3e, 0x20, 0x49, 0x6e, 0x74, 0x65, 0x67, 0x65,
  0x72, 0x00, 0x62, 0x72, 0x69, 0x67, 0x68, 0x74, 0x6e, 0x65, 0x73, 0x73, 0x3d, 0x3a, 0x20, 0x28,
  0x49, 0x6e, 0x74, 0x65, 0x67, 0x65, 0x72, 0x20, 0x62, 0x72, 0x69, 0x67, 0x68, 0x74, 0x6e, 0x65,
  0x73, 0x73, 0x29, 0x20, 0x2d, 0x3e, 0x20, 0x75, 0x6e, 0x74, 0x79, 0x70, 0x65, 0x64, 0x00, 0x63,
  0x6f, 0x6e, 0x73, 0x6f, 0x6c, 0x65, 0x3a, 0x20, 0x28, 0x29, 0x20, 0x2d, 0x3e, 0x20, 0x75, 0x6e,
  0x74, 0x79, 0x70, 0x65, 0x64, 0x00, 0x66, 0x69, 0x6c, 0x6c, 0x5f, 0x73, 0x63, 0x72, 0x65, 0x65,
  0x6e, 0x3a, 0x20, 0x28, 0x49, 0x6e, 0x74, 0x65, 0x67, 0x65, 0x72, 0x20, 0x63, 0x6f, 0x6c, 0x6f,
  0x72, 0x29, 0x20, 0x2d, 0x3e, 0x20, 0x75, 0x6e, 0x74, 0x79, 0x70, 0x65, 0x64, 0x00, 0x68, 0x65,
  0x69, 0x67, 0x68, 0x74, 0x3a, 0x20, 0x28, 0x29, 0x20, 0x2d, 0x3e, 0x20, 0x49, 0x6e, 0x74, 0x65,
  0x67, 0x65, 0x72, 0x00, 0x77, 0x69, 0x64, 0x74, 0x68, 0x3a, 0x20, 0x28, 0x29, 0x20, 0x2d, 0x3e,
  0x20, 0x49, 0x6e, 0x74, 0x65, 0x67, 0x65, 0x72, 0x00, 0x65, 0x61, 0x63, 0x68, 0x5f, 0x6c, 0x69,
  0x6e, 0x65, 0x3a, 0x20, 0x28, 0x29, 0x20, 0x7b, 0x20, 0x28, 0x53, 0x74, 0x72, 0x69, 0x6e, 0x67,
  0x20, 0x6c, 0x69, 0x6e, 0x65, 0x29, 0x20, 0x2d, 0x3e, 0x20, 0x75, 0x6e, 0x74, 0x79, 0x70, 0x65,
  0x64, 0x20, 0x7d, 0x20, 0x2d, 0x3e, 0x20, 0x73, 0x65, 0x6c, 0x66, 0x00, 0x66, 0x6c, 0x75, 0x73,
  0x68, 0x3a, 0x20, 0x28, 0x29, 0x20, 0x2d, 0x3e, 0x20, 0x73, 0x65, 0x6c, 0x66, 0x00, 0x67, 0x65,
  0x74, 0x73, 0x3a, 0x20, 0x28, 0x3f, 0x53, 0x74, 0x72, 0x69, 0x6e, 0x67, 0x20, 0x73, 0x65, 0x70,
  0x61, 0x72, 0x61, 0x74, 0x6f, 0x72, 0x29, 0x20, 0x2d, 0x3e, 0x20, 0x28, 0x53, 0x74, 0x72, 0x69,
  0x6e, 0x67, 0x20, 0x7c, 0x20, 0x6e, 0x69, 0x6c, 0x29, 0x00, 0x72, 0x65, 0x61, 0x64, 0x3a, 0x20,
  0x28, 0x3f, 0x49, 0x6e, 0x74, 0x65, 0x67, 0x65, 0x72, 0x20, 0x6c, 0x65, 0x6e, 0x67, 0x74, 0x68,
  0x29, 0x20, 0x2d, 0x3e, 0x20, 0x28, 0x53, 0x74, 0x72, 0x69, 0x6e, 0x67, 0x20, 0x7c, 0x20, 0x6e,
  0x69, 0x6c, 0x29, 0x00, 0x73, 0x65, 0x65, 0x6b, 0x3a, 0x20, 0x28, 0x49, 0x6e, 0x74, 0x65, 0x67,
  0x65, 0x72, 0x20, 0x6f, 0x66, 0x66, 0x73, 0x65, 0x74, 0x2c, 0x20, 0x3f, 0x49, 0x6e, 0x74, 0x65,
  0x67, 0x65, 0x72, 0x20, 0x77, 0x68, 0x65, 0x6e, 0x63, 0x65, 0x29, 0x20, 0x2d, 0x3e, 0x20, 0x49,
  0x6e, 0x74, 0x65, 0x67, 0x65, 0x72, 0x00, 0x77, 0x72, 0x69, 0x74, 0x65, 0x3a, 0x20, 0x28, 0x53,
  0x74, 0x72, 0x69, 0x6e, 0x67, 0x20, 0x73, 0x74, 0x72, 0x69, 0x6e, 0x67, 0x29, 0x20, 0x2d, 0x3e,
  0x20, 0x49, 0x6e, 0x74, 0x65, 0x67, 0x65, 0x72, 0x00, 0x62, 0x61, 0x73, 0x65, 0x6e, 0x61, 0x6d,
  0x65, 0x3a, 0x20, 0x28, 0x53, 0x74, 0x72, 0x69, 0x6e, 0x67, 0x20, 0x70, 0x61, 0x74, 0x68, 0x2c,
  0x20, 0x3f, 0x53, 0x74, 0x72, 0x69, 0x6e, 0x67, 0x20, 0x73, 0x75, 0x66, 0x66, 0x69, 0x78, 0x29,
  0x20, 0x2d, 0x3e, 0x20, 0x53, 0x74, 0x72, 0x69, 0x6e, 0x67, 0x00, 0x64, 0x65, 0x6c, 0x65, 0x74,
  0x65, 0x3a, 0x20, 0x28, 0x2a, 0x53, 0x74, 0x72, 0x69, 0x6e, 0x67, 0x20, 0x70, 0x61, 0x74, 0x68,
  0x73, 0x29, 0x20, 0x2d, 0x3e, 0x20, 0x49, 0x6e, 0x74, 0x65, 0x67, 0x65, 0x72, 0x00, 0x64, 0x69,
  0x72, 0x6e, 0x61, 0x6d, 0x65, 0x3a, 0x20, 0x28, 0x53, 0x74, 0x72, 0x69, 0x6e, 0x67, 0x20, 0x70,
  0x61, 0x74, 0x68, 0x29, 0x20, 0x2d, 0x3e, 0x20, 0x53, 0x74, 0x72, 0x69, 0x6e, 0x67, 0x00, 0x6a,
  0x6f, 0x69, 0x6e, 0x3a, 0x20, 0x28, 0x2a, 0x53, 0x74, 0x72, 0x69, 0x6e, 0x67, 0x20, 0x70, 0x61,
  0x72, 0x74, 0x73, 0x29, 0x20, 0x2d, 0x3e, 0x20, 0x53, 0x74, 0x72, 0x69, 0x6e, 0x67, 0x00, 0x6f,
  0x70, 0x65, 0x6e, 0x3a, 0x20, 0x28, 0x53, 0x74, 0x72, 0x69, 0x6e, 0x67, 0x20, 0x70, 0x61, 0x74,
  0x68, 0x2c, 0x20, 0x3f, 0x53, 0x74, 0x72, 0x69, 0x6e, 0x67, 0x20, 0x6d, 0x6f, 0x64, 0x65, 0x29,
  0x20, 0x7b, 0x20, 0x28, 0x46, 0x69, 0x6c, 0x65, 0x20, 0x66, 0x69, 0x6c, 0x65, 0x29, 0x20, 0x2d,
  0x3e, 0x20, 0x75, 0x6e, 0x74, 0x79, 0x70, 0x65, 0x64, 0x20, 0x7d, 0x20, 0x2d, 0x3e, 0x20, 0x75,
  0x6e, 0x74, 0x79, 0x70, 0x65, 0x64, 0x00, 0x72, 0x65, 0x61, 0x64, 0x3a, 0x20, 0x28, 0x53, 0x74,
  0x72, 0x69, 0x6e, 0x67, 0x20, 0x70, 0x61, 0x74, 0x68, 0x29, 0x20, 0x2d, 0x3e, 0x20, 0x53, 0x74,
  0x72, 0x69, 0x6e, 0x67, 0x00, 0x75, 0x6e, 0x6c, 0x69, 0x6e, 0x6b, 0x3a, 0x20, 0x28, 0x2a, 0x53,
  0x74, 0x72, 0x69, 0x6e, 0x67, 0x20, 0x70, 0x61, 0x74, 0x68, 0x73, 0x29, 0x20, 0x2d, 0x3e, 0x20,
  0x49, 0x6e, 0x74, 0x65, 0x67, 0x65, 0x72, 0x00, 0x77, 0x72, 0x69, 0x74, 0x65, 0x3a, 0x20, 0x28,
  0x53, 0x74, 0x72, 0x69, 0x6e, 0x67, 0x20, 0x70, 0x61, 0x74, 0x68, 0x2c, 0x20, 0x53, 0x74, 0x72,
  0x69, 0x6e, 0x67, 0x20, 0x63, 0x6f, 0x6e, 0x74, 0x65, 0x6e, 0x74, 0x29, 0x20, 0x2d, 0x3e, 0x20,
  0x49, 0x6e, 0x74, 0x65, 0x67, 0x65, 0x72, 0x00, 0x68, 0x69, 0x67, 0x68, 0x3f, 0x3a, 0x20, 0x28,
  0x29, 0x20, 0x2d, 0x3e, 0x20, 0x62, 0x6f, 0x6f, 0x6c, 0x00, 0x6c, 0x6f, 0x77, 0x3f, 0x3a, 0x20,
  0x28, 0x29, 0x20, 0x2d, 0x3e, 0x20, 0x62, 0x6f, 0x6f, 0x6c, 0x00, 0x6f, 0x70, 0x65, 0x6e, 0x5f,
  0x64, 0x72, 0x61, 0x69, 0x6e, 0x3a, 0x20, 0x28, 0x49, 0x6e, 0x74, 0x65, 0x67, 0x65, 0x72, 0x20,
  0x66, 0x6c, 0x61, 0x67, 0x73, 0x29, 0x20, 0x2d, 0x3e, 0x20, 0x49, 0x6e, 0x74, 0x65, 0x67, 0x65,
  0x72, 0x00, 0x72, 0x65, 0x61, 0x64, 0x3a, 0x20, 0x28, 0x29, 0x20, 0x2d, 0x3e, 0x20, 0x49, 0x6e,
  0x74, 0x65, 0x67, 0x65, 0x72, 0x00, 0x73, 0x65, 0x74, 0x5f, 0x64, 0x69, 0x72, 0x3a, 0x20, 0x28,
  0x49, 0x6e, 0x74, 0x65, 0x67, 0x65, 0x72, 0x20, 0x66, 0x6c, 0x61, 0x67, 0x73, 0x29, 0x20, 0x2d,
  0x3e, 0x20, 0x30, 0x00, 0x73, 0x65, 0x74, 0x5f, 0x66, 0x75, 0x6e, 0x63, 0x74, 0x69, 0x6f, 0x6e,
  0x3a, 0x20, 0x28, 0x49, 0x6e, 0x74, 0x65, 0x67, 0x65, 0x72, 0x20, 0x66, 0x6c, 0x61, 0x67, 0x73,
  0x2c, 0x20, 0x49, 0x6e, 0x74, 0x65, 0x67, 0x65, 0x72, 0x20, 0x61, 0x6c, 0x74, 0x5f, 0x66, 0x75,
  0x6e, 0x63, 0x74, 0x69, 0x6f, 0x6e, 0x29, 0x20, 0x2d, 0x3e, 0x20, 0x30, 0x00, 0x73, 0x65, 0x74,
  0x5f, 0x70, 0x75, 0x6c, 0x6c, 0x3a, 0x20, 0x28, 0x49, 0x6e, 0x74, 0x65, 0x67, 0x65, 0x72, 0x20,
  0x66, 0x6c, 0x61, 0x67, 0x73, 0x29, 0x20, 0x2d, 0x3e, 0x20, 0x30, 0x00, 0x73, 0x65, 0x74, 0x6d,
  0x6f, 0x64, 0x65, 0x3a, 0x20, 0x28, 0x49, 0x6e, 0x74, 0x65, 0x67, 0x65, 0x72, 0x20, 0x66, 0x6c,
  0x61, 0x67, 0x73, 0x2c, 0x20, 0x3f, 0x49, 0x6e, 0x74, 0x65, 0x67, 0x65, 0x72, 0x20, 0x61, 0x6c,
  0x74, 0x5f, 0x66, 0x75, 0x6e, 0x63, 0x74, 0x69, 0x6f, 0x6e, 0x29, 0x20, 0x2d, 0x3e, 0x20, 0x30,
  0x00, 0x77, 0x72, 0x69, 0x74, 0x65, 0x3a, 0x20, 0x28, 0x49, 0x6e, 0x74, 0x65, 0x67, 0x65, 0x72,
  0x20, 0x76, 0x61, 0x6c, 0x75, 0x65, 0x29, 0x20, 0x2d, 0x3e, 0x20, 0x49, 0x6e, 0x74, 0x65, 0x67,
  0x65, 0x72, 0x00, 0x68, 0x69, 0x67, 0x68, 0x5f, 0x61, 0x74, 0x3f, 0x3a, 0x20, 0x28, 0x49, 0x6e,
  0x74, 0x65, 0x67, 0x65, 0x72, 0x20, 0x7c, 0x20, 0x53, 0x74, 0x72, 0x69, 0x6e, 0x67, 0x20, 0x7c,
  0x20, 0x53, 0x79, 0x6d, 0x62, 0x6f, 0x6c, 0x20, 0x70, 0x69, 0x6e, 0x29, 0x20, 0x2d, 0x3e, 0x20,
  0x62, 0x6f, 0x6f, 0x6c, 0x00, 0x6c, 0x6f, 0x77, 0x5f, 0x61, 0x74, 0x3f, 0x3a, 0x20, 0x28, 0x49,
  0x6e, 0x74, 0x65, 0x67, 0x65, 0x72, 0x20, 0x70, 0x69, 0x6e, 0x29, 0x20, 0x2d, 0x3e, 0x20, 0x62,
  0x6f, 0x6f, 0x6c, 0x00, 0x6e, 0x65, 0x77, 0x3a, 0x20, 0x28, 0x49, 0x6e, 0x74, 0x65, 0x67, 0x65,
  0x72, 0x20, 0x7c, 0x20, 0x53, 0x74, 0x72, 0x69, 0x6e, 0x67, 0x20, 0x7c, 0x20, 0x53, 0x79, 0x6d,
  0x62, 0x6f, 0x6c, 0x20, 0x70, 0x69, 0x6e, 0x2c, 0x20, 0x49, 0x6e, 0x74, 0x65, 0x67, 0x65, 0x72,
  0x20, 0x66, 0x6c, 0x61, 0x67, 0x73, 0x2c, 0x20, 0x3f, 0x49, 0x6e, 0x74, 0x65, 0x67, 0x65, 0x72,
  0x20, 0x61, 0x6c, 0x74, 0x5f, 0x66, 0x75, 0x6e, 0x63, 0x74, 0x69, 0x6f, 0x6e, 0x29, 0x20, 0x2d,
  0x3e, 0x20, 0x47, 0x50, 0x49, 0x4f, 0x00, 0x6f, 0x70, 0x65, 0x6e, 0x5f, 0x64, 0x72, 0x61, 0x69,
  0x6e, 0x5f, 0x61, 0x74, 0x3a, 0x20, 0x28, 0x49, 0x6e, 0x74, 0x65, 0x67, 0x65, 0x72, 0x20, 0x7c,
  0x20, 0x53, 0x74, 0x72, 0x69, 0x6e, 0x67, 0x20, 0x7c, 0x20, 0x53, 0x79, 0x6d, 0x62, 0x6f, 0x6c,
  0x20, 0x70, 0x69, 0x6e, 0x29, 0x20, 0x2d, 0x3e, 0x20, 0x49, 0x6e, 0x74, 0x65, 0x67, 0x65, 0x72,
  0x00, 0x70, 0x75, 0x6c, 0x6c, 0x5f, 0x64, 0x6f, 0x77, 0x6e, 0x5f, 0x61, 0x74, 0x3a, 0x20, 0x28,
  0x49, 0x6e, 0x74, 0x65, 0x67, 0x65, 0x72, 0x20, 0x7c, 0x20, 0x53, 0x74, 0x72, 0x69, 0x6e, 0x67,
  0x20, 0x7c, 0x20, 0x53, 0x79, 0x6d, 0x62, 0x6f, 0x6c, 0x20, 0x70, 0x69, 0x6e, 0x29, 0x20, 0x2d,
  0x3e, 0x20, 0x49, 0x6e, 0x74, 0x65, 0x67, 0x65, 0x72, 0x00, 0x70, 0x75, 0x6c, 0x6c, 0x5f, 0x75,
  0x70, 0x5f, 0x61, 0x74, 0x3a, 0x20, 0x28, 0x49, 0x6e, 0x74, 0x65, 0x67, 0x65, 0x72, 0x20, 0x7c,
  0x20, 0x53, 0x74, 0x72, 0x69, 0x6e, 0x67, 0x20, 0x7c, 0x20, 0x53, 0x79, 0x6d, 0x62, 0x6f, 0x6c,
  0x20, 0x70, 0x69, 0x6e, 0x29, 0x20, 0x2d, 0x3e, 0x20, 0x49, 0x6e, 0x74, 0x65, 0x67, 0x65, 0x72,
  0x00, 0x72, 0x65, 0x61, 0x64, 0x5f, 0x61, 0x74, 0x3a, 0x20, 0x28, 0x49, 0x6e, 0x74, 0x65, 0x67,
  0x65, 0x72, 0x20, 0x7c, 0x20, 0x53, 0x74, 0x72, 0x69, 0x6e, 0x67, 0x20, 0x7c, 0x20, 0x53, 0x79,
  0x6d, 0x62, 0x6f, 0x6c, 0x20, 0x70, 0x69, 0x6e, 0x29, 0x20, 0x2d, 0x3e, 0x20, 0x49, 0x6e, 0x74,
  0x65, 0x67, 0x65, 0x72, 0x00, 0x73, 0x65, 0x74, 0x5f, 0x64, 0x69, 0x72, 0x5f, 0x61, 0x74, 0x3a,
  0x20, 0x28, 0x49, 0x6e, 0x74, 0x65, 0x67, 0x65, 0x72, 0x20, 0x7c, 0x20, 0x53, 0x74, 0x72, 0x69,
  0x6e, 0x67, 0x20, 0x7c, 0x20, 0x53, 0x79, 0x6d, 0x62, 0x6f, 0x6c, 0x20, 0x70, 0x69, 0x6e, 0x2c,
  0x20, 0x49, 0x6e, 0x74, 0x65, 0x67, 0x65, 0x72, 0x20, 0x66, 0x6c, 0x61, 0x67, 0x73, 0x29, 0x20,
  0x2d, 0x3e, 0x20, 0x49, 0x6e, 0x74, 0x65, 0x67, 0x65, 0x72, 0x00, 0x73, 0x65, 0x74, 0x5f, 0x66,
  0x75, 0x6e, 0x63, 0x74, 0x69, 0x6f, 0x6e, 0x5f, 0x61, 0x74, 0x3a, 0x20, 0x28, 0x49, 0x6e, 0x74,
  0x65, 0x67, 0x65, 0x72, 0x20, 0x7c, 0x20, 0x53, 0x74, 0x72, 0x69, 0x6e, 0x67, 0x20, 0x7c, 0x20,
  0x53, 0x79, 0x6d, 0x62, 0x6f, 0x6c, 0x20, 0x70, 0x69, 0x6e, 0x2c, 0x20, 0x49, 0x6e, 0x74, 0x65,
  0x67, 0x65, 0x72, 0x20, 0x61, 0x6c, 0x74, 0x5f, 0x66, 0x75, 0x6e, 0x63, 0x74, 0x69, 0x6f, 0x6e,
  0x29, 0x20, 0x2d, 0x3e, 0x20, 0x49, 0x6e, 0x74, 0x65, 0x67, 0x65, 0x72, 0x00, 0x77, 0x72, 0x69,
  0x74, 0x65, 0x5f, 0x61, 0x74, 0x3a, 0x20, 0x28, 0x49, 0x6e, 0x74, 0x65, 0x67, 0x65, 0x72, 0x20,
  0x7c, 0x20, 0x53, 0x74, 0x72, 0x69, 0x6e, 0x67, 0x20, 0x7c, 0x20, 0x53, 0x79, 0x6d, 0x62, 0x6f,
  0x6c, 0x20, 0x70, 0x69, 0x6e, 0x2c, 0x20, 0x49, 0x6e, 0x74, 0x65, 0x67, 0x65, 0x72, 0x20, 0x76,
  0x61, 0x6c, 0x75, 0x65, 0x29, 0x20, 0x2d, 0x3e, 0x20, 0x49, 0x6e, 0x74, 0x65, 0x67, 0x65, 0x72,
  0x00, 0x70, 0x65, 0x72, 0x69, 0x70, 0x68, 0x65, 0x72, 0x61, 0x6c, 0x5f, 0x65, 0x72, 0x72, 0x6f,
  0x72, 0x3a, 0x20, 0x28, 0x49, 0x6e, 0x74, 0x65, 0x67, 0x65, 0x72, 0x20, 0x63, 0x6f, 0x64, 0x65,
  0x2c, 0x20, 0x3f, 0x53, 0x74, 0x72, 0x69, 0x6e, 0x67, 0x20, 0x6e, 0x61, 0x6d, 0x65, 0x29, 0x20,
  0x2d, 0x3e, 0x20, 0x76, 0x6f, 0x69, 0x64, 0x00, 0x72, 0x65, 0x61, 0x64, 0x3a, 0x20, 0x28, 0x49,
  0x6e, 0x74, 0x65, 0x67, 0x65, 0x72, 0x20, 0x69, 0x32, 0x63, 0x5f, 0x61, 0x64, 0x72, 0x73, 0x5f,
  0x37, 0x2c, 0x20, 0x49, 0x6e, 0x74, 0x65, 0x67, 0x65, 0x72, 0x20, 0x6c, 0x65, 0x6e, 0x2c, 0x20,
  0x2a, 0x49, 0x6e, 0x74, 0x65, 0x67, 0x65, 0x72, 0x20, 0x7c, 0x20, 0x53, 0x74, 0x72, 0x69, 0x6e,
  0x67, 0x20, 0x7c, 0x20, 0x41, 0x72, 0x72, 0x61, 0x79, 0x5b, 0x49, 0x6e, 0x74, 0x65, 0x67, 0x65,
  0x72, 0x5d, 0x20, 0x6f, 0x75, 0x74, 0x70, 0x75, 0x74, 0x73, 0x2c, 0x20, 0x3f, 0x74, 0x69, 0x6d,
  0x65, 0x6f, 0x75, 0x74, 0x3a, 0x20, 0x49, 0x6e, 0x74, 0x65, 0x67, 0x65, 0x72, 0x29, 0x20, 0x2d,
  0x3e, 0x20, 0x53, 0x74, 0x72, 0x69, 0x6e, 0x67, 0x00, 0x73, 0x63, 0x61, 0x6e, 0x3a, 0x20, 0x28,
  0x3f, 0x74, 0x69, 0x6d, 0x65, 0x6f, 0x75, 0x74, 0x3a, 0x20, 0x49, 0x6e, 0x74, 0x65, 0x67, 0x65,
  0x72, 0x29, 0x20, 0x2d, 0x3e, 0x20, 0x6e, 0x69, 0x6c, 0x00, 0x77, 0x72, 0x69, 0x74, 0x65, 0x3a,
  0x20, 0x28, 0x49, 0x6e, 0x74, 0x65, 0x67, 0x65, 0x72, 0x20, 0x69, 0x32, 0x63, 0x5f, 0x61, 0x64,
  0x72, 0x73, 0x5f, 0x37, 0x2c, 0x20, 0x2a, 0x49, 0x6e, 0x74, 0x65, 0x67, 0x65, 0x72, 0x20, 0x7c,
  0x20, 0x53, 0x74, 0x72, 0x69, 0x6e, 0x67, 0x20, 0x7c, 0x20, 0x41, 0x72, 0x72, 0x61, 0x79, 0x5b,
  0x49, 0x6e, 0x74, 0x65, 0x67, 0x65, 0x72, 0x5d, 0x20, 0x6f, 0x75, 0x74, 0x70, 0x75, 0x74, 0x73,
  0x2c, 0x20, 0x3f, 0x74, 0x69, 0x6d, 0x65, 0x6f, 0x75, 0x74, 0x3a, 0x20, 0x49, 0x6e, 0x74, 0x65,
  0x67, 0x65, 0x72, 0x2c, 0x20, 0x3f, 0x6e, 0x6f, 0x73, 0x74, 0x6f, 0x70, 0x3a, 0x20, 0x62, 0x6f,
  0x6f, 0x6c, 0x29, 0x20, 0x2d, 0x3e, 0x20, 0x49, 0x6e, 0x74, 0x65, 0x67, 0x65, 0x72, 0x00, 0x6e,
  0x65, 0x77, 0x3a, 0x20, 0x28, 0x75, 0x6e, 0x69, 0x74, 0x3a, 0x20, 0x53, 0x79, 0x6d, 0x62, 0x6f,
  0x6c, 0x20, 0x7c, 0x20, 0x6e, 0x69, 0x6c, 0x2c, 0x20, 0x3f, 0x66, 0x72, 0x65, 0x71, 0x75, 0x65,
  0x6e, 0x63, 0x79, 0x3a, 0x20, 0x49, 0x6e, 0x74, 0x65, 0x67, 0x65, 0x72, 0x2c, 0x20, 0x3f, 0x73,
  0x64, 0x61, 0x5f, 0x70, 0x69, 0x6e, 0x3a, 0x20, 0x49, 0x6e, 0x74, 0x65, 0x67, 0x65, 0x72, 0x2c,
  0x20, 0x3f, 0x73, 0x63, 0x6c, 0x5f, 0x70, 0x69, 0x6e, 0x3a, 0x20, 0x49, 0x6e, 0x74, 0x65, 0x67,
  0x65, 0x72, 0x2c, 0x20, 0x3f, 0x74, 0x69, 0x6d, 0x65, 0x6f, 0x75, 0x74, 0x3a, 0x20, 0x49, 0x6e,
  0x74, 0x65, 0x67, 0x65, 0x72, 0x29, 0x20, 0x2d, 0x3e, 0x20, 0x49, 0x32, 0x43, 0x00, 0x63, 0x6f,
  0x6f, 0x6b, 0x65, 0x64, 0x3a, 0x20, 0x28, 0x29, 0x20, 0x7b, 0x20, 0x28, 0x49, 0x4f, 0x20, 0x69,
  0x6f, 0x29, 0x20, 0x2d, 0x3e, 0x20, 0x75, 0x6e, 0x74, 0x79, 0x70, 0x65, 0x64, 0x20, 0x7d, 0x20,
  0x2d, 0x3e, 0x20, 0x75, 0x6e, 0x74, 0x79, 0x70, 0x65, 0x64, 0x00, 0x63, 0x6f, 0x6f, 0x6b, 0x65,
  0x64, 0x21, 0x3a, 0x20, 0x28, 0x29, 0x20, 0x2d, 0x3e, 0x20, 0x73, 0x65, 0x6c, 0x66, 0x00, 0x65,
  0x63, 0x68, 0x6f, 0x3d, 0x3a, 0x20, 0x28, 0x62, 0x6f, 0x6f, 0x6c, 0x20, 0x6d, 0x6f, 0x64, 0x65,
  0x29, 0x20, 0x2d, 0x3e, 0x20, 0x62, 0x6f, 0x6f, 0x6c, 0x00, 0x65, 0x63, 0x68, 0x6f, 0x3f, 0x3a,
  0x20, 0x28, 0x29, 0x20, 0x2d, 0x3e, 0x20, 0x62, 0x6f, 0x6f, 0x6c, 0x00, 0x67, 0x65, 0x74, 0x63,
  0x68, 0x3a, 0x20, 0x28, 0x29, 0x20, 0x2d, 0x3e, 0x20, 0x53, 0x74, 0x72, 0x69, 0x6e, 0x67, 0x00,
  0x72, 0x61, 0x77, 0x3a, 0x20, 0x28, 0x29, 0x20, 0x7b, 0x20, 0x28, 0x49, 0x4f, 0x20, 0x69, 0x6f,
  0x29, 0x20, 0x2d, 0x3e, 0x20, 0x75, 0x6e, 0x74, 0x79, 0x70, 0x65, 0x64, 0x20, 0x7d, 0x20, 0x2d,
  0x3e, 0x20, 0x75, 0x6e, 0x74, 0x79, 0x70, 0x65, 0x64, 0x00, 0x72, 0x61, 0x77, 0x21, 0x3a, 0x20,
  0x28, 0x29, 0x20, 0x2d, 0x3e, 0x20, 0x73, 0x65, 0x6c, 0x66, 0x00, 0x72, 0x65, 0x61, 0x64, 0x5f,
  0x6e, 0x6f, 0x6e, 0x62, 0x6c, 0x6f, 0x63, 0x6b, 0x3a, 0x20, 0x28, 0x49, 0x6e, 0x74, 0x65, 0x67,
  0x65, 0x72, 0x20, 0x6d, 0x61, 0x78, 0x6c, 0x65, 0x6e, 0x29, 0x20, 0x2d, 0x3e, 0x20, 0x28, 0x53,
  0x74, 0x72, 0x69, 0x6e, 0x67, 0x20, 0x7c, 0x20, 0x6e, 0x69, 0x6c, 0x29, 0x0a, 0x72, 0x65, 0x61,
  0x64, 0x5f, 0x6e, 0x6f, 0x6e, 0x62, 0x6c, 0x6f, 0x63, 0x6b, 0x3a, 0x20, 0x28, 0x49, 0x6e, 0x74,
  0x65, 0x67, 0x65, 0x72, 0x20, 0x6d, 0x61, 0x78, 0x6c, 0x65, 0x6e, 0x2c, 0x20, 0x53, 0x74, 0x72,
  0x69, 0x6e, 0x67, 0x20, 0x6f, 0x75, 0x74, 0x62, 0x75, 0x66, 0x29, 0x20, 0x2d, 0x3e, 0x20, 0x53,
  0x74, 0x72, 0x69, 0x6e, 0x67, 0x00, 0x63, 0x6c, 0x65, 0x61, 0x72, 0x5f, 0x73, 0x63, 0x72, 0x65,
  0x65, 0x6e, 0x3a, 0x20, 0x28, 0x29, 0x20, 0x2d, 0x3e, 0x20, 0x6e, 0x69, 0x6c, 0x00, 0x67, 0x65,
  0x74, 0x5f, 0x63, 0x75, 0x72, 0x73, 0x6f, 0x72, 0x5f, 0x70, 0x6f, 0x73, 0x69, 0x74, 0x69, 0x6f,
  0x6e, 0x3a, 0x20, 0x28, 0x29, 0x20, 0x2d, 0x3e, 0x20, 0x5b, 0x20, 0x49, 0x6e, 0x74, 0x65, 0x67,
  0x65, 0x72, 0x2c, 0x20, 0x49, 0x6e, 0x74, 0x65, 0x67, 0x65, 0x72, 0x20, 0x5d, 0x00, 0x6f, 0x70,
  0x65, 0x6e, 0x3a, 0x20, 0x28, 0x49, 0x6e, 0x74, 0x65, 0x67, 0x65, 0x72, 0x20, 0x66, 0x64, 0x2c,
  0x20, 0x3f, 0x53, 0x74, 0x72, 0x69, 0x6e, 0x67, 0x20, 0x6d, 0x6f, 0x64, 0x65, 0x29, 0x20, 0x2d,
  0x3e, 0x20, 0x49, 0x4f, 0x00, 0x77, 0x61, 0x69, 0x74, 0x5f, 0x74, 0x65, 0x72, 0x6d, 0x69, 0x6e,
  0x61, 0x6c, 0x3a, 0x20, 0x28, 0x3f, 0x74, 0x69, 0x6d, 0x65, 0x6f, 0x75, 0x74, 0x3a, 0x20, 0x49,
  0x6e, 0x74, 0x65, 0x67, 0x65, 0x72, 0x20, 0x7c, 0x20, 0x46, 0x6c, 0x6f, 0x61, 0x74, 0x29, 0x20,
  0x2d, 0x3e, 0x20, 0x53, 0x74, 0x72, 0x69, 0x6e, 0x67, 0x00, 0x61, 0x63, 0x6f, 0x73, 0x3a, 0x20,
  0x28, 0x46, 0x6c, 0x6f, 0x61, 0x74, 0x20, 0x78, 0x29, 0x20, 0x2d, 0x3e, 0x20, 0x46, 0x6c, 0x6f,
  0x61, 0x74, 0x00, 0x61, 0x63, 0x6f, 0x73, 0x68, 0x3a, 0x20, 0x28, 0x46, 0x6c, 0x6f, 0x61, 0x74,
  0x20, 0x78, 0x29, 0x20, 0x2d, 0x3e, 0x20, 0x46, 0x6c, 0x6f, 0x61, 0x74, 0x00, 0x61, 0x73, 0x69,
  0x6e, 0x3a, 0x20, 0x28, 0x46, 0x6c, 0x6f, 0x61, 0x74, 0x20, 0x78, 0x29, 0x20, 0x2d, 0x3e, 0x20,
  0x46, 0x6c, 0x6f, 0x61, 0x74, 0x00, 0x61, 0x73, 0x69, 0x6e, 0x68, 0x3a, 0x20, 0x28, 0x46, 0x6c,
  0x6f, 0x61, 0x74, 0x20, 0x78, 0x29, 0x20, 0x2d, 0x3e, 0x20, 0x46, 0x6c, 0x6f, 0x61, 0x74, 0x00,
  0x61, 0x74, 0x61, 0x6e, 0x3a, 0x20, 0x28, 0x46, 0x6c, 0x6f, 0x61, 0x74, 0x20, 0x78, 0x29, 0x20,
  0x2d, 0x3e, 0x20, 0x46, 0x6c, 0x6f, 0x61, 0x74, 0x00, 0x61, 0x74, 0x61, 0x6e, 0x32, 0x3a, 0x20,
  0x28, 0x46, 0x6c, 0x6f, 0x61, 0x74, 0x20, 0x79, 0x2c, 0x20, 0x46, 0x6c, 0x6f, 0x61, 0x74, 0x20,
  0x78, 0x29, 0x20, 0x2d, 0x3e, 0x20, 0x46, 0x6c, 0x6f, 0x61, 0x74, 0x00, 0x61, 0x74, 0x61, 0x6e,
  0x68, 0x3a, 0x20, 0x28, 0x46, 0x6c, 0x6f, 0x61, 0x74, 0x20, 0x78, 0x29, 0x20, 0x2d, 0x3e, 0x20,
  0x46, 0x6c, 0x6f, 0x61, 0x74, 0x00, 0x63, 0x62, 0x72, 0x74, 0x3a, 0x20, 0x28, 0x46, 0x6c, 0x6f,
  0x61, 0x74, 0x20, 0x78, 0x29, 0x20, 0x2d, 0x3e, 0x20, 0x46, 0x6c, 0x6f, 0x61, 0x74, 0x00, 0x63,
  0x6f, 0x73, 0x3a, 0x20, 0x28, 0x46, 0x6c, 0x6f, 0x61, 0x74, 0x20, 0x78, 0x29, 0x20, 0x2d, 0x3e,
  0x20, 0x46, 0x6c, 0x6f, 0x61, 0x74, 0x00, 0x63, 0x6f, 0x73, 0x68, 0x3a, 0x20, 0x28, 0x46, 0x6c,
  0x6f, 0x61, 0x74, 0x20, 0x78, 0x29, 0x20, 0x2d, 0x3e, 0x20, 0x46, 0x6c, 0x6f, 0x61, 0x74, 0x00,
  0x65, 0x72, 0x66, 0x3a, 0x20, 0x28, 0x46, 0x6c, 0x6f, 0x61, 0x74, 0x20, 0x78, 0x29, 0x20, 0x2d,
  0x3e, 0x20, 0x46, 0x6c, 0x6f, 0x61, 0x74, 0x00, 0x65, 0x72, 0x66, 0x63, 0x3a, 0x20, 0x28, 0x46,
  0x6c, 0x6f, 0x61, 0x74, 0x20, 0x78, 0x29, 0x20, 0x2d, 0x3e, 0x20, 0x46, 0x6c, 0x6f, 0x61, 0x74,
  0x00, 0x65, 0x78, 0x70, 0x3a, 0x20, 0x28, 0x46, 0x6c, 0x6f, 0x61, 0x74, 0x20, 0x78, 0x29, 0x20,
  0x2d, 0x3e, 0x20, 0x46, 0x6c, 0x6f, 0x61, 0x74, 0x00, 0x68, 0x79, 0x70, 0x6f, 0x74, 0x3a, 0x20,
  0x28, 0x46, 0x6c, 0x6f, 0x61, 0x74, 0x20, 0x78, 0x2c, 0x20, 0x46, 0x6c, 0x6f, 0x61, 0x74, 0x20,
  0x79, 0x29, 0x20, 0x2d, 0x3e, 0x20, 0x46, 0x6c, 0x6f, 0x61, 0x74, 0x00, 0x6c, 0x64, 0x65, 0x78,
  0x70, 0x3a, 0x20, 0x28, 0x46, 0x6c, 0x6f, 0x61, 0x74, 0x20, 0x66, 0x72, 0x61, 0x63, 0x74, 0x69,
  0x6f, 0x6e, 0x2c, 0x20, 0x49, 0x6e, 0x74, 0x65, 0x67, 0x65, 0x72, 0x20, 0x65, 0x78, 0x70, 0x6f,
  0x6e, 0x65, 0x6e, 0x74, 0x29, 0x20, 0x2d, 0x3e, 0x20, 0x46, 0x6c, 0x6f, 0x61, 0x74, 0x00, 0x6c,
  0x6f, 0x67, 0x3a, 0x20, 0x28, 0x46, 0x6c, 0x6f, 0x61, 0x74, 0x20, 0x78, 0x29, 0x20, 0x2d, 0x3e,
  0x20, 0x46, 0x6c, 0x6f, 0x61, 0x74, 0x00, 0x6c, 0x6f, 0x67, 0x31, 0x30, 0x3a, 0x20, 0x28, 0x46,
  0x6c, 0x6f, 0x61, 0x74, 0x20, 0x78, 0x29, 0x20, 0x2d, 0x3e, 0x20, 0x46, 0x6c, 0x6f, 0x61, 0x74,
  0x00, 0x6c, 0x6f, 0x67, 0x32, 0x3a, 0x20, 0x28, 0x46, 0x6c, 0x6f, 0x61, 0x74, 0x20, 0x78, 0x29,
  0x20, 0x2d, 0x3e, 0x20, 0x46, 0x6c, 0x6f, 0x61, 0x74, 0x00, 0x73, 0x69, 0x6e, 0x3a, 0x20, 0x28,
  0x46, 0x6c, 0x6f, 0x61, 0x74, 0x20, 0x78, 0x29, 0x20, 0x2d, 0x3e, 0x20, 0x46, 0x6c, 0x6f, 0x61,
  0x74, 0x00, 0x73, 0x69, 0x6e, 0x68, 0x3a, 0x20, 0x28, 0x46, 0x6c, 0x6f, 0x61, 0x74, 0x20, 0x78,
  0x29, 0x20, 0x2d, 0x3e, 0x20, 0x46, 0x6c, 0x6f, 0x61, 0x74, 0x00, 0x73, 0x71, 0x72, 0x74, 0x3a,
  0x20, 0x28, 0x46, 0x6c, 0x6f, 0x61, 0x74, 0x20, 0x78, 0x29, 0x20, 0x2d, 0x3e, 0x20, 0x46, 0x6c,
  0x6f, 0x61, 0x74, 0x00, 0x74, 0x61, 0x6e, 0x3a, 0x20, 0x28, 0x46, 0x6c, 0x6f, 0x61, 0x74, 0x20,
  0x78, 0x29, 0x20, 0x2d, 0x3e, 0x20, 0x46, 0x6c, 0x6f, 0x61, 0x74, 0x00, 0x74, 0x61, 0x6e, 0x68,
  0x3a, 0x20, 0x28, 0x46, 0x6c, 0x6f, 0x61, 0x74, 0x20, 0x78, 0x29, 0x20, 0x2d, 0x3e, 0x20, 0x46,
  0x6c, 0x6f, 0x61, 0x74, 0x00, 0x72, 0x61, 0x6e, 0x64, 0x6f, 0x6d, 0x5f, 0x69, 0x6e, 0x74, 0x3a,
  0x20, 0x28, 0x29, 0x20, 0x2d, 0x3e, 0x20, 0x49, 0x6e, 0x74, 0x65, 0x67, 0x65, 0x72, 0x00, 0x72,
  0x61, 0x6e, 0x64, 0x6f, 0x6d, 0x5f, 0x73, 0x74, 0x72, 0x69, 0x6e, 0x67, 0x3a, 0x20, 0x28, 0x49,
  0x6e, 0x74, 0x65, 0x67, 0x65, 0x72, 0x20, 0x6c, 0x65, 0x6e, 0x67, 0x74, 0x68, 0x29, 0x20, 0x2d,
  0x3e, 0x20, 0x53, 0x74, 0x72, 0x69, 0x6e, 0x67, 0x00, 0x75, 0x75, 0x69, 0x64, 0x3a, 0x20, 0x28,
  0x29, 0x20, 0x2d, 0x3e, 0x20, 0x53, 0x74, 0x72, 0x69, 0x6e, 0x67, 0x00, 0x6d, 0x6f, 0x75, 0x6e,
  0x74, 0x3a, 0x20, 0x28, 0x29, 0x20, 0x2d, 0x3e, 0x20, 0x62, 0x6f, 0x6f, 0x6c, 0x00, 0x75, 0x6e,
  0x6d, 0x6f, 0x75, 0x6e, 0x74, 0x3a, 0x20, 0x28, 0x29, 0x20, 0x2d, 0x3e, 0x20, 0x6e, 0x69, 0x6c,
  0x00, 0x61, 0x72, 0x65, 0x61, 0x35, 0x31, 0x32, 0x5f, 0x65, 0x78, 0x65, 0x63, 0x5f, 0x6d, 0x72,
  0x62, 0x5f, 0x66, 0x69, 0x6c, 0x65, 0x5f, 0x6b, 0x65, 0x65, 0x70, 0x3a, 0x20, 0x28, 0x53, 0x74,
  0x72, 0x69, 0x6e, 0x67, 0x20, 0x70, 0x61, 0x74, 0x68, 0x29, 0x20, 0x2d, 0x3e, 0x20, 0x62, 0x6f,
  0x6f, 0x6c, 0x00, 0x61, 0x72, 0x65, 0x61, 0x35, 0x31, 0x32, 0x5f, 0x72, 0x65, 0x6c, 0x65, 0x61,
  0x73, 0x65, 0x5f, 0x6b, 0x65, 0x70, 0x74, 0x5f, 0x63, 0x6f, 0x64, 0x65, 0x3a, 0x20, 0x28, 0x29,
  0x20, 0x2d, 0x3e, 0x20, 0x6e, 0x69, 0x6c, 0x00, 0x63, 0x6c, 0x65, 0x61, 0x6e, 0x75, 0x70, 0x3a,
  0x20, 0x28, 0x29, 0x20, 0x2d, 0x3e, 0x20, 0x6e, 0x69, 0x6c, 0x00, 0x63, 0x6f, 0x6d, 0x70, 0x69,
  0x6c, 0x65, 0x3a, 0x20, 0x28, 0x53, 0x74, 0x72, 0x69, 0x6e, 0x67, 0x20, 0x73, 0x63, 0x72, 0x69,
  0x70, 0x74, 0x2c, 0x20, 0x3f, 0x72, 0x65, 0x6d, 0x6f, 0x76, 0x65, 0x5f, 0x6c, 0x76, 0x3a, 0x20,
  0x62, 0x6f, 0x6f, 0x6c, 0x2c, 0x20, 0x3f, 0x66, 0x69, 0x6c, 0x65, 0x6e, 0x61, 0x6d, 0x65, 0x3a,
  0x20, 0x53, 0x74, 0x72, 0x69, 0x6e, 0x67, 0x20, 0x7c, 0x20, 0x6e, 0x69, 0x6c, 0x29, 0x20, 0x2d,
  0x3e, 0x20, 0x62, 0x6f, 0x6f, 0x6c, 0x00, 0x63, 0x6f, 0x6d, 0x70, 0x69, 0x6c, 0x65, 0x5f, 0x66,
  0x72, 0x6f, 0x6d, 0x5f, 0x6d, 0x65, 0x6d, 0x6f, 0x72, 0x79, 0x3a, 0x20, 0x28, 0x49, 0x6e, 0x74,
  0x65, 0x67, 0x65, 0x72, 0x20, 0x61, 0x64, 0x64, 0x72, 0x65, 0x73, 0x73, 0x2c, 0x20, 0x49, 0x6e,
  0x74, 0x65, 0x67, 0x65, 0x72, 0x20, 0x73, 0x69, 0x7a, 0x65, 0x2c, 0x20, 0x3f, 0x72, 0x65, 0x6d,
  0x6f, 0x76, 0x65, 0x5f, 0x6c, 0x76, 0x3a, 0x20, 0x62, 0x6f, 0x6f, 0x6c, 0x29, 0x20, 0x2d, 0x3e,
  0x20, 0x62, 0x6f, 0x6f, 0x6c, 0x00, 0x65, 0x72, 0x72, 0x6f, 0x72, 0x3a, 0x20, 0x28, 0x29, 0x20,
  0x2d, 0x3e, 0x20, 0x75, 0x6e, 0x74, 0x79, 0x70, 0x65, 0x64, 0x00, 0x65, 0x78, 0x65, 0x63, 0x5f,
  0x6d, 0x72, 0x62, 0x3a, 0x20, 0x28, 0x53, 0x74, 0x72, 0x69, 0x6e, 0x67, 0x20, 0x6d, 0x72, 0x62,
  0x29, 0x20, 0x2d, 0x3e, 0x20, 0x62, 0x6f, 0x6f, 0x6c, 0x00, 0x65, 0x78, 0x65, 0x63, 0x5f, 0x6d,
  0x72, 0x62, 0x5f, 0x66, 0x72, 0x6f, 0x6d, 0x5f, 0x6d, 0x65, 0x6d, 0x6f, 0x72, 0x79, 0x3a, 0x20,
  0x28, 0x49, 0x6e, 0x74, 0x65, 0x67, 0x65, 0x72, 0x20, 0x61, 0x64, 0x64, 0x72, 0x65, 0x73, 0x73,
  0x29, 0x20, 0x2d, 0x3e, 0x20, 0x62, 0x6f, 0x6f, 0x6c, 0x00, 0x65, 0x78, 0x65, 0x63, 0x75, 0x74,
  0x65, 0x3a, 0x20, 0x28, 0x29, 0x20, 0x2d, 0x3e, 0x20, 0x62, 0x6f, 0x6f, 0x6c, 0x00, 0x66, 0x72,
  0x65, 0x65, 0x5f, 0x70, 0x61, 0x72, 0x73, 0x65, 0x72, 0x3a, 0x20, 0x28, 0x29, 0x20, 0x2d, 0x3e,
  0x20, 0x6e, 0x69, 0x6c, 0x00, 0x6c, 0x6f, 0x61, 0x64, 0x5f, 0x66, 0x69, 0x6c, 0x65, 0x3a, 0x20,
  0x28, 0x53, 0x74, 0x72, 0x69, 0x6e, 0x67, 0x20, 0x70, 0x61, 0x74, 0x68, 0x2c, 0x20, 0x3f, 0x6a,
  0x6f, 0x69, 0x6e, 0x3a, 0x20, 0x62, 0x6f, 0x6f, 0x6c, 0x29, 0x20, 0x2d, 0x3e, 0x20, 0x75, 0x6e,
  0x74, 0x79, 0x70, 0x65, 0x64, 0x00, 0x6c, 0x6f, 0x61, 0x64, 0x5f, 0x6d, 0x61, 0x6e, 0x69, 0x66,
  0x65, 0x73, 0x74, 0x3a, 0x20, 0x28, 0x53, 0x74, 0x72, 0x69, 0x6e, 0x67, 0x20, 0x64, 0x69, 0x72,
  0x65, 0x63, 0x74, 0x6f, 0x72, 0x79, 0x2c, 0x20, 0x53, 0x74, 0x72, 0x69, 0x6e, 0x67, 0x20, 0x6d,
  0x61, 0x6e, 0x69, 0x66, 0x65, 0x73, 0x74, 0x5f, 0x70, 0x61, 0x74, 0x68, 0x2c, 0x20, 0x3f, 0x6a,
  0x6f, 0x69, 0x6e, 0x3a, 0x20, 0x62, 0x6f, 0x6f, 0x6c, 0x29, 0x20, 0x2d, 0x3e, 0x20, 0x28, 0x62,
  0x6f, 0x6f, 0x6c, 0x20, 0x7c, 0x20, 0x6e, 0x69, 0x6c, 0x29, 0x00, 0x72, 0x65, 0x73, 0x75, 0x6c,
  0x74, 0x3a, 0x20, 0x28, 0x29, 0x20, 0x2d, 0x3e, 0x20, 0x75, 0x6e, 0x74, 0x79, 0x70, 0x65, 0x64,
  0x00, 0x72, 0x65, 0x73, 0x75, 0x6d, 0x65, 0x3a, 0x20, 0x28, 0x29, 0x20, 0x2d, 0x3e, 0x20, 0x62,
  0x6f, 0x6f, 0x6c, 0x00, 0x73, 0x74, 0x61, 0x74, 0x65, 0x3a, 0x20, 0x28, 0x29, 0x20, 0x2d, 0x3e,
  0x20, 0x53, 0x79, 0x6d, 0x62, 0x6f, 0x6c, 0x00, 0x73, 0x74, 0x6f, 0x70, 0x3a, 0x20, 0x28, 0x29,
  0x20, 0x2d, 0x3e, 0x20, 0x62, 0x6f, 0x6f, 0x6c, 0x00, 0x73, 0x75, 0x73, 0x70, 0x65, 0x6e, 0x64,
  0x3a, 0x20, 0x28, 0x29, 0x20, 0x2d, 0x3e, 0x20, 0x62, 0x6f, 0x6f, 0x6c, 0x00, 0x74, 0x65, 0x72,
  0x6d, 0x69, 0x6e, 0x61, 0x74, 0x65, 0x3a, 0x20, 0x28, 0x29, 0x20, 0x2d, 0x3e, 0x20, 0x62, 0x6f,
  0x6f, 0x6c, 0x00, 0x77, 0x61, 0x69, 0x74, 0x3a, 0x20, 0x28, 0x3f, 0x74, 0x69, 0x6d, 0x65, 0x6f,
  0x75, 0x74, 0x3a, 0x20, 0x49, 0x6e, 0x74, 0x65, 0x67, 0x65, 0x72, 0x20, 0x7c, 0x20, 0x6e, 0x69,
  0x6c, 0x29, 0x20, 0x2d, 0x3e, 0x20, 0x62, 0x6f, 0x6f, 0x6c, 0x00, 0x6e, 0x65, 0x77, 0x3a, 0x20,
  0x28, 0x29, 0x20, 0x2d, 0x3e, 0x20, 0x53, 0x61, 0x6e, 0x64, 0x62, 0x6f, 0x78, 0x00, 0x63, 0x69,
  0x72, 0x63, 0x6c, 0x65, 0x3a, 0x20, 0x28, 0x49, 0x6e, 0x74, 0x65, 0x67, 0x65, 0x72, 0x20, 0x78,
  0x2c, 0x20, 0x49, 0x6e, 0x74, 0x65, 0x67, 0x65, 0x72, 0x20, 0x79, 0x2c, 0x20, 0x49, 0x6e, 0x74,
  0x65, 0x67, 0x65, 0x72, 0x20, 0x72, 0x61, 0x64, 0x69, 0x75, 0x73, 0x2c, 0x20, 0x49, 0x6e, 0x74,
  0x65, 0x67, 0x65, 0x72, 0x20, 0x63, 0x6f, 0x6c, 0x6f, 0x72, 0x29, 0x20, 0x2d, 0x3e, 0x20, 0x53,
  0x70, 0x72, 0x69, 0x74, 0x65, 0x00, 0x64, 0x65, 0x6c, 0x65, 0x74, 0x65, 0x3a, 0x20, 0x28, 0x29,
  0x20, 0x2d, 0x3e, 0x20, 0x6e, 0x69, 0x6c, 0x00, 0x66, 0x69, 0x6c, 0x6c, 0x3a, 0x20, 0x28, 0x49,
  0x6e, 0x74, 0x65, 0x67, 0x65, 0x72, 0x20, 0x63, 0x6f, 0x6c, 0x6f, 0x72, 0x29, 0x20, 0x2d, 0x3e,
  0x20, 0x53, 0x70, 0x72, 0x69, 0x74, 0x65, 0x00, 0x66, 0x69, 0x6c, 0x6c, 0x5f, 0x63, 0x69, 0x72,
  0x63, 0x6c, 0x65, 0x3a, 0x20, 0x28, 0x49, 0x6e, 0x74, 0x65, 0x67, 0x65, 0x72, 0x20, 0x78, 0x2c,
  0x20, 0x49, 0x6e, 0x74, 0x65, 0x67, 0x65, 0x72, 0x20, 0x79, 0x2c, 0x20, 0x49, 0x6e, 0x74, 0x65,
  0x67, 0x65, 0x72, 0x20, 0x72, 0x61, 0x64, 0x69, 0x75, 0x73, 0x2c, 0x20, 0x49, 0x6e, 0x74, 0x65,
  0x67, 0x65, 0x72, 0x20, 0x63, 0x6f, 0x6c, 0x6f, 0x72, 0x29, 0x20, 0x2d, 0x3e, 0x20, 0x53, 0x70,
  0x72, 0x69, 0x74, 0x65, 0x00, 0x66, 0x69, 0x6c, 0x6c, 0x5f, 0x72, 0x65, 0x63, 0x74, 0x3a, 0x20,
  0x28, 0x49, 0x6e, 0x74, 0x65, 0x67, 0x65, 0x72, 0x20, 0x78, 0x2c, 0x20, 0x49, 0x6e, 0x74, 0x65,
  0x67, 0x65, 0x72, 0x20, 0x79, 0x2c, 0x20, 0x49, 0x6e, 0x74, 0x65, 0x67, 0x65, 0x72, 0x20, 0x77,
  0x69, 0x64, 0x74, 0x68, 0x2c, 0x20, 0x49, 0x6e, 0x74, 0x65, 0x67, 0x65, 0x72, 0x20, 0x68, 0x65,
  0x69, 0x67, 0x68, 0x74, 0x2c, 0x20, 0x49, 0x6e, 0x74, 0x65, 0x67, 0x65, 0x72, 0x20, 0x63, 0x6f,
  0x6c, 0x6f, 0x72, 0x29, 0x20, 0x2d, 0x3e, 0x20, 0x53, 0x70, 0x72, 0x69, 0x74, 0x65, 0x00, 0x6c,
  0x69, 0x6e, 0x65, 0x3a, 0x20, 0x28, 0x49, 0x6e, 0x74, 0x65, 0x67, 0x65, 0x72, 0x20, 0x78, 0x30,
  0x2c, 0x20, 0x49, 0x6e, 0x74, 0x65, 0x67, 0x65, 0x72, 0x20, 0x79, 0x30, 0x2c, 0x20, 0x49, 0x6e,
  0x74, 0x65, 0x67, 0x65, 0x72, 0x20, 0x78, 0x31, 0x2c, 0x20, 0x49, 0x6e, 0x74, 0x65, 0x67, 0x65,
  0x72, 0x20, 0x79, 0x31, 0x2c, 0x20, 0x49, 0x6e, 0x74, 0x65, 0x67, 0x65, 0x72, 0x20, 0x63, 0x6f,
  0x6c, 0x6f, 0x72, 0x29, 0x20, 0x2d, 0x3e, 0x20, 0x53, 0x70, 0x72, 0x69, 0x74, 0x65, 0x00, 0x70,
  0x69, 0x78, 0x65, 0x6c, 0x3a, 0x20, 0x28, 0x49, 0x6e, 0x74, 0x65, 0x67, 0x65, 0x72, 0x20, 0x78,
  0x2c, 0x20, 0x49, 0x6e, 0x74, 0x65, 0x67, 0x65, 0x72, 0x20, 0x79, 0x2c, 0x20, 0x49, 0x6e, 0x74,
  0x65, 0x67, 0x65, 0x72, 0x20, 0x63, 0x6f, 0x6c, 0x6f, 0x72, 0x29, 0x20, 0x2d, 0x3e, 0x20, 0x53,
  0x70, 0x72, 0x69, 0x74, 0x65, 0x00, 0x70, 0x75, 0x73, 0x68, 0x3a, 0x20, 0x28, 0x49, 0x6e, 0x74,
  0x65, 0x67, 0x65, 0x72, 0x20, 0x78, 0x2c, 0x20, 0x49, 0x6e, 0x74, 0x65, 0x67, 0x65, 0x72, 0x20,
  0x79, 0x2c, 0x20, 0x3f, 0x49, 0x6e, 0x74, 0x65, 0x67, 0x65, 0x72, 0x20, 0x74, 0x72, 0x61, 0x6e,
  0x73, 0x70, 0x61, 0x72, 0x65, 0x6e, 0x74, 0x5f, 0x63, 0x6f, 0x6c, 0x6f, 0x72, 0x29, 0x20, 0x2d,
  0x3e, 0x20, 0x53, 0x70, 0x72, 0x69, 0x74, 0x65, 0x00, 0x72, 0x65, 0x63, 0x74, 0x3a, 0x20, 0x28,
  0x49, 0x6e, 0x74, 0x65, 0x67, 0x65, 0x72, 0x20, 0x78, 0x2c, 0x20, 0x49, 0x6e, 0x74, 0x65, 0x67,
  0x65, 0x72, 0x20, 0x79, 0x2c, 0x20, 0x49, 0x6e, 0x74, 0x65, 0x67, 0x65, 0x72, 0x20, 0x77, 0x69,
  0x64, 0x74, 0x68, 0x2c, 0x20, 0x49, 0x6e, 0x74, 0x65, 0x67, 0x65, 0x72, 0x20, 0x68, 0x65, 0x69,
  0x67, 0x68, 0x74, 0x2c, 0x20, 0x49, 0x6e, 0x74, 0x65, 0x67, 0x65, 0x72, 0x20, 0x63, 0x6f, 0x6c,
  0x6f, 0x72, 0x29, 0x20, 0x2d, 0x3e, 0x20, 0x53, 0x70, 0x72, 0x69, 0x74, 0x65, 0x00, 0x74, 0x65,
  0x78, 0x74, 0x3a, 0x20, 0x28, 0x49, 0x6e, 0x74, 0x65, 0x67, 0x65, 0x72, 0x20, 0x78, 0x2c, 0x20,
  0x49, 0x6e, 0x74, 0x65, 0x67, 0x65, 0x72, 0x20, 0x79, 0x2c, 0x20, 0x53, 0x74, 0x72, 0x69, 0x6e,
  0x67, 0x20, 0x73, 0x74, 0x72, 0x69, 0x6e, 0x67, 0x2c, 0x20, 0x49, 0x6e, 0x74, 0x65, 0x67, 0x65,
  0x72, 0x20, 0x63, 0x6f, 0x6c, 0x6f, 0x72, 0x29, 0x20, 0x2d, 0x3e, 0x20, 0x53, 0x70, 0x72, 0x69,
  0x74, 0x65, 0x00, 0x6e, 0x65, 0x77, 0x3a, 0x20, 0x28, 0x49, 0x6e, 0x74, 0x65, 0x67, 0x65, 0x72,
  0x20, 0x77, 0x69, 0x64, 0x74, 0x68, 0x2c, 0x20, 0x49, 0x6e, 0x74, 0x65, 0x67, 0x65, 0x72, 0x20,
  0x68, 0x65, 0x69, 0x67, 0x68, 0x74, 0x2c, 0x20, 0x3f, 0x49, 0x6e, 0x74, 0x65, 0x67, 0x65, 0x72,
  0x20, 0x66, 0x6f, 0x6e, 0x74, 0x5f, 0x73, 0x69, 0x7a, 0x65, 0x29, 0x20, 0x2d, 0x3e, 0x20, 0x53,
  0x70, 0x72, 0x69, 0x74, 0x65, 0x00, 0x61, 0x6c, 0x65, 0x72, 0x74, 0x3a, 0x20, 0x28, 0x53, 0x70,
  0x72, 0x69, 0x74, 0x65, 0x20, 0x73, 0x70, 0x72, 0x69, 0x74, 0x65, 0x2c, 0x20, 0x53, 0x74, 0x72,
  0x69, 0x6e, 0x67, 0x20, 0x6d, 0x65, 0x73, 0x73, 0x61, 0x67, 0x65, 0x29, 0x20, 0x2d, 0x3e, 0x20,
  0x6e, 0x69, 0x6c, 0x00, 0x61, 0x6d, 0x62, 0x65, 0x72, 0x3a, 0x20, 0x28, 0x29, 0x20, 0x2d, 0x3e,
  0x20, 0x49, 0x6e, 0x74, 0x65, 0x67, 0x65, 0x72, 0x00, 0x62, 0x61, 0x64, 0x67, 0x65, 0x3a, 0x20,
  0x28, 0x53, 0x70, 0x72, 0x69, 0x74, 0x65, 0x20, 0x73, 0x70, 0x72, 0x69, 0x74, 0x65, 0x2c, 0x20,
  0x49, 0x6e, 0x74, 0x65, 0x67, 0x65, 0x72, 0x20, 0x78, 0x2c, 0x20, 0x49, 0x6e, 0x74, 0x65, 0x67,
  0x65, 0x72, 0x20, 0x79, 0x2c, 0x20, 0x53, 0x74, 0x72, 0x69, 0x6e, 0x67, 0x20, 0x74, 0x65, 0x78,
  0x74, 0x29, 0x20, 0x2d, 0x3e, 0x20, 0x6e, 0x69, 0x6c, 0x00, 0x62, 0x61, 0x72, 0x5f, 0x63, 0x68,
  0x61, 0x72, 0x74, 0x3a, 0x20, 0x28, 0x53, 0x70, 0x72, 0x69, 0x74, 0x65, 0x20, 0x73, 0x70, 0x72,
  0x69, 0x74, 0x65, 0x2c, 0x20, 0x49, 0x6e, 0x74, 0x65, 0x67, 0x65, 0x72, 0x20, 0x78, 0x2c, 0x20,
  0x49, 0x6e, 0x74, 0x65, 0x67, 0x65, 0x72, 0x20, 0x79, 0x2c, 0x20, 0x49, 0x6e, 0x74, 0x65, 0x67,
  0x65, 0x72, 0x20, 0x77, 0x69, 0x64, 0x74, 0x68, 0x2c, 0x20, 0x49, 0x6e, 0x74, 0x65, 0x67, 0x65,
  0x72, 0x20, 0x68, 0x65, 0x69, 0x67, 0x68, 0x74, 0x2c, 0x20, 0x41, 0x72, 0x72, 0x61, 0x79, 0x5b,
  0x49, 0x6e, 0x74, 0x65, 0x67, 0x65, 0x72, 0x5d, 0x20, 0x76, 0x61, 0x6c, 0x75, 0x65, 0x73, 0x2c,
  0x20, 0x49, 0x6e, 0x74, 0x65, 0x67, 0x65, 0x72, 0x20, 0x6d, 0x61, 0x78, 0x29, 0x20, 0x2d, 0x3e,
  0x20, 0x6e, 0x69, 0x6c, 0x00, 0x62, 0x61, 0x74, 0x74, 0x65, 0x72, 0x79, 0x3a, 0x20, 0x28, 0x53,
  0x70, 0x72, 0x69, 0x74, 0x65, 0x20, 0x73, 0x70, 0x72, 0x69, 0x74, 0x65, 0x2c, 0x20, 0x49, 0x6e,
  0x74, 0x65, 0x67, 0x65, 0x72, 0x20, 0x78, 0x2c, 0x20, 0x49, 0x6e, 0x74, 0x65, 0x67, 0x65, 0x72,
  0x20, 0x79, 0x29, 0x20, 0x2d, 0x3e, 0x20, 0x6e, 0x69, 0x6c, 0x00, 0x62, 0x67, 0x3a, 0x20, 0x28,
  0x29, 0x20, 0x2d, 0x3e, 0x20, 0x49, 0x6e, 0x74, 0x65, 0x67, 0x65, 0x72, 0x00, 0x62, 0x69, 0x67,
  0x5f, 0x74, 0x65, 0x78, 0x74, 0x3a, 0x20, 0x28, 0x53, 0x70, 0x72, 0x69, 0x74, 0x65, 0x20, 0x73,
  0x70, 0x72, 0x69, 0x74, 0x65, 0x2c, 0x20, 0x49, 0x6e, 0x74, 0x65, 0x67, 0x65, 0x72, 0x20, 0x78,
  0x2c, 0x20, 0x49, 0x6e, 0x74, 0x65, 0x67, 0x65, 0x72, 0x20, 0x79, 0x2c, 0x20, 0x53, 0x74, 0x72,
  0x69, 0x6e, 0x67, 0x20, 0x74, 0x65, 0x78, 0x74, 0x2c, 0x20, 0x3f, 0x49, 0x6e, 0x74, 0x65, 0x67,
  0x65, 0x72, 0x20, 0x63, 0x6f, 0x6c, 0x6f, 0x72, 0x29, 0x20, 0x2d, 0x3e, 0x20, 0x6e, 0x69, 0x6c,
  0x00, 0x62, 0x6f, 0x64, 0x79, 0x5f, 0x62, 0x6f, 0x74, 0x74, 0x6f, 0x6d, 0x3a, 0x20, 0x28, 0x29,
  0x20, 0x2d, 0x3e, 0x20, 0x49, 0x6e, 0x74, 0x65, 0x67, 0x65, 0x72, 0x00, 0x62, 0x6f, 0x64, 0x79,
  0x5f, 0x68, 0x65, 0x69, 0x67, 0x68, 0x74, 0x3a, 0x20, 0x28, 0x29, 0x20, 0x2d, 0x3e, 0x20, 0x49,
  0x6e, 0x74, 0x65, 0x67, 0x65, 0x72, 0x00, 0x62, 0x6f, 0x64, 0x79, 0x5f, 0x74, 0x6f, 0x70, 0x3a,
  0x20, 0x28, 0x29, 0x20, 0x2d, 0x3e, 0x20, 0x49, 0x6e, 0x74, 0x65, 0x67, 0x65, 0x72, 0x00, 0x62,
  0x75, 0x73, 0x79, 0x3a, 0x20, 0x28, 0x53, 0x70, 0x72, 0x69, 0x74, 0x65, 0x20, 0x73, 0x70, 0x72,
  0x69, 0x74, 0x65, 0x2c, 0x20, 0x49, 0x6e, 0x74, 0x65, 0x67, 0x65, 0x72, 0x20, 0x78, 0x2c, 0x20,
  0x49, 0x6e, 0x74, 0x65, 0x67, 0x65, 0x72, 0x20, 0x79, 0x2c, 0x20, 0x49, 0x6e, 0x74, 0x65, 0x67,
  0x65, 0x72, 0x20, 0x66, 0x72, 0x61, 0x6d, 0x65, 0x29, 0x20, 0x2d, 0x3e, 0x20, 0x6e, 0x69, 0x6c,
  0x00, 0x62, 0x75, 0x74, 0x74, 0x6f, 0x6e, 0x3a, 0x20, 0x28, 0x53, 0x70, 0x72, 0x69, 0x74, 0x65,
  0x20, 0x73, 0x70, 0x72, 0x69, 0x74, 0x65, 0x2c, 0x20, 0x49, 0x6e, 0x74, 0x65, 0x67, 0x65, 0x72,
  0x20, 0x78, 0x2c, 0x20, 0x49, 0x6e, 0x74, 0x65, 0x67, 0x65, 0x72, 0x20, 0x79, 0x2c, 0x20, 0x49,
  0x6e, 0x74, 0x65, 0x67, 0x65, 0x72, 0x20, 0x77, 0x69, 0x64, 0x74, 0x68, 0x2c, 0x20, 0x53, 0x74,
  0x72, 0x69, 0x6e, 0x67, 0x20, 0x6c, 0x61, 0x62, 0x65, 0x6c, 0x2c, 0x20, 0x62, 0x6f, 0x6f, 0x6c,
  0x20, 0x66, 0x6f, 0x63, 0x75, 0x73, 0x65, 0x64, 0x29, 0x20, 0x2d, 0x3e, 0x20, 0x6e, 0x69, 0x6c,
  0x00, 0x63, 0x65, 0x6c, 0x6c, 0x3a, 0x20, 0x28, 0x53, 0x70, 0x72, 0x69, 0x74, 0x65, 0x20, 0x73,
  0x70, 0x72, 0x69, 0x74, 0x65, 0x2c, 0x20, 0x49, 0x6e, 0x74, 0x65, 0x67, 0x65, 0x72, 0x20, 0x78,
  0x2c, 0x20, 0x49, 0x6e, 0x74, 0x65, 0x67, 0x65, 0x72, 0x20, 0x79, 0x2c, 0x20, 0x49, 0x6e, 0x74,
  0x65, 0x67, 0x65, 0x72, 0x20, 0x77, 0x69, 0x64, 0x74, 0x68, 0x2c, 0x20, 0x49, 0x6e, 0x74, 0x65,
  0x67, 0x65, 0x72, 0x20, 0x68, 0x65, 0x69, 0x67, 0x68, 0x74, 0x2c, 0x20, 0x53, 0x74, 0x72, 0x69,
  0x6e, 0x67, 0x20, 0x74, 0x65, 0x78, 0x74, 0x2c, 0x20, 0x62, 0x6f, 0x6f, 0x6c, 0x20, 0x73, 0x65,
  0x6c, 0x65, 0x63, 0x74, 0x65, 0x64, 0x29, 0x20, 0x2d, 0x3e, 0x20, 0x6e, 0x69, 0x6c, 0x00, 0x63,
  0x65, 0x6e, 0x74, 0x65, 0x72, 0x5f, 0x6c, 0x69, 0x6e, 0x65, 0x73, 0x3a, 0x20, 0x28, 0x53, 0x70,
  0x72, 0x69, 0x74, 0x65, 0x20, 0x73, 0x70, 0x72, 0x69, 0x74, 0x65, 0x2c, 0x20, 0x41, 0x72, 0x72,
  0x61, 0x79, 0x20, 0x6c, 0x69, 0x6e, 0x65, 0x73, 0x29, 0x20, 0x2d, 0x3e, 0x20, 0x6e, 0x69, 0x6c,
  0x00, 0x63, 0x68, 0x61, 0x72, 0x5f, 0x77, 0x69, 0x64, 0x74, 0x68, 0x3a, 0x20, 0x28, 0x29, 0x20,
  0x2d, 0x3e, 0x20, 0x49, 0x6e, 0x74, 0x65, 0x67, 0x65, 0x72, 0x00, 0x63, 0x68, 0x65, 0x63, 0x6b,
  0x62, 0x6f, 0x78, 0x3a, 0x20, 0x28, 0x53, 0x70, 0x72, 0x69, 0x74, 0x65, 0x20, 0x73, 0x70, 0x72,
  0x69, 0x74, 0x65, 0x2c, 0x20, 0x49, 0x6e, 0x74, 0x65, 0x67, 0x65, 0x72, 0x20, 0x78, 0x2c, 0x20,
  0x49, 0x6e, 0x74, 0x65, 0x67, 0x65, 0x72, 0x20, 0x79, 0x2c, 0x20, 0x53, 0x74, 0x72, 0x69, 0x6e,
  0x67, 0x20, 0x6c, 0x61, 0x62, 0x65, 0x6c, 0x2c, 0x20, 0x62, 0x6f, 0x6f, 0x6c, 0x20, 0x63, 0x68,
  0x65, 0x63, 0x6b, 0x65, 0x64, 0x2c, 0x20, 0x62, 0x6f, 0x6f, 0x6c, 0x20, 0x66, 0x6f, 0x63, 0x75,
  0x73, 0x65, 0x64, 0x29, 0x20, 0x2d, 0x3e, 0x20, 0x6e, 0x69, 0x6c, 0x00, 0x63, 0x6c, 0x69, 0x70,
  0x3a, 0x20, 0x28, 0x53, 0x70, 0x72, 0x69, 0x74, 0x65, 0x20, 0x73, 0x70, 0x72, 0x69, 0x74, 0x65,
  0x2c, 0x20, 0x53, 0x74, 0x72, 0x69, 0x6e, 0x67, 0x20, 0x74, 0x65, 0x78, 0x74, 0x2c, 0x20, 0x49,
  0x6e, 0x74, 0x65, 0x67, 0x65, 0x72, 0x20, 0x77, 0x69, 0x64, 0x74, 0x68, 0x29, 0x20, 0x2d, 0x3e,
  0x20, 0x53, 0x74, 0x72, 0x69, 0x6e, 0x67, 0x00, 0x63, 0x6f, 0x6e, 0x66, 0x69, 0x72, 0x6d, 0x3a,
  0x20, 0x28, 0x53, 0x70, 0x72, 0x69, 0x74, 0x65, 0x20, 0x73, 0x70, 0x72, 0x69, 0x74, 0x65, 0x2c,
  0x20, 0x53, 0x74, 0x72, 0x69, 0x6e, 0x67, 0x20, 0x71, 0x75, 0x65, 0x73, 0x74, 0x69, 0x6f, 0x6e,
  0x29, 0x20, 0x2d, 0x3e, 0x20, 0x62, 0x6f, 0x6f, 0x6c, 0x00, 0x64, 0x61, 0x72, 0x6b, 0x3a, 0x20,
  0x28, 0x29, 0x20, 0x2d, 0x3e, 0x20, 0x49, 0x6e, 0x74, 0x65, 0x67, 0x65, 0x72, 0x00, 0x64, 0x69,
  0x61, 0x6c, 0x6f, 0x67, 0x3a, 0x20, 0x28, 0x53, 0x70, 0x72, 0x69, 0x74, 0x65, 0x20, 0x73, 0x70,
  0x72, 0x69, 0x74, 0x65, 0x2c, 0x20, 0x53, 0x74, 0x72, 0x69, 0x6e, 0x67, 0x20, 0x6d, 0x65, 0x73,
  0x73, 0x61, 0x67, 0x65, 0x2c, 0x20, 0x41, 0x72, 0x72, 0x61, 0x79, 0x5b, 0x53, 0x74, 0x72, 0x69,
  0x6e, 0x67, 0x5d, 0x20, 0x62, 0x75, 0x74, 0x74, 0x6f, 0x6e, 0x73, 0x29, 0x20, 0x2d, 0x3e, 0x20,
  0x28, 0x49, 0x6e, 0x74, 0x65, 0x67, 0x65, 0x72, 0x20, 0x7c, 0x20, 0x6e, 0x69, 0x6c, 0x29, 0x00,
  0x64, 0x69, 0x6d, 0x3a, 0x20, 0x28, 0x29, 0x20, 0x2d, 0x3e, 0x20, 0x49, 0x6e, 0x74, 0x65, 0x67,
  0x65, 0x72, 0x00, 0x66, 0x69, 0x65, 0x6c, 0x64, 0x3a, 0x20, 0x28, 0x53, 0x70, 0x72, 0x69, 0x74,
  0x65, 0x20, 0x73, 0x70, 0x72, 0x69, 0x74, 0x65, 0x2c, 0x20, 0x49, 0x6e, 0x74, 0x65, 0x67, 0x65,
  0x72, 0x20, 0x78, 0x2c, 0x20, 0x49, 0x6e, 0x74, 0x65, 0x67, 0x65, 0x72, 0x20, 0x79, 0x2c, 0x20,
  0x49, 0x6e, 0x74, 0x65, 0x67, 0x65, 0x72, 0x20, 0x77, 0x69, 0x64, 0x74, 0x68, 0x2c, 0x20, 0x53,
  0x74, 0x72, 0x69, 0x6e, 0x67, 0x20, 0x6c, 0x61, 0x62, 0x65, 0x6c, 0x2c, 0x20, 0x53, 0x74, 0x72,
  0x69, 0x6e, 0x67, 0x20, 0x76, 0x61, 0x6c, 0x75, 0x65, 0x2c, 0x20, 0x62, 0x6f, 0x6f, 0x6c, 0x20,
  0x66, 0x6f, 0x63, 0x75, 0x73, 0x65, 0x64, 0x29, 0x20, 0x2d, 0x3e, 0x20, 0x6e, 0x69, 0x6c, 0x00,
  0x66, 0x6f, 0x6f, 0x74, 0x65, 0x72, 0x3a, 0x20, 0x28, 0x53, 0x70, 0x72, 0x69, 0x74, 0x65, 0x20,
  0x73, 0x70, 0x72, 0x69, 0x74, 0x65, 0x2c, 0x20, 0x53, 0x74, 0x72, 0x69, 0x6e, 0x67, 0x20, 0x6d,
  0x65, 0x73, 0x73, 0x61, 0x67, 0x65, 0x29, 0x20, 0x2d, 0x3e, 0x20, 0x6e, 0x69, 0x6c, 0x00, 0x67,
  0x61, 0x75, 0x67, 0x65, 0x3a, 0x20, 0x28, 0x53, 0x70, 0x72, 0x69, 0x74, 0x65, 0x20, 0x73, 0x70,
  0x72, 0x69, 0x74, 0x65, 0x2c, 0x20, 0x49, 0x6e, 0x74, 0x65, 0x67, 0x65, 0x72, 0x20, 0x78, 0x2c,
  0x20, 0x49, 0x6e, 0x74, 0x65, 0x67, 0x65, 0x72, 0x20, 0x79, 0x2c, 0x20, 0x49, 0x6e, 0x74, 0x65,
  0x67, 0x65, 0x72, 0x20, 0x77, 0x69, 0x64, 0x74, 0x68, 0x2c, 0x20, 0x49, 0x6e, 0x74, 0x65, 0x67,
  0x65, 0x72, 0x20, 0x76, 0x61, 0x6c, 0x75, 0x65, 0x2c, 0x20, 0x49, 0x6e, 0x74, 0x65, 0x67, 0x65,
  0x72, 0x20, 0x6d, 0x61, 0x78, 0x29, 0x20, 0x2d, 0x3e, 0x20, 0x6e, 0x69, 0x6c, 0x00, 0x67, 0x6f,
  0x6c, 0x64, 0x3a, 0x20, 0x28, 0x29, 0x20, 0x2d, 0x3e, 0x20, 0x49, 0x6e, 0x74, 0x65, 0x67, 0x65,
  0x72, 0x00, 0x68, 0x65, 0x61, 0x64, 0x65, 0x72, 0x3a, 0x20, 0x28, 0x53, 0x70, 0x72, 0x69, 0x74,
  0x65, 0x20, 0x73, 0x70, 0x72, 0x69, 0x74, 0x65, 0x2c, 0x20, 0x53, 0x74, 0x72, 0x69, 0x6e, 0x67,
  0x20, 0x74, 0x69, 0x74, 0x6c, 0x65, 0x2c, 0x20, 0x3f, 0x53, 0x74, 0x72, 0x69, 0x6e, 0x67, 0x20,
  0x72, 0x69, 0x67, 0x68, 0x74, 0x29, 0x20, 0x2d, 0x3e, 0x20, 0x6e, 0x69, 0x6c, 0x00, 0x68, 0x65,
  0x61, 0x64, 0x65, 0x72, 0x5f, 0x68, 0x65, 0x69, 0x67, 0x68, 0x74, 0x3a, 0x20, 0x28, 0x29, 0x20,
  0x2d, 0x3e, 0x20, 0x49, 0x6e, 0x74, 0x65, 0x67, 0x65, 0x72, 0x00, 0x68, 0x69, 0x6e, 0x74, 0x73,
  0x3a, 0x20, 0x28, 0x53, 0x70, 0x72, 0x69, 0x74, 0x65, 0x20, 0x73, 0x70, 0x72, 0x69, 0x74, 0x65,
  0x2c, 0x20, 0x41, 0x72, 0x72, 0x61, 0x79, 0x20, 0x68, 0x69, 0x6e, 0x74, 0x73, 0x29, 0x20, 0x2d,
  0x3e, 0x20, 0x6e, 0x69, 0x6c, 0x00, 0x68, 0x73, 0x63, 0x72, 0x6f, 0x6c, 0x6c, 0x62, 0x61, 0x72,
  0x3a, 0x20, 0x28, 0x53, 0x70, 0x72, 0x69, 0x74, 0x65, 0x20, 0x73, 0x70, 0x72, 0x69, 0x74, 0x65,
  0x2c, 0x20, 0x49, 0x6e, 0x74, 0x65, 0x67, 0x65, 0x72, 0x20, 0x78, 0x2c, 0x20, 0x49, 0x6e, 0x74,
  0x65, 0x67, 0x65, 0x72, 0x20, 0x79, 0x2c, 0x20, 0x49, 0x6e, 0x74, 0x65, 0x67, 0x65, 0x72, 0x20,
  0x77, 0x69, 0x64, 0x74, 0x68, 0x2c, 0x20, 0x49, 0x6e, 0x74, 0x65, 0x67, 0x65, 0x72, 0x20, 0x6c,
  0x65, 0x66, 0x74, 0x2c, 0x20, 0x49, 0x6e, 0x74, 0x65, 0x67, 0x65, 0x72, 0x20, 0x76, 0x69, 0x73,
  0x69, 0x62, 0x6c, 0x65, 0x2c, 0x20, 0x49, 0x6e, 0x74, 0x65, 0x67, 0x65, 0x72, 0x20, 0x74, 0x6f,
  0x74, 0x61, 0x6c, 0x29, 0x20, 0x2d, 0x3e, 0x20, 0x6e, 0x69, 0x6c, 0x00, 0x69, 0x6e, 0x70, 0x75,
  0x74, 0x3a, 0x20, 0x28, 0x53, 0x70, 0x72, 0x69, 0x74, 0x65, 0x20, 0x73, 0x70, 0x72, 0x69, 0x74,
  0x65, 0x2c, 0x20, 0x53, 0x74, 0x72, 0x69, 0x6e, 0x67, 0x20, 0x6c, 0x61, 0x62, 0x65, 0x6c, 0x2c,
  0x20, 0x3f, 0x53, 0x74, 0x72, 0x69, 0x6e, 0x67, 0x20, 0x69, 0x6e, 0x69, 0x74, 0x69, 0x61, 0x6c,
  0x29, 0x20, 0x2d, 0x3e, 0x20, 0x28, 0x53, 0x74, 0x72, 0x69, 0x6e, 0x67, 0x20, 0x7c, 0x20, 0x6e,
  0x69, 0x6c, 0x29, 0x00, 0x69, 0x6e, 0x70, 0x75, 0x74, 0x5f, 0x6e, 0x75, 0x6d, 0x62, 0x65, 0x72,
  0x3a, 0x20, 0x28, 0x53, 0x70, 0x72, 0x69, 0x74, 0x65, 0x20, 0x73, 0x70, 0x72, 0x69, 0x74, 0x65,
  0x2c, 0x20, 0x53, 0x74, 0x72, 0x69, 0x6e, 0x67, 0x20, 0x6c, 0x61, 0x62, 0x65, 0x6c, 0x2c, 0x20,
  0x49, 0x6e, 0x74, 0x65, 0x67, 0x65, 0x72, 0x20, 0x69, 0x6e, 0x69, 0x74, 0x69, 0x61, 0x6c, 0x2c,
  0x20, 0x49, 0x6e, 0x74, 0x65, 0x67, 0x65, 0x72, 0x20, 0x6d, 0x69, 0x6e, 0x2c, 0x20, 0x49, 0x6e,
  0x74, 0x65, 0x67, 0x65, 0x72, 0x20, 0x6d, 0x61, 0x78, 0x29, 0x20, 0x2d, 0x3e, 0x20, 0x28, 0x49,
  0x6e, 0x74, 0x65, 0x67, 0x65, 0x72, 0x20, 0x7c, 0x20, 0x6e, 0x69, 0x6c, 0x29, 0x00, 0x6c, 0x69,
  0x6e, 0x65, 0x5f, 0x63, 0x68, 0x61, 0x72, 0x74, 0x3a, 0x20, 0x28, 0x53, 0x70, 0x72, 0x69, 0x74,
  0x65, 0x20, 0x73, 0x70, 0x72, 0x69, 0x74, 0x65, 0x2c, 0x20, 0x49, 0x6e, 0x74, 0x65, 0x67, 0x65,
  0x72, 0x20, 0x78, 0x2c, 0x20, 0x49, 0x6e, 0x74, 0x65, 0x67, 0x65, 0x72, 0x20, 0x79, 0x2c, 0x20,
  0x49, 0x6e, 0x74, 0x65, 0x67, 0x65, 0x72, 0x20, 0x77, 0x69, 0x64, 0x74, 0x68, 0x2c, 0x20, 0x49,
  0x6e, 0x74, 0x65, 0x67, 0x65, 0x72, 0x20, 0x68, 0x65, 0x69, 0x67, 0x68, 0x74, 0x2c, 0x20, 0x41,
  0x72, 0x72, 0x61, 0x79, 0x5b, 0x49, 0x6e, 0x74, 0x65, 0x67, 0x65, 0x72, 0x5d, 0x20, 0x76, 0x61,
  0x6c, 0x75, 0x65, 0x73, 0x2c, 0x20, 0x49, 0x6e, 0x74, 0x65, 0x67, 0x65, 0x72, 0x20, 0x6d, 0x61,
  0x78, 0x29, 0x20, 0x2d, 0x3e, 0x20, 0x6e, 0x69, 0x6c, 0x00, 0x6d, 0x61, 0x72, 0x71, 0x75, 0x65,
  0x65, 0x3a, 0x20, 0x28, 0x53, 0x70, 0x72, 0x69, 0x74, 0x65, 0x20, 0x73, 0x70, 0x72, 0x69, 0x74,
  0x65, 0x2c, 0x20, 0x49, 0x6e, 0x74, 0x65, 0x67, 0x65, 0x72, 0x20, 0x78, 0x2c, 0x20, 0x49, 0x6e,
  0x74, 0x65, 0x67, 0x65, 0x72, 0x20, 0x79, 0x2c, 0x20, 0x49, 0x6e, 0x74, 0x65, 0x67, 0x65, 0x72,
  0x20, 0x77, 0x69, 0x64, 0x74, 0x68, 0x2c, 0x20, 0x53, 0x74, 0x72, 0x69, 0x6e, 0x67, 0x20, 0x74,
  0x65, 0x78, 0x74, 0x2c, 0x20, 0x49, 0x6e, 0x74, 0x65, 0x67, 0x65, 0x72, 0x20, 0x6f, 0x66, 0x66,
  0x73, 0x65, 0x74, 0x29, 0x20, 0x2d, 0x3e, 0x20, 0x49, 0x6e, 0x74, 0x65, 0x67, 0x65, 0x72, 0x00,
  0x6d, 0x65, 0x6e, 0x75, 0x3a, 0x20, 0x28, 0x53, 0x70, 0x72, 0x69, 0x74, 0x65, 0x20, 0x73, 0x70,
  0x72, 0x69, 0x74, 0x65, 0x2c, 0x20, 0x53, 0x74, 0x72, 0x69, 0x6e, 0x67, 0x20, 0x74, 0x69, 0x74,
  0x6c, 0x65, 0x2c, 0x20, 0x41, 0x72, 0x72, 0x61, 0x79, 0x5b, 0x53, 0x74, 0x72, 0x69, 0x6e, 0x67,
  0x5d, 0x20, 0x69, 0x74, 0x65, 0x6d, 0x73, 0x2c, 0x20, 0x3f, 0x49, 0x6e, 0x74, 0x65, 0x67, 0x65,
  0x72, 0x20, 0x69, 0x6e, 0x69, 0x74, 0x69, 0x61, 0x6c, 0x29, 0x20, 0x2d, 0x3e, 0x20, 0x28, 0x49,
  0x6e, 0x74, 0x65, 0x67, 0x65, 0x72, 0x20, 0x7c, 0x20, 0x6e, 0x69, 0x6c, 0x29, 0x00, 0x70, 0x61,
  0x67, 0x65, 0x5f, 0x64, 0x6f, 0x74, 0x73, 0x3a, 0x20, 0x28, 0x53, 0x70, 0x72, 0x69, 0x74, 0x65,
  0x20, 0x73, 0x70, 0x72, 0x69, 0x74, 0x65, 0x2c, 0x20, 0x49, 0x6e, 0x74, 0x65, 0x67, 0x65, 0x72,
  0x20, 0x79, 0x2c, 0x20, 0x49, 0x6e, 0x74, 0x65, 0x67, 0x65, 0x72, 0x20, 0x63, 0x6f, 0x75, 0x6e,
  0x74, 0x2c, 0x20, 0x49, 0x6e, 0x74, 0x65, 0x67, 0x65, 0x72, 0x20, 0x61, 0x63, 0x74, 0x69, 0x76,
  0x65, 0x29, 0x20, 0x2d, 0x3e, 0x20, 0x6e, 0x69, 0x6c, 0x00, 0x70, 0x61, 0x6e, 0x65, 0x6c, 0x3a,
  0x20, 0x28, 0x53, 0x70, 0x72, 0x69, 0x74, 0x65, 0x20, 0x73, 0x70, 0x72, 0x69, 0x74, 0x65, 0x2c,
  0x20, 0x49, 0x6e, 0x74, 0x65, 0x67, 0x65, 0x72, 0x20, 0x78, 0x2c, 0x20, 0x49, 0x6e, 0x74, 0x65,
  0x67, 0x65, 0x72, 0x20, 0x79, 0x2c, 0x20, 0x49, 0x6e, 0x74, 0x65, 0x67, 0x65, 0x72, 0x20, 0x77,
  0x69, 0x64, 0x74, 0x68, 0x2c, 0x20, 0x49, 0x6e, 0x74, 0x65, 0x67, 0x65, 0x72, 0x20, 0x68, 0x65,
  0x69, 0x67, 0x68, 0x74, 0x29, 0x20, 0x2d, 0x3e, 0x20, 0x6e, 0x69, 0x6c, 0x00, 0x72, 0x61, 0x64,
  0x69, 0x6f, 0x3a, 0x20, 0x28, 0x53, 0x70, 0x72, 0x69, 0x74, 0x65, 0x20, 0x73, 0x70, 0x72, 0x69,
  0x74, 0x65, 0x2c, 0x20, 0x49, 0x6e, 0x74, 0x65, 0x67, 0x65, 0x72, 0x20, 0x78, 0x2c, 0x20, 0x49,
  0x6e, 0x74, 0x65, 0x67, 0x65, 0x72, 0x20, 0x79, 0x2c, 0x20, 0x53, 0x74, 0x72, 0x69, 0x6e, 0x67,
  0x20, 0x6c, 0x61, 0x62, 0x65, 0x6c, 0x2c, 0x20, 0x62, 0x6f, 0x6f, 0x6c, 0x20, 0x73, 0x65, 0x6c,
  0x65, 0x63, 0x74, 0x65, 0x64, 0x2c, 0x20, 0x62, 0x6f, 0x6f, 0x6c, 0x20, 0x66, 0x6f, 0x63, 0x75,
  0x73, 0x65, 0x64, 0x29, 0x20, 0x2d, 0x3e, 0x20, 0x6e, 0x69, 0x6c, 0x00, 0x72, 0x65, 0x61, 0x64,
  0x5f, 0x6b, 0x65, 0x79, 0x3a, 0x20, 0x28, 0x29, 0x20, 0x2d, 0x3e, 0x20, 0x53, 0x74, 0x72, 0x69,
  0x6e, 0x67, 0x00, 0x72, 0x6f, 0x77, 0x5f, 0x68, 0x65, 0x69, 0x67, 0x68, 0x74, 0x3a, 0x20, 0x28,
  0x29, 0x20, 0x2d, 0x3e, 0x20, 0x49, 0x6e, 0x74, 0x65, 0x67, 0x65, 0x72, 0x00, 0x73, 0x63, 0x72,
  0x6f, 0x6c, 0x6c, 0x62, 0x61, 0x72, 0x3a, 0x20, 0x28, 0x53, 0x70, 0x72, 0x69, 0x74, 0x65, 0x20,
  0x73, 0x70, 0x72, 0x69, 0x74, 0x65, 0x2c, 0x20, 0x49, 0x6e, 0x74, 0x65, 0x67, 0x65, 0x72, 0x20,
  0x78, 0x2c, 0x20, 0x49, 0x6e, 0x74, 0x65, 0x67, 0x65, 0x72, 0x20, 0x79, 0x2c, 0x20, 0x49, 0x6e,
  0x74, 0x65, 0x67, 0x65, 0x72, 0x20, 0x68, 0x65, 0x69, 0x67, 0x68, 0x74, 0x2c, 0x20, 0x49, 0x6e,
  0x74, 0x65, 0x67, 0x65, 0x72, 0x20, 0x74, 0x6f, 0x70, 0x2c, 0x20, 0x49, 0x6e, 0x74, 0x65, 0x67,
  0x65, 0x72, 0x20, 0x76, 0x69, 0x73, 0x69, 0x62, 0x6c, 0x65, 0x2c, 0x20, 0x49, 0x6e, 0x74, 0x65,
  0x67, 0x65, 0x72, 0x20, 0x74, 0x6f, 0x74, 0x61, 0x6c, 0x29, 0x20, 0x2d, 0x3e, 0x20, 0x6e, 0x69,
  0x6c, 0x00, 0x73, 0x65, 0x70, 0x61, 0x72, 0x61, 0x74, 0x6f, 0x72, 0x3a, 0x20, 0x28, 0x53, 0x70,
  0x72, 0x69, 0x74, 0x65, 0x20, 0x73, 0x70, 0x72, 0x69, 0x74, 0x65, 0x2c, 0x20, 0x49, 0x6e, 0x74,
  0x65, 0x67, 0x65, 0x72, 0x20, 0x79, 0x29, 0x20, 0x2d, 0x3e, 0x20, 0x6e, 0x69, 0x6c, 0x00, 0x73,
  0x6c, 0x69, 0x64, 0x65, 0x72, 0x3a, 0x20, 0x28, 0x53, 0x70, 0x72, 0x69, 0x74, 0x65, 0x20, 0x73,
  0x70, 0x72, 0x69, 0x74, 0x65, 0x2c, 0x20, 0x49, 0x6e, 0x74, 0x65, 0x67, 0x65, 0x72, 0x20, 0x78,
  0x2c, 0x20, 0x49, 0x6e, 0x74, 0x65, 0x67, 0x65, 0x72, 0x20, 0x79, 0x2c, 0x20, 0x49, 0x6e, 0x74,
  0x65, 0x67, 0x65, 0x72, 0x20, 0x77, 0x69, 0x64, 0x74, 0x68, 0x2c, 0x20, 0x49, 0x6e, 0x74, 0x65,
  0x67, 0x65, 0x72, 0x20, 0x76, 0x61, 0x6c, 0x75, 0x65, 0x2c, 0x20, 0x49, 0x6e, 0x74, 0x65, 0x67,
  0x65, 0x72, 0x20, 0x6d, 0x61, 0x78, 0x2c, 0x20, 0x62, 0x6f, 0x6f, 0x6c, 0x20, 0x66, 0x6f, 0x63,
  0x75, 0x73, 0x65, 0x64, 0x29, 0x20, 0x2d, 0x3e, 0x20, 0x6e, 0x69, 0x6c, 0x00, 0x73, 0x70, 0x69,
  0x6e, 0x6e, 0x65, 0x72, 0x3a, 0x20, 0x28, 0x53, 0x70, 0x72, 0x69, 0x74, 0x65, 0x20, 0x73, 0x70,
  0x72, 0x69, 0x74, 0x65, 0x2c, 0x20, 0x49, 0x6e, 0x74, 0x65, 0x67, 0x65, 0x72, 0x20, 0x78, 0x2c,
  0x20, 0x49, 0x6e, 0x74, 0x65, 0x67, 0x65, 0x72, 0x20, 0x79, 0x2c, 0x20, 0x49, 0x6e, 0x74, 0x65,
  0x67, 0x65, 0x72, 0x20, 0x77, 0x69, 0x64, 0x74, 0x68, 0x2c, 0x20, 0x53, 0x74, 0x72, 0x69, 0x6e,
  0x67, 0x20, 0x74, 0x65, 0x78, 0x74, 0x2c, 0x20, 0x62, 0x6f, 0x6f, 0x6c, 0x20, 0x66, 0x6f, 0x63,
  0x75, 0x73, 0x65, 0x64, 0x29, 0x20, 0x2d, 0x3e, 0x20, 0x6e, 0x69, 0x6c, 0x00, 0x73, 0x70, 0x6c,
  0x61, 0x73, 0x68, 0x3a, 0x20, 0x28, 0x53, 0x70, 0x72, 0x69, 0x74, 0x65, 0x20, 0x73, 0x70, 0x72,
  0x69, 0x74, 0x65, 0x2c, 0x20, 0x53, 0x74, 0x72, 0x69, 0x6e, 0x67, 0x20, 0x74, 0x69, 0x74, 0x6c,
  0x65, 0x2c, 0x20, 0x3f, 0x53, 0x74, 0x72, 0x69, 0x6e, 0x67, 0x20, 0x73, 0x75, 0x62, 0x74, 0x69,
  0x74, 0x6c, 0x65, 0x29, 0x20, 0x2d, 0x3e, 0x20, 0x6e, 0x69, 0x6c, 0x00, 0x74, 0x61, 0x62, 0x6c,
  0x65, 0x5f, 0x68, 0x65, 0x61, 0x64, 0x65, 0x72, 0x3a, 0x20, 0x28, 0x53, 0x70, 0x72, 0x69, 0x74,
  0x65, 0x20, 0x73, 0x70, 0x72, 0x69, 0x74, 0x65, 0x2c, 0x20, 0x49, 0x6e, 0x74, 0x65, 0x67, 0x65,
  0x72, 0x20, 0x78, 0x2c, 0x20, 0x49, 0x6e, 0x74, 0x65, 0x67, 0x65, 0x72, 0x20, 0x79, 0x2c, 0x20,
  0x41, 0x72, 0x72, 0x61, 0x79, 0x5b, 0x49, 0x6e, 0x74, 0x65, 0x67, 0x65, 0x72, 0x5d, 0x20, 0x77,
  0x69, 0x64, 0x74, 0x68, 0x73, 0x2c, 0x20, 0x41, 0x72, 0x72, 0x61, 0x79, 0x5b, 0x53, 0x74, 0x72,
  0x69, 0x6e, 0x67, 0x5d, 0x20, 0x6c, 0x61, 0x62, 0x65, 0x6c, 0x73, 0x29, 0x20, 0x2d, 0x3e, 0x20,
  0x6e, 0x69, 0x6c, 0x00, 0x74, 0x61, 0x62, 0x6c, 0x65, 0x5f, 0x72, 0x6f, 0x77, 0x3a, 0x20, 0x28,
  0x53, 0x70, 0x72, 0x69, 0x74, 0x65, 0x20, 0x73, 0x70, 0x72, 0x69, 0x74, 0x65, 0x2c, 0x20, 0x49,
  0x6e, 0x74, 0x65, 0x67, 0x65, 0x72, 0x20, 0x78, 0x2c, 0x20, 0x49, 0x6e, 0x74, 0x65, 0x67, 0x65,
  0x72, 0x20, 0x79, 0x2c, 0x20, 0x41, 0x72, 0x72, 0x61, 0x79, 0x5b, 0x49, 0x6e, 0x74, 0x65, 0x67,
  0x65, 0x72, 0x5d, 0x20, 0x77, 0x69, 0x64, 0x74, 0x68, 0x73, 0x2c, 0x20, 0x41, 0x72, 0x72, 0x61,
  0x79, 0x5b, 0x53, 0x74, 0x72, 0x69, 0x6e, 0x67, 0x5d, 0x20, 0x74, 0x65, 0x78, 0x74, 0x73, 0x2c,
  0x20, 0x62, 0x6f, 0x6f, 0x6c, 0x20, 0x73, 0x65, 0x6c, 0x65, 0x63, 0x74, 0x65, 0x64, 0x29, 0x20,
  0x2d, 0x3e, 0x20, 0x6e, 0x69, 0x6c, 0x00, 0x74, 0x61, 0x62, 0x73, 0x3a, 0x20, 0x28, 0x53, 0x70,
  0x72, 0x69, 0x74, 0x65, 0x20, 0x73, 0x70, 0x72, 0x69, 0x74, 0x65, 0x2c, 0x20, 0x49, 0x6e, 0x74,
  0x65, 0x67, 0x65, 0x72, 0x20, 0x79, 0x2c, 0x20, 0x41, 0x72, 0x72, 0x61, 0x79, 0x5b, 0x53, 0x74,
  0x72, 0x69, 0x6e, 0x67, 0x5d, 0x20, 0x6c, 0x61, 0x62, 0x65, 0x6c, 0x73, 0x2c, 0x20, 0x49, 0x6e,
  0x74, 0x65, 0x67, 0x65, 0x72, 0x20, 0x61, 0x63, 0x74, 0x69, 0x76, 0x65, 0x29, 0x20, 0x2d, 0x3e,
  0x20, 0x6e, 0x69, 0x6c, 0x00, 0x74, 0x65, 0x78, 0x74, 0x5f, 0x63, 0x65, 0x6e, 0x74, 0x65, 0x72,
  0x3a, 0x20, 0x28, 0x53, 0x70, 0x72, 0x69, 0x74, 0x65, 0x20, 0x73, 0x70, 0x72, 0x69, 0x74, 0x65,
  0x2c, 0x20, 0x49, 0x6e, 0x74, 0x65, 0x67, 0x65, 0x72, 0x20, 0x79, 0x2c, 0x20, 0x53, 0x74, 0x72,
  0x69, 0x6e, 0x67, 0x20, 0x74, 0x65, 0x78, 0x74, 0x2c, 0x20, 0x3f, 0x49, 0x6e, 0x74, 0x65, 0x67,
  0x65, 0x72, 0x20, 0x63, 0x6f, 0x6c, 0x6f, 0x72, 0x29, 0x20, 0x2d, 0x3e, 0x20, 0x6e, 0x69, 0x6c,
  0x00, 0x74, 0x65, 0x78, 0x74, 0x5f, 0x72, 0x69, 0x67, 0x68, 0x74, 0x3a, 0x20, 0x28, 0x53, 0x70,
  0x72, 0x69, 0x74, 0x65, 0x20, 0x73, 0x70, 0x72, 0x69, 0x74, 0x65, 0x2c, 0x20, 0x49, 0x6e, 0x74,
  0x65, 0x67, 0x65, 0x72, 0x20, 0x72, 0x69, 0x67, 0x68, 0x74, 0x5f, 0x78, 0x2c, 0x20, 0x49, 0x6e,
  0x74, 0x65, 0x67, 0x65, 0x72, 0x20, 0x79, 0x2c, 0x20, 0x53, 0x74, 0x72, 0x69, 0x6e, 0x67, 0x20,
  0x74, 0x65, 0x78, 0x74, 0x2c, 0x20, 0x3f, 0x49, 0x6e, 0x74, 0x65, 0x67, 0x65, 0x72, 0x20, 0x63,
  0x6f, 0x6c, 0x6f, 0x72, 0x29, 0x20, 0x2d, 0x3e, 0x20, 0x6e, 0x69, 0x6c, 0x00, 0x74, 0x65, 0x78,
  0x74, 0x5f, 0x77, 0x69, 0x64, 0x74, 0x68, 0x3a, 0x20, 0x28, 0x53, 0x70, 0x72, 0x69, 0x74, 0x65,
  0x20, 0x73, 0x70, 0x72, 0x69, 0x74, 0x65, 0x2c, 0x20, 0x53, 0x74, 0x72, 0x69, 0x6e, 0x67, 0x20,
  0x74, 0x65, 0x78, 0x74, 0x29, 0x20, 0x2d, 0x3e, 0x20, 0x49, 0x6e, 0x74, 0x65, 0x67, 0x65, 0x72,
  0x00, 0x74, 0x69, 0x74, 0x6c, 0x65, 0x64, 0x5f, 0x70, 0x61, 0x6e, 0x65, 0x6c, 0x3a, 0x20, 0x28,
  0x53, 0x70, 0x72, 0x69, 0x74, 0x65, 0x20, 0x73, 0x70, 0x72, 0x69, 0x74, 0x65, 0x2c, 0x20, 0x49,
  0x6e, 0x74, 0x65, 0x67, 0x65, 0x72, 0x20, 0x78, 0x2c, 0x20, 0x49, 0x6e, 0x74, 0x65, 0x67, 0x65,
  0x72, 0x20, 0x79, 0x2c, 0x20, 0x49, 0x6e, 0x74, 0x65, 0x67, 0x65, 0x72, 0x20, 0x77, 0x69, 0x64,
  0x74, 0x68, 0x2c, 0x20, 0x49, 0x6e, 0x74, 0x65, 0x67, 0x65, 0x72, 0x20, 0x68, 0x65, 0x69, 0x67,
  0x68, 0x74, 0x2c, 0x20, 0x53, 0x74, 0x72, 0x69, 0x6e, 0x67, 0x20, 0x74, 0x69, 0x74, 0x6c, 0x65,
  0x29, 0x20, 0x2d, 0x3e, 0x20, 0x6e, 0x69, 0x6c, 0x00, 0x74, 0x6f, 0x61, 0x73, 0x74, 0x3a, 0x20,
  0x28, 0x53, 0x70, 0x72, 0x69, 0x74, 0x65, 0x20, 0x73, 0x70, 0x72, 0x69, 0x74, 0x65, 0x2c, 0x20,
  0x53, 0x74, 0x72, 0x69, 0x6e, 0x67, 0x20, 0x6d, 0x65, 0x73, 0x73, 0x61, 0x67, 0x65, 0x29, 0x20,
  0x2d, 0x3e, 0x20, 0x6e, 0x69, 0x6c, 0x00, 0x74, 0x6f, 0x67, 0x67, 0x6c, 0x65, 0x3a, 0x20, 0x28,
  0x53, 0x70, 0x72, 0x69, 0x74, 0x65, 0x20, 0x73, 0x70, 0x72, 0x69, 0x74, 0x65, 0x2c, 0x20, 0x49,
  0x6e, 0x74, 0x65, 0x67, 0x65, 0x72, 0x20, 0x78, 0x2c, 0x20, 0x49, 0x6e, 0x74, 0x65, 0x67, 0x65,
  0x72, 0x20, 0x79, 0x2c, 0x20, 0x62, 0x6f, 0x6f, 0x6c, 0x20, 0x6f, 0x6e, 0x2c, 0x20, 0x62, 0x6f,
  0x6f, 0x6c, 0x20, 0x66, 0x6f, 0x63, 0x75, 0x73, 0x65, 0x64, 0x29, 0x20, 0x2d, 0x3e, 0x20, 0x6e,
  0x69, 0x6c, 0x00, 0x76, 0x73, 0x65, 0x70, 0x61, 0x72, 0x61, 0x74, 0x6f, 0x72, 0x3a, 0x20, 0x28,
  0x53, 0x70, 0x72, 0x69, 0x74, 0x65, 0x20, 0x73, 0x70, 0x72, 0x69, 0x74, 0x65, 0x2c, 0x20, 0x49,
  0x6e, 0x74, 0x65, 0x67, 0x65, 0x72, 0x20, 0x78, 0x2c, 0x20, 0x49, 0x6e, 0x74, 0x65, 0x67, 0x65,
  0x72, 0x20, 0x79, 0x2c, 0x20, 0x49, 0x6e, 0x74, 0x65, 0x67, 0x65, 0x72, 0x20, 0x68, 0x65, 0x69,
  0x67, 0x68, 0x74, 0x29, 0x20, 0x2d, 0x3e, 0x20, 0x6e, 0x69, 0x6c, 0x00, 0x77, 0x72, 0x61, 0x70,
  0x5f, 0x74, 0x65, 0x78, 0x74, 0x3a, 0x20, 0x28, 0x53, 0x70, 0x72, 0x69, 0x74, 0x65, 0x20, 0x73,
  0x70, 0x72, 0x69, 0x74, 0x65, 0x2c, 0x20, 0x49, 0x6e, 0x74, 0x65, 0x67, 0x65, 0x72, 0x20, 0x78,
  0x2c, 0x20, 0x49, 0x6e, 0x74, 0x65, 0x67, 0x65, 0x72, 0x20, 0x79, 0x2c, 0x20, 0x49, 0x6e, 0x74,
  0x65, 0x67, 0x65, 0x72, 0x20, 0x77, 0x69, 0x64, 0x74, 0x68, 0x2c, 0x20, 0x49, 0x6e, 0x74, 0x65,
  0x67, 0x65, 0x72, 0x20, 0x68, 0x65, 0x69, 0x67, 0x68, 0x74, 0x2c, 0x20, 0x53, 0x74, 0x72, 0x69,
  0x6e, 0x67, 0x20, 0x74, 0x65, 0x78, 0x74, 0x2c, 0x20, 0x3f, 0x49, 0x6e, 0x74, 0x65, 0x67, 0x65,
  0x72, 0x20, 0x63, 0x6f, 0x6c, 0x6f, 0x72, 0x29, 0x20, 0x2d, 0x3e, 0x20, 0x49, 0x6e, 0x74, 0x65,
  0x67, 0x65, 0x72, 0x00, 0x61, 0x64, 0x64, 0x3a, 0x20, 0x28, 0x53, 0x74, 0x72, 0x69, 0x6e, 0x67,
  0x20, 0x74, 0x65, 0x78, 0x74, 0x2c, 0x20, 0x3f, 0x53, 0x74, 0x72, 0x69, 0x6e, 0x67, 0x20, 0x74,
  0x61, 0x67, 0x29, 0x20, 0x2d, 0x3e, 0x20, 0x6e, 0x69, 0x6c, 0x00, 0x61, 0x72, 0x65, 0x61, 0x3a,
  0x20, 0x28, 0x49, 0x6e, 0x74, 0x65, 0x67, 0x65, 0x72, 0x20, 0x78, 0x2c, 0x20, 0x49, 0x6e, 0x74,
  0x65, 0x67, 0x65, 0x72, 0x20, 0x79, 0x2c, 0x20, 0x49, 0x6e, 0x74, 0x65, 0x67, 0x65, 0x72, 0x20,
  0x77, 0x69, 0x64, 0x74, 0x68, 0x2c, 0x20, 0x49, 0x6e, 0x74, 0x65, 0x67, 0x65, 0x72, 0x20, 0x68,
  0x65, 0x69, 0x67, 0x68, 0x74, 0x29, 0x20, 0x2d, 0x3e, 0x20, 0x6e, 0x69, 0x6c, 0x00, 0x63, 0x6c,
  0x65, 0x61, 0x72, 0x3a, 0x20, 0x28, 0x29, 0x20, 0x2d, 0x3e, 0x20, 0x6e, 0x69, 0x6c, 0x00, 0x64,
  0x72, 0x61, 0x77, 0x3a, 0x20, 0x28, 0x53, 0x70, 0x72, 0x69, 0x74, 0x65, 0x20, 0x73, 0x70, 0x72,
  0x69, 0x74, 0x65, 0x29, 0x20, 0x2d, 0x3e, 0x20, 0x6e, 0x69, 0x6c, 0x00, 0x65, 0x6d, 0x70, 0x74,
  0x79, 0x5f, 0x74, 0x65, 0x78, 0x74, 0x3d, 0x3a, 0x20, 0x28, 0x53, 0x74, 0x72, 0x69, 0x6e, 0x67,
  0x20, 0x74, 0x65, 0x78, 0x74, 0x29, 0x20, 0x2d, 0x3e, 0x20, 0x53, 0x74, 0x72, 0x69, 0x6e, 0x67,
  0x00, 0x68, 0x61, 0x6e, 0x64, 0x6c, 0x65, 0x3a, 0x20, 0x28, 0x53, 0x74, 0x72, 0x69, 0x6e, 0x67,
  0x20, 0x6b, 0x65, 0x79, 0x29, 0x20, 0x2d, 0x3e, 0x20, 0x62, 0x6f, 0x6f, 0x6c, 0x00, 0x69, 0x6e,
  0x64, 0x65, 0x78, 0x3a, 0x20, 0x28, 0x29, 0x20, 0x2d, 0x3e, 0x20, 0x49, 0x6e, 0x74, 0x65, 0x67,
  0x65, 0x72, 0x00, 0x69, 0x6e, 0x64, 0x65, 0x78, 0x3d, 0x3a, 0x20, 0x28, 0x49, 0x6e, 0x74, 0x65,
  0x67, 0x65, 0x72, 0x20, 0x69, 0x6e, 0x64, 0x65, 0x78, 0x29, 0x20, 0x2d, 0x3e, 0x20, 0x49, 0x6e,
  0x74, 0x65, 0x67, 0x65, 0x72, 0x00, 0x6d, 0x61, 0x72, 0x6b, 0x3a, 0x20, 0x28, 0x49, 0x6e, 0x74,
  0x65, 0x67, 0x65, 0x72, 0x20, 0x69, 0x6e, 0x64, 0x65, 0x78, 0x2c, 0x20, 0x62, 0x6f, 0x6f, 0x6c,
  0x20, 0x6d, 0x61, 0x72, 0x6b, 0x65, 0x64, 0x29, 0x20, 0x2d, 0x3e, 0x20, 0x6e, 0x69, 0x6c, 0x00,
  0x6d, 0x61, 0x72, 0x6b, 0x65, 0x64, 0x3f, 0x3a, 0x20, 0x28, 0x49, 0x6e, 0x74, 0x65, 0x67, 0x65,
  0x72, 0x20, 0x69, 0x6e, 0x64, 0x65, 0x78, 0x29, 0x20, 0x2d, 0x3e, 0x20, 0x62, 0x6f, 0x6f, 0x6c,
  0x00, 0x73, 0x68, 0x6f, 0x77, 0x5f, 0x6d, 0x61, 0x72, 0x6b, 0x73, 0x3d, 0x3a, 0x20, 0x28, 0x62,
  0x6f, 0x6f, 0x6c, 0x20, 0x73, 0x68, 0x6f, 0x77, 0x5f, 0x6d, 0x61, 0x72, 0x6b, 0x73, 0x29, 0x20,
  0x2d, 0x3e, 0x20, 0x62, 0x6f, 0x6f, 0x6c, 0x00, 0x74, 0x6f, 0x67, 0x67, 0x6c, 0x65, 0x5f, 0x6d,
  0x61, 0x72, 0x6b, 0x3a, 0x20, 0x28, 0x29, 0x20, 0x2d, 0x3e, 0x20, 0x6e, 0x69, 0x6c, 0x00, 0x74,
  0x6f, 0x70, 0x3a, 0x20, 0x28, 0x29, 0x20, 0x2d, 0x3e, 0x20, 0x49, 0x6e, 0x74, 0x65, 0x67, 0x65,
  0x72, 0x00, 0x6e, 0x65, 0x77, 0x3a, 0x20, 0x28, 0x29, 0x20, 0x2d, 0x3e, 0x20, 0x57, 0x69, 0x64,
  0x67, 0x65, 0x74, 0x4c, 0x69, 0x73, 0x74, 0x00, 0x73, 0x63, 0x72, 0x6f, 0x6c, 0x6c, 0x3a, 0x20,
  0x28, 0x29, 0x20, 0x2d, 0x3e, 0x20, 0x49, 0x6e, 0x74, 0x65, 0x67, 0x65, 0x72, 0x00, 0x73, 0x63,
  0x72, 0x6f, 0x6c, 0x6c, 0x3d, 0x3a, 0x20, 0x28, 0x49, 0x6e, 0x74, 0x65, 0x67, 0x65, 0x72, 0x20,
  0x73, 0x63, 0x72, 0x6f, 0x6c, 0x6c, 0x29, 0x20, 0x2d, 0x3e, 0x20, 0x49, 0x6e, 0x74, 0x65, 0x67,
  0x65, 0x72, 0x00, 0x74, 0x65, 0x78, 0x74, 0x3d, 0x3a, 0x20, 0x28, 0x53, 0x74, 0x72, 0x69, 0x6e,
  0x67, 0x20, 0x74, 0x65, 0x78, 0x74, 0x29, 0x20, 0x2d, 0x3e, 0x20, 0x53, 0x74, 0x72, 0x69, 0x6e,
  0x67, 0x00, 0x6e, 0x65, 0x77, 0x3a, 0x20, 0x28, 0x29, 0x20, 0x2d, 0x3e, 0x20, 0x57, 0x69, 0x64,
  0x67, 0x65, 0x74, 0x54, 0x65, 0x78, 0x74, 0x56, 0x69, 0x65, 0x77, 0x00,
};

const char ti_builtin_document_pool[] = {
  0x00, 0x50, 0x65, 0x72, 0x66, 0x6f, 0x72, 0x6d, 0x20, 0x69, 0x6e, 0x65, 0x71, 0x75, 0x61, 0x6c,
  0x69, 0x74, 0x79, 0x20, 0x63, 0x6f, 0x6d, 0x70, 0x61, 0x72, 0x69, 0x73, 0x6f, 0x6e, 0x00, 0x43,
  0x6f, 0x6d, 0x70, 0x61, 0x72, 0x69, 0x73, 0x6f, 0x6e, 0x20, 0x6f, 0x70, 0x65, 0x72, 0x61, 0x74,
  0x6f, 0x72, 0x00, 0x50, 0x65, 0x72, 0x66, 0x6f, 0x72, 0x6d, 0x20, 0x65, 0x71, 0x75, 0x61, 0x6c,
  0x69, 0x74, 0x79, 0x20, 0x63, 0x6f, 0x6d, 0x70, 0x61, 0x72, 0x69, 0x73, 0x6f, 0x6e, 0x00, 0x4a,
  0x75, 0x64, 0x67, 0x65, 0x20, 0x63, 0x61, 0x73, 0x65, 0x20, 0x65, 0x71, 0x75, 0x61, 0x6c, 0x69,
  0x74, 0x79, 0x00, 0x52, 0x65, 0x74, 0x75, 0x72, 0x6e, 0x20, 0x6f, 0x62, 0x6a, 0x65, 0x63, 0x74,
  0x20, 0x63, 0x6c, 0x61, 0x73, 0x73, 0x00, 0x44, 0x75, 0x70, 0x6c, 0x69, 0x63, 0x61, 0x74, 0x65,
  0x20, 0x6f, 0x62, 0x6a, 0x65, 0x63, 0x74, 0x00, 0x52, 0x65, 0x74, 0x75, 0x72, 0x6e, 0x20, 0x73,
  0x74, 0x72, 0x69, 0x6e, 0x67, 0x20, 0x72, 0x65, 0x70, 0x72, 0x65, 0x73, 0x65, 0x6e, 0x74, 0x61,
  0x74, 0x69, 0x6f, 0x6e, 0x20, 0x66, 0x6f, 0x72, 0x20, 0x64, 0x65, 0x62, 0x75, 0x67, 0x67, 0x69,
  0x6e, 0x67, 0x00, 0x43, 0x68, 0x65, 0x63, 0x6b, 0x20, 0x69, 0x66, 0x20, 0x69, 0x6e, 0x73, 0x74,
  0x61, 0x6e, 0x63, 0x65, 0x20, 0x6f, 0x66, 0x20, 0x73, 0x70, 0x65, 0x63, 0x69, 0x66, 0x69, 0x65,
  0x64, 0x20, 0x63, 0x6c, 0x61, 0x73, 0x73, 0x20, 0x6f, 0x72, 0x20, 0x6d, 0x6f, 0x64, 0x75, 0x6c,
  0x65, 0x00, 0x43, 0x68, 0x65, 0x63, 0x6b, 0x20, 0x69, 0x66, 0x20, 0x6e, 0x69, 0x6c, 0x00, 0x52,
  0x65, 0x74, 0x75, 0x72, 0x6e, 0x20, 0x73, 0x74, 0x72, 0x69, 0x6e, 0x67, 0x20, 0x72, 0x65, 0x70,
  0x72, 0x65, 0x73, 0x65, 0x6e, 0x74, 0x61, 0x74, 0x69, 0x6f, 0x6e, 0x00, 0x67, 0x65, 0x74, 0x20,
  0x6f, 0x62, 0x6a, 0x65, 0x63, 0x74, 0x20, 0x6d, 0x65, 0x74, 0x68, 0x6f, 0x64, 0x20, 0x6c, 0x69,
  0x73, 0x74, 0x00, 0x43, 0x61, 0x6c, 0x63, 0x75, 0x6c, 0x61, 0x74, 0x65, 0x20, 0x6d, 0x6f, 0x64,
  0x75, 0x6c, 0x6f, 0x00, 0x50, 0x65, 0x72, 0x66, 0x6f, 0x72, 0x6d, 0x20, 0x62, 0x69, 0x74, 0x77,
  0x69, 0x73, 0x65, 0x20, 0x41, 0x4e, 0x44, 0x20, 0x6f, 0x70, 0x65, 0x72, 0x61, 0x74, 0x69, 0x6f,
  0x6e, 0x00, 0x50, 0x65, 0x72, 0x66, 0x6f, 0x72, 0x6d, 0x20, 0x6d, 0x75, 0x6c, 0x74, 0x69, 0x70,
  0x6c, 0x69, 0x63, 0x61, 0x74, 0x69, 0x6f, 0x6e, 0x00, 0x43, 0x61, 0x6c, 0x63, 0x75, 0x6c, 0x61,
  0x74, 0x65, 0x20, 0x70, 0x6f, 0x77, 0x65, 0x72, 0x00, 0x50, 0x65, 0x72, 0x66, 0x6f, 0x72, 0x6d,
  0x20, 0x61, 0x64, 0x64, 0x69, 0x74, 0x69, 0x6f, 0x6e, 0x00, 0x55, 0x6e, 0x61, 0x72, 0x79, 0x20,
  0x70, 0x6c, 0x75, 0x73, 0x20, 0x6f, 0x70, 0x65, 0x72, 0x61, 0x74, 0x6f, 0x72, 0x2e, 0x20, 0x52,
  0x65, 0x74, 0x75, 0x72, 0x6e, 0x73, 0x20, 0x73, 0x65, 0x6c, 0x66, 0x00, 0x50, 0x65, 0x72, 0x66,
  0x6f, 0x72, 0x6d, 0x20, 0x73, 0x75, 0x62, 0x74, 0x72, 0x61, 0x63, 0x74, 0x69, 0x6f, 0x6e, 0x00,
  0x55, 0x6e, 0x61, 0x72, 0x79, 0x20, 0x6d, 0x69, 0x6e, 0x75, 0x73, 0x20, 0x6f, 0x70, 0x65, 0x72,
  0x61, 0x74, 0x6f, 0x72, 0x2e, 0x20, 0x49, 0x6e, 0x76, 0x65, 0x72, 0x74, 0x73, 0x20, 0x73, 0x69,
  0x67, 0x6e, 0x00, 0x50, 0x65, 0x72, 0x66, 0x6f, 0x72, 0x6d, 0x20, 0x64, 0x69, 0x76, 0x69, 0x73,
  0x69, 0x6f, 0x6e, 0x00, 0x50, 0x65, 0x72, 0x66, 0x6f, 0x72, 0x6d, 0x20, 0x6c, 0x65, 0x73, 0x73,
  0x20, 0x74, 0x68, 0x61, 0x6e, 0x20, 0x63, 0x6f, 0x6d, 0x70, 0x61, 0x72, 0x69, 0x73, 0x6f, 0x6e,
  0x00, 0x50, 0x65, 0x72, 0x66, 0x6f, 0x72, 0x6d, 0x20, 0x6c, 0x65, 0x66, 0x74, 0x20, 0x62, 0x69,
  0x74, 0x20, 0x73, 0x68, 0x69, 0x66, 0x74, 0x00, 0x50, 0x65, 0x72, 0x66, 0x6f, 0x72, 0x6d, 0x20,
  0x6c, 0x65, 0x73, 0x73, 0x20, 0x74, 0x68, 0x61, 0x6e, 0x20, 0x6f, 0x72, 0x20, 0x65, 0x71, 0x75,
  0x61, 0x6c, 0x20, 0x63, 0x6f, 0x6d, 0x70, 0x61, 0x72, 0x69, 0x73, 0x6f, 0x6e, 0x00, 0x43, 0x6f,
  0x6d, 0x70, 0x61, 0x72, 0x69, 0x73, 0x6f, 0x6e, 0x20, 0x6f, 0x70, 0x65, 0x72, 0x61, 0x74, 0x6f,
  0x72, 0x2e, 0x20, 0x52, 0x65, 0x74, 0x75, 0x72, 0x6e, 0x73, 0x20, 0x2d, 0x31, 0x20, 0x69, 0x66,
  0x20, 0x73, 0x65, 0x6c, 0x66, 0x20, 0x3c, 0x20, 0x6f, 0x74, 0x68, 0x65, 0x72, 0x2c, 0x20, 0x30,
  0x20, 0x69, 0x66, 0x20, 0x73, 0x65, 0x6c, 0x66, 0x20, 0x3d, 0x3d, 0x20, 0x6f, 0x74, 0x68, 0x65,
  0x72, 0x2c, 0x20, 0x31, 0x20, 0x69, 0x66, 0x20, 0x73, 0x65, 0x6c, 0x66, 0x20, 0x3e, 0x20, 0x6f,
  0x74, 0x68, 0x65, 0x72, 0x00, 0x50, 0x65, 0x72, 0x66, 0x6f, 0x72, 0x6d, 0x20, 0x67, 0x72, 0x65,
  0x61, 0x74, 0x65, 0x72, 0x20, 0x74, 0x68, 0x61, 0x6e, 0x20, 0x63, 0x6f, 0x6d, 0x70, 0x61, 0x72,
  0x69, 0x73, 0x6f, 0x6e, 0x00, 0x50, 0x65, 0x72, 0x66, 0x6f, 0x72, 0x6d, 0x20, 0x67, 0x72, 0x65,
  0x61, 0x74, 0x65, 0x72, 0x20, 0x74, 0x68, 0x61, 0x6e, 0x20, 0x6f, 0x72, 0x20, 0x65, 0x71, 0x75,
  0x61, 0x6c, 0x20, 0x63, 0x6f, 0x6d, 0x70, 0x61, 0x72, 0x69, 0x73, 0x6f, 0x6e, 0x00, 0x50, 0x65,
  0x72, 0x66, 0x6f, 0x72, 0x6d, 0x20, 0x72, 0x69, 0x67, 0x68, 0x74, 0x20, 0x62, 0x69, 0x74, 0x20,
  0x73, 0x68, 0x69, 0x66, 0x74, 0x00, 0x47, 0x65, 0x74, 0x20, 0x76, 0x61, 0x6c, 0x75, 0x65, 0x20,
  0x61, 0x74, 0x20, 0x73, 0x70, 0x65, 0x63, 0x69, 0x66, 0x69, 0x65, 0x64, 0x20, 0x62, 0x69, 0x74,
  0x20, 0x70, 0x6f, 0x73, 0x69, 0x74, 0x69, 0x6f, 0x6e, 0x00, 0x50, 0x65, 0x72, 0x66, 0x6f, 0x72,
  0x6d, 0x20, 0x62, 0x69, 0x74, 0x77, 0x69, 0x73, 0x65, 0x20, 0x58, 0x4f, 0x52, 0x20, 0x6f, 0x70,
  0x65, 0x72, 0x61, 0x74, 0x69, 0x6f, 0x6e, 0x00, 0x47, 0x65, 0x74, 0x20, 0x61, 0x62, 0x73, 0x6f,
  0x6c, 0x75, 0x74, 0x65, 0x20, 0x76, 0x61, 0x6c, 0x75, 0x65, 0x00, 0x52, 0x65, 0x74, 0x75, 0x72,
  0x6e, 0x20, 0x73, 0x69, 0x6e, 0x67, 0x6c, 0x65, 0x20, 0x63, 0x68, 0x61, 0x72, 0x61, 0x63, 0x74,
  0x65, 0x72, 0x20, 0x73, 0x74, 0x72, 0x69, 0x6e, 0x67, 0x20, 0x63, 0x6f, 0x72, 0x72, 0x65, 0x73,
  0x70, 0x6f, 0x6e, 0x64, 0x69, 0x6e, 0x67, 0x20, 0x74, 0x6f, 0x20, 0x63, 0x68, 0x61, 0x72, 0x61,
  0x63, 0x74, 0x65, 0x72, 0x20, 0x63, 0x6f, 0x64, 0x65, 0x00, 0x45, 0x78, 0x65, 0x63, 0x75, 0x74,
  0x65, 0x20, 0x62, 0x6c, 0x6f, 0x63, 0x6b, 0x20, 0x77, 0x68, 0x69, 0x6c, 0x65, 0x20, 0x64, 0x65,
  0x63, 0x72, 0x65, 0x61, 0x73, 0x69, 0x6e, 0x67, 0x20, 0x66, 0x72, 0x6f, 0x6d, 0x20, 0x73, 0x65,
  0x6c, 0x66, 0x20, 0x74, 0x6f, 0x20, 0x61, 0x72, 0x67, 0x75, 0x6d, 0x65, 0x6e, 0x74, 0x20, 0x62,
  0x79, 0x20, 0x31, 0x00, 0x45, 0x78, 0x65, 0x63, 0x75, 0x74, 0x65, 0x20, 0x62, 0x6c, 0x6f, 0x63,
  0x6b, 0x20, 0x73, 0x65, 0x6c, 0x66, 0x20, 0x74, 0x69, 0x6d, 0x65, 0x73, 0x00, 0x43, 0x6f, 0x6e,
  0x76, 0x65, 0x72, 0x74, 0x20, 0x74, 0x6f, 0x20, 0x66, 0x6c, 0x6f, 0x61, 0x74, 0x69, 0x6e, 0x67,
  0x20, 0x70, 0x6f, 0x69, 0x6e, 0x74, 0x20, 0x6e, 0x75, 0x6d, 0x62, 0x65, 0x72, 0x00, 0x52, 0x65,
  0x74, 0x75, 0x72, 0x6e, 0x20, 0x73, 0x65, 0x6c, 0x66, 0x20, 0x61, 0x73, 0x20, 0x69, 0x6e, 0x74,
  0x65, 0x67, 0x65, 0x72, 0x20, 0x76, 0x61, 0x6c, 0x75, 0x65, 0x00, 0x43, 0x6f, 0x6e, 0x76, 0x65,
  0x72, 0x74, 0x20, 0x74, 0x6f, 0x20, 0x73, 0x74, 0x72, 0x69, 0x6e, 0x67, 0x2e, 0x20, 0x42, 0x61,
  0x73, 0x65, 0x20, 0x63, 0x61, 0x6e, 0x20, 0x62, 0x65, 0x20, 0x73, 0x70, 0x65, 0x63, 0x69, 0x66,
  0x69, 0x65, 0x64, 0x20, 0x77, 0x69, 0x74, 0x68, 0x20, 0x61, 0x72, 0x67, 0x75, 0x6d, 0x65, 0x6e,
  0x74, 0x00, 0x50, 0x65, 0x72, 0x66, 0x6f, 0x72, 0x6d, 0x20, 0x62, 0x69, 0x74, 0x77, 0x69, 0x73,
  0x65, 0x20, 0x4f, 0x52, 0x20, 0x6f, 0x70, 0x65, 0x72, 0x61, 0x74, 0x69, 0x6f, 0x6e, 0x00, 0x50,
  0x65, 0x72, 0x66, 0x6f, 0x72, 0x6d, 0x20, 0x62, 0x69, 0x74, 0x77, 0x69, 0x73, 0x65, 0x20, 0x4e,
  0x4f, 0x54, 0x20, 0x6f, 0x70, 0x65, 0x72, 0x61, 0x74, 0x69, 0x6f, 0x6e, 0x00, 0x52, 0x65, 0x74,
  0x75, 0x72, 0x6e, 0x20, 0x73, 0x65, 0x6c, 0x66, 0x20, 0x61, 0x73, 0x20, 0x66, 0x6c, 0x6f, 0x61,
  0x74, 0x69, 0x6e, 0x67, 0x20, 0x70, 0x6f, 0x69, 0x6e, 0x74, 0x20, 0x6e, 0x75, 0x6d, 0x62, 0x65,
  0x72, 0x00, 0x43, 0x6f, 0x6e, 0x76, 0x65, 0x72, 0x74, 0x20, 0x74, 0x6f, 0x20, 0x69, 0x6e, 0x74,
  0x65, 0x67, 0x65, 0x72, 0x20, 0x28, 0x74, 0x72, 0x75, 0x6e, 0x63, 0x61, 0x74, 0x65, 0x29, 0x00,
  0x43, 0x6f, 0x6e, 0x76, 0x65, 0x72, 0x74, 0x20, 0x74, 0x6f, 0x20, 0x73, 0x74, 0x72, 0x69, 0x6e,
  0x67, 0x00, 0x52, 0x65, 0x74, 0x75, 0x72, 0x6e, 0x20, 0x6c, 0x6f, 0x67, 0x69, 0x63, 0x61, 0x6c,
  0x20, 0x4e, 0x4f, 0x54, 0x00, 0x52, 0x65, 0x70, 0x65, 0x61, 0x74, 0x20, 0x73, 0x74, 0x72, 0x69,
  0x6e, 0x67, 0x20, 0x73, 0x70, 0x65, 0x63, 0x69, 0x66, 0x69, 0x65, 0x64, 0x20, 0x6e, 0x75, 0x6d,
  0x62, 0x65, 0x72, 0x20, 0x6f, 0x66, 0x20, 0x74, 0x69, 0x6d, 0x65, 0x73, 0x00, 0x43, 0x6f, 0x6e,
  0x63, 0x61, 0x74, 0x65, 0x6e, 0x61, 0x74, 0x65, 0x20, 0x73, 0x74, 0x72, 0x69, 0x6e, 0x67, 0x73,
  0x00, 0x43, 0x68, 0x65, 0x63, 0x6b, 0x20, 0x69, 0x66, 0x20, 0x6c, 0x65, 0x78, 0x69, 0x63, 0x6f,
  0x67, 0x72, 0x61, 0x70, 0x68, 0x69, 0x63, 0x61, 0x6c, 0x6c, 0x79, 0x20, 0x73, 0x6d, 0x61, 0x6c,
  0x6c, 0x65, 0x72, 0x00, 0x41, 0x70, 0x70, 0x65, 0x6e, 0x64, 0x20, 0x73, 0x74, 0x72, 0x69, 0x6e,
  0x67, 0x20, 0x6f, 0x72, 0x20, 0x63, 0x68, 0x61, 0x72, 0x61, 0x63, 0x74, 0x65, 0x72, 0x20, 0x63,
  0x6f, 0x64, 0x65, 0x00, 0x43, 0x68, 0x65, 0x63, 0x6b, 0x20, 0x69, 0x66, 0x20, 0x6c, 0x65, 0x78,
  0x69, 0x63, 0x6f, 0x67, 0x72, 0x61, 0x70, 0x68, 0x69, 0x63, 0x61, 0x6c, 0x6c, 0x79, 0x20, 0x6c,
  0x65, 0x73, 0x73, 0x20, 0x74, 0x68, 0x61, 0x6e, 0x20, 0x6f, 0x72, 0x20, 0x65, 0x71, 0x75, 0x61,
  0x6c, 0x00, 0x43, 0x6f, 0x6d, 0x70, 0x61, 0x72, 0x65, 0x20, 0x6c, 0x65, 0x78, 0x69, 0x63, 0x6f,
  0x67, 0x72, 0x61, 0x70, 0x68, 0x69, 0x63, 0x61, 0x6c, 0x6c, 0x79, 0x2e, 0x20, 0x52, 0x65, 0x74,
  0x75, 0x72, 0x6e, 0x73, 0x20, 0x2d, 0x31, 0x20, 0x69, 0x66, 0x20, 0x73, 0x65, 0x6c, 0x66, 0x20,
  0x3c, 0x20, 0x6f, 0x74, 0x68, 0x65, 0x72, 0x2c, 0x20, 0x30, 0x20, 0x69, 0x66, 0x20, 0x73, 0x65,
  0x6c, 0x66, 0x20, 0x3d, 0x3d, 0x20, 0x6f, 0x74, 0x68, 0x65, 0x72, 0x2c, 0x20, 0x31, 0x20, 0x69,
  0x66, 0x20, 0x73, 0x65, 0x6c, 0x66, 0x20, 0x3e, 0x20, 0x6f, 0x74, 0x68, 0x65, 0x72, 0x00, 0x50,
  0x65, 0x72, 0x66, 0x6f, 0x72, 0x6d, 0x20, 0x65, 0x71, 0x75, 0x61, 0x6c, 0x69, 0x74, 0x79, 0x20,
  0x63, 0x6f, 0x6d, 0x70, 0x61, 0x72, 0x69, 0x73, 0x6f, 0x6e, 0x20, 0x28, 0x66, 0x6f, 0x72, 0x20,
  0x63, 0x61, 0x73, 0x65, 0x20, 0x73, 0x74, 0x61, 0x74, 0x65, 0x6d, 0x65, 0x6e, 0x74, 0x73, 0x29,
  0x00, 0x43, 0x68, 0x65, 0x63, 0x6b, 0x20, 0x69, 0x66, 0x20, 0x6c, 0x65, 0x78, 0x69, 0x63, 0x6f,
  0x67, 0x72, 0x61, 0x70, 0x68, 0x69, 0x63, 0x61, 0x6c, 0x6c, 0x79, 0x20, 0x67, 0x72, 0x65, 0x61,
  0x74, 0x65, 0x72, 0x00, 0x43, 0x68, 0x65, 0x63, 0x6b, 0x20, 0x69, 0x66, 0x20, 0x6c, 0x65, 0x78,
  0x69, 0x63, 0x6f, 0x67, 0x72, 0x61, 0x70, 0x68, 0x69, 0x63, 0x61, 0x6c, 0x6c, 0x79, 0x20, 0x67,
  0x72, 0x65, 0x61, 0x74, 0x65, 0x72, 0x20, 0x74, 0x68, 0x61, 0x6e, 0x20, 0x6f, 0x72, 0x20, 0x65,
  0x71, 0x75, 0x61, 0x6c, 0x00, 0x47, 0x65, 0x74, 0x20, 0x63, 0x68, 0x61, 0x72, 0x61, 0x63, 0x74,
  0x65, 0x72, 0x20, 0x6f, 0x72, 0x20, 0x73, 0x75, 0x62, 0x73, 0x74, 0x72, 0x69, 0x6e, 0x67, 0x20,
  0x61, 0x74, 0x20, 0x73, 0x70, 0x65, 0x63, 0x69, 0x66, 0x69, 0x65, 0x64, 0x20, 0x70, 0x6f, 0x73,
  0x69, 0x74, 0x69, 0x6f, 0x6e, 0x00, 0x52, 0x65, 0x70, 0x6c, 0x61, 0x63, 0x65, 0x20, 0x63, 0x68,
  0x61, 0x72, 0x61, 0x63, 0x74, 0x65, 0x72, 0x20, 0x6f, 0x72, 0x20, 0x73, 0x75, 0x62, 0x73, 0x74,
  0x72, 0x69, 0x6e, 0x67, 0x20, 0x61, 0x74, 0x20, 0x73, 0x70, 0x65, 0x63, 0x69, 0x66, 0x69, 0x65,
  0x64, 0x20, 0x70, 0x6f, 0x73, 0x69, 0x74, 0x69, 0x6f, 0x6e, 0x00, 0x49, 0x6e, 0x74, 0x65, 0x72,
  0x6e, 0x61, 0x6c, 0x20, 0x6d, 0x65, 0x74, 0x68, 0x6f, 0x64, 0x20, 0x66, 0x6f, 0x72, 0x20, 0x61,
  0x72, 0x67, 0x75, 0x6d, 0x65, 0x6e, 0x74, 0x20, 0x63, 0x68, 0x65, 0x63, 0x6b, 0x69, 0x6e, 0x67,
  0x20, 0x6f, 0x66, 0x20, 0x6c, 0x6a, 0x75, 0x73, 0x74, 0x20, 0x61, 0x6e, 0x64, 0x20, 0x72, 0x6a,
  0x75, 0x73, 0x74, 0x00, 0x52, 0x65, 0x74, 0x75, 0x72, 0x6e, 0x20, 0x62, 0x79, 0x74, 0x65, 0x20,
  0x73, 0x65, 0x71, 0x75, 0x65, 0x6e, 0x63, 0x65, 0x20, 0x6f, 0x66, 0x20, 0x73, 0x74, 0x72, 0x69,
  0x6e, 0x67, 0x20, 0x61, 0x73, 0x20, 0x61, 0x72, 0x72, 0x61, 0x79, 0x00, 0x52, 0x65, 0x74, 0x75,
  0x72, 0x6e, 0x20, 0x63, 0x68, 0x61, 0x72, 0x61, 0x63, 0x74, 0x65, 0x72, 0x73, 0x20, 0x6f, 0x66,
  0x20, 0x73, 0x74, 0x72, 0x69, 0x6e, 0x67, 0x20, 0x61, 0x73, 0x20, 0x61, 0x72, 0x72, 0x61, 0x79,
  0x00, 0x52, 0x65, 0x74, 0x75, 0x72, 0x6e, 0x20, 0x73, 0x74, 0x72, 0x69, 0x6e, 0x67, 0x20, 0x77,
  0x69, 0x74, 0x68, 0x20, 0x74, 0x72, 0x61, 0x69, 0x6c, 0x69, 0x6e, 0x67, 0x20, 0x6e, 0x65, 0x77,
  0x6c, 0x69, 0x6e, 0x65, 0x20, 0x72, 0x65, 0x6d, 0x6f, 0x76, 0x65, 0x64, 0x00, 0x52, 0x65, 0x6d,
  0x6f, 0x76, 0x65, 0x20, 0x74, 0x72, 0x61, 0x69, 0x6c, 0x69, 0x6e, 0x67, 0x20, 0x6e, 0x65, 0x77,
  0x6c, 0x69, 0x6e, 0x65, 0x20, 0x64, 0x65, 0x73, 0x74, 0x72, 0x75, 0x63, 0x74, 0x69, 0x76, 0x65,
  0x6c, 0x79, 0x00, 0x43, 0x6c, 0x65, 0x61, 0x72, 0x20, 0x73, 0x74, 0x72, 0x69, 0x6e, 0x67, 0x20,
  0x63, 0x6f, 0x6e, 0x74, 0x65, 0x6e, 0x74, 0x73, 0x00, 0x52, 0x65, 0x74, 0x75, 0x72, 0x6e, 0x20,
  0x73, 0x74, 0x72, 0x69, 0x6e, 0x67, 0x20, 0x63, 0x6f, 0x6e, 0x76, 0x65, 0x72, 0x74, 0x65, 0x64,
  0x20, 0x74, 0x6f, 0x20, 0x6c, 0x6f, 0x77, 0x65, 0x72, 0x63, 0x61, 0x73, 0x65, 0x00, 0x43, 0x6f,
  0x6e, 0x76, 0x65, 0x72, 0x74, 0x20, 0x74, 0x6f, 0x20, 0x6c, 0x6f, 0x77, 0x65, 0x72, 0x63, 0x61,
  0x73, 0x65, 0x20, 0x64, 0x65, 0x73, 0x74, 0x72, 0x75, 0x63, 0x74, 0x69, 0x76, 0x65, 0x6c, 0x79,
  0x00, 0x45, 0x78, 0x65, 0x63, 0x75, 0x74, 0x65, 0x20, 0x62, 0x6c, 0x6f, 0x63, 0x6b, 0x20, 0x66,
  0x6f, 0x72, 0x20, 0x65, 0x61, 0x63, 0x68, 0x20, 0x62, 0x79, 0x74, 0x65, 0x00, 0x45, 0x78, 0x65,
  0x63, 0x75, 0x74, 0x65, 0x20, 0x62, 0x6c, 0x6f, 0x63, 0x6b, 0x20, 0x66, 0x6f, 0x72, 0x20, 0x65,
  0x61, 0x63, 0x68, 0x20, 0x63, 0x68, 0x61, 0x72, 0x61, 0x63, 0x74, 0x65, 0x72, 0x00, 0x45, 0x78,
  0x65, 0x63, 0x75, 0x74, 0x65, 0x20, 0x62, 0x6c, 0x6f, 0x63, 0x6b, 0x20, 0x66, 0x6f, 0x72, 0x20,
  0x65, 0x61, 0x63, 0x68, 0x20, 0x6c, 0x69, 0x6e, 0x65, 0x00, 0x43, 0x68, 0x65, 0x63, 0x6b, 0x20,
  0x69, 0x66, 0x20, 0x73, 0x74, 0x72, 0x69, 0x6e, 0x67, 0x20, 0x69, 0x73, 0x20, 0x65, 0x6d, 0x70,
  0x74, 0x79, 0x00, 0x43, 0x68, 0x65, 0x63, 0x6b, 0x20, 0x69, 0x66, 0x20, 0x65, 0x6e, 0x64, 0x73,
  0x20, 0x77, 0x69, 0x74, 0x68, 0x20, 0x73, 0x70, 0x65, 0x63, 0x69, 0x66, 0x69, 0x65, 0x64, 0x20,
  0x73, 0x74, 0x72, 0x69, 0x6e, 0x67, 0x00, 0x47, 0x65, 0x74, 0x20, 0x62, 0x79, 0x74, 0x65, 0x20,
  0x76, 0x61, 0x6c, 0x75, 0x65, 0x20, 0x61, 0x74, 0x20, 0x73, 0x70, 0x65, 0x63, 0x69, 0x66, 0x69,
  0x65, 0x64, 0x20, 0x70, 0x6f, 0x73, 0x69, 0x74, 0x69, 0x6f, 0x6e, 0x00, 0x43, 0x68, 0x65, 0x63,
  0x6b, 0x20, 0x69, 0x66, 0x20, 0x63, 0x6f, 0x6e, 0x74, 0x61, 0x69, 0x6e, 0x73, 0x20, 0x73, 0x70,
  0x65, 0x63, 0x69, 0x66, 0x69, 0x65, 0x64, 0x20, 0x73, 0x74, 0x72, 0x69, 0x6e, 0x67, 0x00, 0x52,
  0x65, 0x74, 0x75, 0x72, 0x6e, 0x20, 0x66, 0x69, 0x72, 0x73, 0x74, 0x20, 0x70, 0x6f, 0x73, 0x69,
  0x74, 0x69, 0x6f, 0x6e, 0x20, 0x6f, 0x66, 0x20, 0x73, 0x70, 0x65, 0x63, 0x69, 0x66, 0x69, 0x65,
  0x64, 0x20, 0x73, 0x74, 0x72, 0x69, 0x6e, 0x67, 0x00, 0x43, 0x6f, 0x6e, 0x76, 0x65, 0x72, 0x74,
  0x20, 0x74, 0x6f, 0x20, 0x73, 0x79, 0x6d, 0x62, 0x6f, 0x6c, 0x00, 0x52, 0x65, 0x74, 0x75, 0x72,
  0x6e, 0x20, 0x73, 0x74, 0x72, 0x69, 0x6e, 0x67, 0x20, 0x6c, 0x65, 0x6e, 0x67, 0x74, 0x68, 0x00,
  0x52, 0x65, 0x74, 0x75, 0x72, 0x6e, 0x20, 0x73, 0x74, 0x72, 0x69, 0x6e, 0x67, 0x20, 0x6c, 0x65,
  0x66, 0x74, 0x2d, 0x6a, 0x75, 0x73, 0x74, 0x69, 0x66, 0x69, 0x65, 0x64, 0x20, 0x74, 0x6f, 0x20,
  0x73, 0x70, 0x65, 0x63, 0x69, 0x66, 0x69, 0x65, 0x64, 0x20, 0x77, 0x69, 0x64, 0x74, 0x68, 0x00,
  0x52, 0x65, 0x74, 0x75, 0x72, 0x6e, 0x20, 0x73, 0x74, 0x72, 0x69, 0x6e, 0x67, 0x20, 0x77, 0x69,
  0x74, 0x68, 0x20, 0x6c, 0x65, 0x61, 0x64, 0x69, 0x6e, 0x67, 0x20, 0x77, 0x68, 0x69, 0x74, 0x65,
  0x73, 0x70, 0x61, 0x63, 0x65, 0x20, 0x72, 0x65, 0x6d, 0x6f, 0x76, 0x65, 0x64, 0x00, 0x52, 0x65,
  0x6d, 0x6f, 0x76, 0x65, 0x20, 0x6c, 0x65, 0x61, 0x64, 0x69, 0x6e, 0x67, 0x20, 0x77, 0x68, 0x69,
  0x74, 0x65, 0x73, 0x70, 0x61, 0x63, 0x65, 0x20, 0x64, 0x65, 0x73, 0x74, 0x72, 0x75, 0x63, 0x74,
  0x69, 0x76, 0x65, 0x6c, 0x79, 0x00, 0x52, 0x65, 0x74, 0x75, 0x72, 0x6e, 0x20, 0x63, 0x68, 0x61,
  0x72, 0x61, 0x63, 0x74, 0x65, 0x72, 0x20, 0x63, 0x6f, 0x64, 0x65, 0x20, 0x6f, 0x66, 0x20, 0x66,
  0x69, 0x72, 0x73, 0x74, 0x20, 0x63, 0x68, 0x61, 0x72, 0x61, 0x63, 0x74, 0x65, 0x72, 0x00, 0x52,
  0x65, 0x74, 0x75, 0x72, 0x6e, 0x20, 0x73, 0x74, 0x72, 0x69, 0x6e, 0x67, 0x20, 0x72, 0x69, 0x67,
  0x68, 0x74, 0x2d, 0x6a, 0x75, 0x73, 0x74, 0x69, 0x66, 0x69, 0x65, 0x64, 0x20, 0x74, 0x6f, 0x20,
  0x73, 0x70, 0x65, 0x63, 0x69, 0x66, 0x69, 0x65, 0x64, 0x20, 0x77, 0x69, 0x64, 0x74, 0x68, 0x00,
  0x52, 0x65, 0x74, 0x75, 0x72, 0x6e, 0x20, 0x73, 0x74, 0x72, 0x69, 0x6e, 0x67, 0x20, 0x77, 0x69,
  0x74, 0x68, 0x20, 0x74, 0x72, 0x61, 0x69, 0x6c, 0x69, 0x6e, 0x67, 0x20, 0x77, 0x68, 0x69, 0x74,
  0x65, 0x73, 0x70, 0x61, 0x63, 0x65, 0x20, 0x72, 0x65, 0x6d, 0x6f, 0x76, 0x65, 0x64, 0x00, 0x52,
  0x65, 0x6d, 0x6f, 0x76, 0x65, 0x20, 0x74, 0x72, 0x61, 0x69, 0x6c, 0x69, 0x6e, 0x67, 0x20, 0x77,
  0x68, 0x69, 0x74, 0x65, 0x73, 0x70, 0x61, 0x63, 0x65, 0x20, 0x64, 0x65, 0x73, 0x74, 0x72, 0x75,
  0x63, 0x74, 0x69, 0x76, 0x65, 0x6c, 0x79, 0x00, 0x53, 0x70, 0x6c, 0x69, 0x74, 0x20, 0x62, 0x79,
  0x20, 0x64, 0x65, 0x6c, 0x69, 0x6d, 0x69, 0x74, 0x65, 0x72, 0x20, 0x61, 0x6e, 0x64, 0x20, 0x72,
  0x65, 0x74, 0x75, 0x72, 0x6e, 0x20, 0x61, 0x72, 0x72, 0x61, 0x79, 0x00, 0x43, 0x68, 0x65, 0x63,
  0x6b, 0x20, 0x69, 0x66, 0x20, 0x73, 0x74, 0x61, 0x72, 0x74, 0x73, 0x20, 0x77, 0x69, 0x74, 0x68,
  0x20, 0x73, 0x70, 0x65, 0x63, 0x69, 0x66, 0x69, 0x65, 0x64, 0x20, 0x73, 0x74, 0x72, 0x69, 0x6e,
  0x67, 0x00, 0x52, 0x65, 0x74, 0x75, 0x72, 0x6e, 0x20, 0x73, 0x74, 0x72, 0x69, 0x6e, 0x67, 0x20,
  0x77, 0x69, 0x74, 0x68, 0x20, 0x6c, 0x65, 0x61, 0x64, 0x69, 0x6e, 0x67, 0x20, 0x61, 0x6e, 0x64,
  0x20, 0x74, 0x72, 0x61, 0x69, 0x6c, 0x69, 0x6e, 0x67, 0x20, 0x77, 0x68, 0x69, 0x74, 0x65, 0x73,
  0x70, 0x61, 0x63, 0x65, 0x20, 0x72, 0x65, 0x6d, 0x6f, 0x76, 0x65, 0x64, 0x00, 0x52, 0x65, 0x6d,
  0x6f, 0x76, 0x65, 0x20, 0x6c, 0x65, 0x61, 0x64, 0x69, 0x6e, 0x67, 0x20, 0x61, 0x6e, 0x64, 0x20,
  0x74, 0x72, 0x61, 0x69, 0x6c, 0x69, 0x6e, 0x67, 0x20, 0x77, 0x68, 0x69, 0x74, 0x65, 0x73, 0x70,
  0x61, 0x63, 0x65, 0x20, 0x64, 0x65, 0x73, 0x74, 0x72, 0x75, 0x63, 0x74, 0x69, 0x76, 0x65, 0x6c,
  0x79, 0x00, 0x52, 0x65, 0x70, 0x6c, 0x61, 0x63, 0x65, 0x20, 0x74, 0x68, 0x65, 0x20, 0x66, 0x69,
  0x72, 0x73, 0x74, 0x20, 0x6d, 0x61, 0x74, 0x63, 0x68, 0x69, 0x6e, 0x67, 0x20, 0x73, 0x75, 0x62,
  0x73, 0x74, 0x72, 0x69, 0x6e, 0x67, 0x00, 0x43, 0x6f, 0x6e, 0x76, 0x65, 0x72, 0x74, 0x20, 0x74,
  0x6f, 0x20, 0x69, 0x6e, 0x74, 0x65, 0x67, 0x65, 0x72, 0x00, 0x52, 0x65, 0x74, 0x75, 0x72, 0x6e,
  0x20, 0x73, 0x65, 0x6c, 0x66, 0x20, 0x61, 0x73, 0x20, 0x73, 0x74, 0x72, 0x69, 0x6e, 0x67, 0x00,
  0x52, 0x65, 0x74, 0x75, 0x72, 0x6e, 0x20, 0x73, 0x74, 0x72, 0x69, 0x6e, 0x67, 0x20, 0x77, 0x69,
  0x74, 0x68, 0x20, 0x63, 0x68, 0x61, 0x72, 0x61, 0x63, 0x74, 0x65, 0x72, 0x73, 0x20, 0x72, 0x65,
  0x70, 0x6c, 0x61, 0x63, 0x65, 0x64, 0x00, 0x52, 0x65, 0x70, 0x6c, 0x61, 0x63, 0x65, 0x20, 0x63,
  0x68, 0x61, 0x72, 0x61, 0x63, 0x74, 0x65, 0x72, 0x73, 0x20, 0x64, 0x65, 0x73, 0x74, 0x72, 0x75,
  0x63, 0x74, 0x69, 0x76, 0x65, 0x6c, 0x79, 0x00, 0x52, 0x65, 0x74, 0x75, 0x72, 0x6e, 0x20, 0x73,
  0x74, 0x72, 0x69, 0x6e, 0x67, 0x20, 0x63, 0x6f, 0x6e, 0x76, 0x65, 0x72, 0x74, 0x65, 0x64, 0x20,
  0x74, 0x6f, 0x20, 0x75, 0x70, 0x70, 0x65, 0x72, 0x63, 0x61, 0x73, 0x65, 0x00, 0x43, 0x6f, 0x6e,
  0x76, 0x65, 0x72, 0x74, 0x20, 0x74, 0x6f, 0x20, 0x75, 0x70, 0x70, 0x65, 0x72, 0x63, 0x61, 0x73,
  0x65, 0x20, 0x64, 0x65, 0x73, 0x74, 0x72, 0x75, 0x63, 0x74, 0x69, 0x76, 0x65, 0x6c, 0x79, 0x00,
  0x43, 0x6f, 0x6d, 0x70, 0x61, 0x72, 0x65, 0x20, 0x73, 0x79, 0x6d, 0x62, 0x6f, 0x6c, 0x73, 0x00,
  0x52, 0x65, 0x74, 0x75, 0x72, 0x6e, 0x20, 0x73, 0x65, 0x6c, 0x66, 0x20, 0x61, 0x73, 0x20, 0x73,
  0x79, 0x6d, 0x62, 0x6f, 0x6c, 0x00, 0x52, 0x65, 0x70, 0x65, 0x61, 0x74, 0x20, 0x61, 0x72, 0x72,
  0x61, 0x79, 0x20, 0x73, 0x70, 0x65, 0x63, 0x69, 0x66, 0x69, 0x65, 0x64, 0x20, 0x6e, 0x75, 0x6d,
  0x62, 0x65, 0x72, 0x20, 0x6f, 0x66, 0x20, 0x74, 0x69, 0x6d, 0x65, 0x73, 0x20, 0x61, 0x6e, 0x64,
  0x20, 0x72, 0x65, 0x74, 0x75, 0x72, 0x6e, 0x20, 0x6e, 0x65, 0x77, 0x20, 0x61, 0x72, 0x72, 0x61,
  0x79, 0x00, 0x43, 0x6f, 0x6e, 0x63, 0x61, 0x74, 0x65, 0x6e, 0x61, 0x74, 0x65, 0x20, 0x61, 0x72,
  0x72, 0x61, 0x79, 0x73, 0x00, 0x52, 0x65, 0x74, 0x75, 0x72, 0x6e, 0x20, 0x6e, 0x65, 0x77, 0x20,
  0x61, 0x72, 0x72, 0x61, 0x79, 0x20, 0x65, 0x78, 0x63, 0x6c, 0x75, 0x64, 0x69, 0x6e, 0x67, 0x20,
  0x73, 0x70, 0x65, 0x63, 0x69, 0x66, 0x69, 0x65, 0x64, 0x20, 0x65, 0x6c, 0x65, 0x6d, 0x65, 0x6e,
  0x74, 0x73, 0x00, 0x43, 0x6f, 0x6d, 0x70, 0x61, 0x72, 0x65, 0x20, 0x61, 0x72, 0x72, 0x61, 0x79,
  0x73, 0x2e, 0x20, 0x52, 0x65, 0x74, 0x75, 0x72, 0x6e, 0x73, 0x20, 0x2d, 0x31, 0x20, 0x69, 0x66,
  0x20, 0x73, 0x65, 0x6c, 0x66, 0x20, 0x3c, 0x20, 0x6f, 0x74, 0x68, 0x65, 0x72, 0x2c, 0x20, 0x30,
  0x20, 0x69, 0x66, 0x20, 0x73, 0x65, 0x6c, 0x66, 0x20, 0x3d, 0x3d, 0x20, 0x6f, 0x74, 0x68, 0x65,
  0x72, 0x2c, 0x20, 0x31, 0x20, 0x69, 0x66, 0x20, 0x73, 0x65, 0x6c, 0x66, 0x20, 0x3e, 0x20, 0x6f,
  0x74, 0x68, 0x65, 0x72, 0x00, 0x47, 0x65, 0x74, 0x20, 0x65, 0x6c, 0x65, 0x6d, 0x65, 0x6e, 0x74,
  0x20, 0x61, 0x74, 0x20, 0x73, 0x70, 0x65, 0x63, 0x69, 0x66, 0x69, 0x65, 0x64, 0x20, 0x70, 0x6f,
  0x73, 0x69, 0x74, 0x69, 0x6f, 0x6e, 0x00, 0x53, 0x65, 0x74, 0x20, 0x65, 0x6c, 0x65, 0x6d, 0x65,
  0x6e, 0x74, 0x20, 0x61, 0x74, 0x20, 0x73, 0x70, 0x65, 0x63, 0x69, 0x66, 0x69, 0x65, 0x64, 0x20,
  0x70, 0x6f, 0x73, 0x69, 0x74, 0x69, 0x6f, 0x6e, 0x00, 0x52, 0x65, 0x6d, 0x6f, 0x76, 0x65, 0x20,
  0x61, 0x6c, 0x6c, 0x20, 0x65, 0x6c, 0x65, 0x6d, 0x65, 0x6e, 0x74, 0x73, 0x20, 0x66, 0x72, 0x6f,
  0x6d, 0x20, 0x61, 0x72, 0x72, 0x61, 0x79, 0x00, 0x45, 0x78, 0x65, 0x63, 0x75, 0x74, 0x65, 0x20,
  0x62, 0x6c, 0x6f, 0x63, 0x6b, 0x20, 0x66, 0x6f, 0x72, 0x20, 0x65, 0x61, 0x63, 0x68, 0x20, 0x65,
  0x6c, 0x65, 0x6d, 0x65, 0x6e, 0x74, 0x20, 0x61, 0x6e, 0x64, 0x20, 0x72, 0x65, 0x74, 0x75, 0x72,
  0x6e, 0x20, 0x72, 0x65, 0x73, 0x75, 0x6c, 0x74, 0x73, 0x20, 0x61, 0x73, 0x20, 0x61, 0x72, 0x72,
  0x61, 0x79, 0x00, 0x45, 0x78, 0x65, 0x63, 0x75, 0x74, 0x65, 0x20, 0x62, 0x6c, 0x6f, 0x63, 0x6b,
  0x20, 0x66, 0x6f, 0x72, 0x20, 0x65, 0x61, 0x63, 0x68, 0x20, 0x65, 0x6c, 0x65, 0x6d, 0x65, 0x6e,
  0x74, 0x20, 0x61, 0x6e, 0x64, 0x20, 0x64, 0x65, 0x73, 0x74, 0x72, 0x75, 0x63, 0x74, 0x69, 0x76,
  0x65, 0x6c, 0x79, 0x20, 0x72, 0x65, 0x70, 0x6c, 0x61, 0x63, 0x65, 0x00, 0x44, 0x65, 0x6c, 0x65,
  0x74, 0x65, 0x20, 0x65, 0x6c, 0x65, 0x6d, 0x65, 0x6e, 0x74, 0x20, 0x61, 0x74, 0x20, 0x73, 0x70,
  0x65, 0x63, 0x69, 0x66, 0x69, 0x65, 0x64, 0x20, 0x70, 0x6f, 0x73, 0x69, 0x74, 0x69, 0x6f, 0x6e,
  0x00, 0x44, 0x65, 0x6c, 0x65, 0x74, 0x65, 0x20, 0x65, 0x6c, 0x65, 0x6d, 0x65, 0x6e, 0x74, 0x73,
  0x20, 0x66, 0x6f, 0x72, 0x20, 0x77, 0x68, 0x69, 0x63, 0x68, 0x20, 0x62, 0x6c, 0x6f, 0x63, 0x6b,
  0x20, 0x72, 0x65, 0x74, 0x75, 0x72, 0x6e, 0x73, 0x20, 0x74, 0x72, 0x75, 0x65, 0x00, 0x45, 0x78,
  0x65, 0x63, 0x75, 0x74, 0x65, 0x20, 0x62, 0x6c, 0x6f, 0x63, 0x6b, 0x20, 0x66, 0x6f, 0x72, 0x20,
  0x65, 0x61, 0x63, 0x68, 0x20, 0x65, 0x6c, 0x65, 0x6d, 0x65, 0x6e, 0x74, 0x00, 0x45, 0x78, 0x65,
  0x63, 0x75, 0x74, 0x65, 0x20, 0x62, 0x6c, 0x6f, 0x63, 0x6b, 0x20, 0x66, 0x6f, 0x72, 0x20, 0x65,
  0x61, 0x63, 0x68, 0x20, 0x69, 0x6e, 0x64, 0x65, 0x78, 0x00, 0x45, 0x78, 0x65, 0x63, 0x75, 0x74,
  0x65, 0x20, 0x62, 0x6c, 0x6f, 0x63, 0x6b, 0x20, 0x66, 0x6f, 0x72, 0x20, 0x65, 0x61, 0x63, 0x68,
  0x20, 0x65, 0x6c, 0x65, 0x6d, 0x65, 0x6e, 0x74, 0x20, 0x61, 0x6e, 0x64, 0x20, 0x69, 0x6e, 0x64,
  0x65, 0x78, 0x00, 0x43, 0x68, 0x65, 0x63, 0x6b, 0x20, 0x69, 0x66, 0x20, 0x61, 0x72, 0x72, 0x61,
  0x79, 0x20, 0x69, 0x73, 0x20, 0x65, 0x6d, 0x70, 0x74, 0x79, 0x00, 0x47, 0x65, 0x74, 0x20, 0x66,
  0x69, 0x72, 0x73, 0x74, 0x20, 0x65, 0x6c, 0x65, 0x6d, 0x65, 0x6e, 0x74, 0x00, 0x46, 0x6c, 0x61,
  0x74, 0x74, 0x65, 0x6e, 0x20, 0x6e, 0x65, 0x73, 0x74, 0x65, 0x64, 0x20, 0x61, 0x72, 0x72, 0x61,
  0x79, 0x00, 0x43, 0x68, 0x65, 0x63, 0x6b, 0x20, 0x69, 0x66, 0x20, 0x65, 0x6c, 0x65, 0x6d, 0x65,
  0x6e, 0x74, 0x20, 0x69, 0x73, 0x20, 0x69, 0x6e, 0x63, 0x6c, 0x75, 0x64, 0x65, 0x64, 0x00, 0x4a,
  0x6f, 0x69, 0x6e, 0x20, 0x65, 0x6c, 0x65, 0x6d, 0x65, 0x6e, 0x74, 0x73, 0x20, 0x61, 0x6e, 0x64,
  0x20, 0x72, 0x65, 0x74, 0x75, 0x72, 0x6e, 0x20, 0x73, 0x74, 0x72, 0x69, 0x6e, 0x67, 0x00, 0x47,
  0x65, 0x74, 0x20, 0x6c, 0x61, 0x73, 0x74, 0x20, 0x65, 0x6c, 0x65, 0x6d, 0x65, 0x6e, 0x74, 0x00,
  0x52, 0x65, 0x74, 0x75, 0x72, 0x6e, 0x20, 0x6e, 0x75, 0x6d, 0x62, 0x65, 0x72, 0x20, 0x6f, 0x66,
  0x20, 0x65, 0x6c, 0x65, 0x6d, 0x65, 0x6e, 0x74, 0x73, 0x20, 0x69, 0x6e, 0x20, 0x61, 0x72, 0x72,
  0x61, 0x79, 0x00, 0x52, 0x65, 0x6d, 0x6f, 0x76, 0x65, 0x20, 0x61, 0x6e, 0x64, 0x20, 0x72, 0x65,
  0x74, 0x75, 0x72, 0x6e, 0x20, 0x6c, 0x61, 0x73, 0x74, 0x20, 0x65, 0x6c, 0x65, 0x6d, 0x65, 0x6e,
  0x74, 0x00, 0x41, 0x70, 0x70, 0x65, 0x6e, 0x64, 0x20, 0x65, 0x6c, 0x65, 0x6d, 0x65, 0x6e, 0x74,
  0x20, 0x74, 0x6f, 0x20, 0x65, 0x6e, 0x64, 0x00, 0x52, 0x65, 0x74, 0x75, 0x72, 0x6e, 0x20, 0x61,
  0x72, 0x72, 0x61, 0x79, 0x20, 0x65, 0x78, 0x63, 0x6c, 0x75, 0x64, 0x69, 0x6e, 0x67, 0x20, 0x65,
  0x6c, 0x65, 0x6d, 0x65, 0x6e, 0x74, 0x73, 0x20, 0x66, 0x6f, 0x72, 0x20, 0x77, 0x68, 0x69, 0x63,
  0x68, 0x20, 0x62, 0x6c, 0x6f, 0x63, 0x6b, 0x20, 0x72, 0x65, 0x74, 0x75, 0x72, 0x6e, 0x73, 0x20,
  0x74, 0x72, 0x75, 0x65, 0x00, 0x44, 0x65, 0x73, 0x74, 0x72, 0x75, 0x63, 0x74, 0x69, 0x76, 0x65,
  0x6c, 0x79, 0x20, 0x64, 0x65, 0x6c, 0x65, 0x74, 0x65, 0x20, 0x65, 0x6c, 0x65, 0x6d, 0x65, 0x6e,
  0x74, 0x73, 0x20, 0x66, 0x6f, 0x72, 0x20, 0x77, 0x68, 0x69, 0x63, 0x68, 0x20, 0x62, 0x6c, 0x6f,
  0x63, 0x6b, 0x20, 0x72, 0x65, 0x74, 0x75, 0x72, 0x6e, 0x73, 0x20, 0x74, 0x72, 0x75, 0x65, 0x00,
  0x52, 0x65, 0x6d, 0x6f, 0x76, 0x65, 0x20, 0x61, 0x6e, 0x64, 0x20, 0x72, 0x65, 0x74, 0x75, 0x72,
  0x6e, 0x20, 0x66, 0x69, 0x72, 0x73, 0x74, 0x20, 0x65, 0x6c, 0x65, 0x6d, 0x65, 0x6e, 0x74, 0x00,
  0x47, 0x65, 0x74, 0x20, 0x73, 0x75, 0x62, 0x61, 0x72, 0x72, 0x61, 0x79, 0x00, 0x52, 0x65, 0x74,
  0x75, 0x72, 0x6e, 0x20, 0x73, 0x6f, 0x72, 0x74, 0x65, 0x64, 0x20, 0x61, 0x72, 0x72, 0x61, 0x79,
  0x00, 0x53, 0x6f, 0x72, 0x74, 0x20, 0x64, 0x65, 0x73, 0x74, 0x72, 0x75, 0x63, 0x74, 0x69, 0x76,
  0x65, 0x6c, 0x79, 0x00, 0x52, 0x65, 0x74, 0x75, 0x72, 0x6e, 0x20, 0x61, 0x72, 0x72, 0x61, 0x79,
  0x20, 0x77, 0x69, 0x74, 0x68, 0x20, 0x64, 0x75, 0x70, 0x6c, 0x69, 0x63, 0x61, 0x74, 0x65, 0x73,
  0x20, 0x72, 0x65, 0x6d, 0x6f, 0x76, 0x65, 0x64, 0x00, 0x52, 0x65, 0x6d, 0x6f, 0x76, 0x65, 0x20,
  0x64, 0x75, 0x70, 0x6c, 0x69, 0x63, 0x61, 0x74, 0x65, 0x73, 0x20, 0x64, 0x65, 0x73, 0x74, 0x72,
  0x75, 0x63, 0x74, 0x69, 0x76, 0x65, 0x6c, 0x79, 0x00, 0x50, 0x72, 0x65, 0x70, 0x65, 0x6e, 0x64,
  0x20, 0x65, 0x6c, 0x65, 0x6d, 0x65, 0x6e, 0x74, 0x20, 0x74, 0x6f, 0x20, 0x62, 0x65, 0x67, 0x69,
  0x6e, 0x6e, 0x69, 0x6e, 0x67, 0x00, 0x47, 0x65, 0x74, 0x20, 0x76, 0x61, 0x6c, 0x75, 0x65, 0x20,
  0x66, 0x6f, 0x72, 0x20, 0x73, 0x70, 0x65, 0x63, 0x69, 0x66, 0x69, 0x65, 0x64, 0x20, 0x6b, 0x65,
  0x79, 0x00, 0x53, 0x65, 0x74, 0x20, 0x76, 0x61, 0x6c, 0x75, 0x65, 0x20, 0x66, 0x6f, 0x72, 0x20,
  0x73, 0x70, 0x65, 0x63, 0x69, 0x66, 0x69, 0x65, 0x64, 0x20, 0x6b, 0x65, 0x79, 0x00, 0x52, 0x65,
  0x6d, 0x6f, 0x76, 0x65, 0x20, 0x61, 0x6c, 0x6c, 0x20, 0x65, 0x6c, 0x65, 0x6d, 0x65, 0x6e, 0x74,
  0x73, 0x20, 0x66, 0x72, 0x6f, 0x6d, 0x20, 0x68, 0x61, 0x73, 0x68, 0x00, 0x44, 0x65, 0x6c, 0x65,
  0x74, 0x65, 0x20, 0x73, 0x70, 0x65, 0x63, 0x69, 0x66, 0x69, 0x65, 0x64, 0x20, 0x6b, 0x65, 0x79,
  0x00, 0x45, 0x78, 0x65, 0x63, 0x75, 0x74, 0x65, 0x20, 0x62, 0x6c, 0x6f, 0x63, 0x6b, 0x20, 0x66,
  0x6f, 0x72, 0x20, 0x65, 0x61, 0x63, 0x68, 0x20, 0x6b, 0x65, 0x79, 0x20, 0x61, 0x6e, 0x64, 0x20,
  0x76, 0x61, 0x6c, 0x75, 0x65, 0x00, 0x43, 0x68, 0x65, 0x63, 0x6b, 0x20, 0x69, 0x66, 0x20, 0x68,
  0x61, 0x73, 0x68, 0x20, 0x69, 0x73, 0x20, 0x65, 0x6d, 0x70, 0x74, 0x79, 0x00, 0x43, 0x68, 0x65,
  0x63, 0x6b, 0x20, 0x69, 0x66, 0x20, 0x73, 0x70, 0x65, 0x63, 0x69, 0x66, 0x69, 0x65, 0x64, 0x20,
  0x6b, 0x65, 0x79, 0x20, 0x65, 0x78, 0x69, 0x73, 0x74, 0x73, 0x00, 0x43, 0x68, 0x65, 0x63, 0x6b,
  0x20, 0x69, 0x66, 0x20, 0x73, 0x70, 0x65, 0x63, 0x69, 0x66, 0x69, 0x65, 0x64, 0x20, 0x76, 0x61,
  0x6c, 0x75, 0x65, 0x20, 0x65, 0x78, 0x69, 0x73, 0x74, 0x73, 0x00, 0x52, 0x65, 0x74, 0x75, 0x72,
  0x6e, 0x20, 0x61, 0x6c, 0x6c, 0x20, 0x6b, 0x65, 0x79, 0x73, 0x20, 0x61, 0x73, 0x20, 0x61, 0x72,
  0x72, 0x61, 0x79, 0x00, 0x52, 0x65, 0x74, 0x75, 0x72, 0x6e, 0x20, 0x6e, 0x75, 0x6d, 0x62, 0x65,
  0x72, 0x20, 0x6f, 0x66, 0x20, 0x65, 0x6c, 0x65, 0x6d, 0x65, 0x6e, 0x74, 0x73, 0x20, 0x69, 0x6e,
  0x20, 0x68, 0x61, 0x73, 0x68, 0x00, 0x52, 0x65, 0x74, 0x75, 0x72, 0x6e, 0x20, 0x6e, 0x65, 0x77,
  0x20, 0x68, 0x61, 0x73, 0x68, 0x20, 0x6d, 0x65, 0x72, 0x67, 0x65, 0x64, 0x20, 0x77, 0x69, 0x74,
  0x68, 0x20, 0x61, 0x6e, 0x6f, 0x74, 0x68, 0x65, 0x72, 0x20, 0x68, 0x61, 0x73, 0x68, 0x00, 0x4d,
  0x65, 0x72, 0x67, 0x65, 0x20, 0x68, 0x61, 0x73, 0x68, 0x20, 0x64, 0x65, 0x73, 0x74, 0x72, 0x75,
  0x63, 0x74, 0x69, 0x76, 0x65, 0x6c, 0x79, 0x00, 0x52, 0x65, 0x6d, 0x6f, 0x76, 0x65, 0x20, 0x61,
  0x6e, 0x64, 0x20, 0x72, 0x65, 0x74, 0x75, 0x72, 0x6e, 0x20, 0x66, 0x69, 0x72, 0x73, 0x74, 0x20,
  0x6b, 0x65, 0x79, 0x2d, 0x76, 0x61, 0x6c, 0x75, 0x65, 0x20, 0x70, 0x61, 0x69, 0x72, 0x00, 0x52,
  0x65, 0x74, 0x75, 0x72, 0x6e, 0x20, 0x73, 0x65, 0x6c, 0x66, 0x20, 0x61, 0x73, 0x20, 0x68, 0x61,
  0x73, 0x68, 0x00, 0x52, 0x65, 0x74, 0x75, 0x72, 0x6e, 0x20, 0x61, 0x6c, 0x6c, 0x20, 0x76, 0x61,
  0x6c, 0x75, 0x65, 0x73, 0x20, 0x61, 0x73, 0x20, 0x61, 0x72, 0x72, 0x61, 0x79, 0x00, 0x43, 0x68,
  0x65, 0x63, 0x6b, 0x20, 0x69, 0x66, 0x20, 0x76, 0x61, 0x6c, 0x75, 0x65, 0x20, 0x69, 0x73, 0x20,
  0x69, 0x6e, 0x63, 0x6c, 0x75, 0x64, 0x65, 0x64, 0x20, 0x69, 0x6e, 0x20, 0x72, 0x61, 0x6e, 0x67,
  0x65, 0x00, 0x45, 0x78, 0x65, 0x63, 0x75, 0x74, 0x65, 0x20, 0x62, 0x6c, 0x6f, 0x63, 0x6b, 0x20,
  0x66, 0x6f, 0x72, 0x20, 0x65, 0x61, 0x63, 0x68, 0x20, 0x65, 0x6c, 0x65, 0x6d, 0x65, 0x6e, 0x74,
  0x20, 0x69, 0x6e, 0x20, 0x72, 0x61, 0x6e, 0x67, 0x65, 0x00, 0x43, 0x68, 0x65, 0x63, 0x6b, 0x20,
  0x69, 0x66, 0x20, 0x65, 0x6e, 0x64, 0x20, 0x76, 0x61, 0x6c, 0x75, 0x65, 0x20, 0x69, 0x73, 0x20,
  0x65, 0x78, 0x63, 0x6c, 0x75, 0x64, 0x65, 0x64, 0x00, 0x52, 0x65, 0x74, 0x75, 0x72, 0x6e, 0x20,
  0x73, 0x74, 0x61, 0x72, 0x74, 0x20, 0x76, 0x61, 0x6c, 0x75, 0x65, 0x20, 0x6f, 0x66, 0x20, 0x72,
  0x61, 0x6e, 0x67, 0x65, 0x00, 0x52, 0x65, 0x74, 0x75, 0x72, 0x6e, 0x20, 0x65, 0x6e, 0x64, 0x20,
  0x76, 0x61, 0x6c, 0x75, 0x65, 0x20, 0x6f, 0x66, 0x20, 0x72, 0x61, 0x6e, 0x67, 0x65, 0x00, 0x43,
  0x61, 0x6c, 0x6c, 0x20, 0x50, 0x72, 0x6f, 0x63, 0x00, 0x50, 0x65, 0x72, 0x66, 0x6f, 0x72, 0x6d,
  0x20, 0x6c, 0x6f, 0x67, 0x69, 0x63, 0x61, 0x6c, 0x20, 0x41, 0x4e, 0x44, 0x20, 0x6f, 0x70, 0x65,
  0x72, 0x61, 0x74, 0x69, 0x6f, 0x6e, 0x00, 0x50, 0x65, 0x72, 0x66, 0x6f, 0x72, 0x6d, 0x20, 0x6c,
  0x6f, 0x67, 0x69, 0x63, 0x61, 0x6c, 0x20, 0x58, 0x4f, 0x52, 0x20, 0x6f, 0x70, 0x65, 0x72, 0x61,
  0x74, 0x69, 0x6f, 0x6e, 0x00, 0x50, 0x65, 0x72, 0x66, 0x6f, 0x72, 0x6d, 0x20, 0x6c, 0x6f, 0x67,
  0x69, 0x63, 0x61, 0x6c, 0x20, 0x4f, 0x52, 0x20, 0x6f, 0x70, 0x65, 0x72, 0x61, 0x74, 0x69, 0x6f,
  0x6e, 0x00, 0x41, 0x6c, 0x77, 0x61, 0x79, 0x73, 0x20, 0x72, 0x65, 0x74, 0x75, 0x72, 0x6e, 0x73,
  0x20, 0x66, 0x61, 0x6c, 0x73, 0x65, 0x00, 0x52, 0x65, 0x74, 0x75, 0x72, 0x6e, 0x73, 0x20, 0x6c,
  0x6f, 0x67, 0x69, 0x63, 0x61, 0x6c, 0x20, 0x76, 0x61, 0x6c, 0x75, 0x65, 0x20, 0x6f, 0x66, 0x20,
  0x61, 0x72, 0x67, 0x75, 0x6d, 0x65, 0x6e, 0x74, 0x00, 0x52, 0x65, 0x74, 0x75, 0x72, 0x6e, 0x73,
  0x20, 0x22, 0x6e, 0x69, 0x6c, 0x22, 0x00, 0x52, 0x65, 0x74, 0x75, 0x72, 0x6e, 0x73, 0x20, 0x74,
  0x72, 0x75, 0x65, 0x00, 0x52, 0x65, 0x74, 0x75, 0x72, 0x6e, 0x73, 0x20, 0x30, 0x2e, 0x30, 0x00,
  0x52, 0x65, 0x74, 0x75, 0x72, 0x6e, 0x73, 0x20, 0x65, 0x6d, 0x70, 0x74, 0x79, 0x20, 0x68, 0x61,
  0x73, 0x68, 0x00, 0x52, 0x65, 0x74, 0x75, 0x72, 0x6e, 0x73, 0x20, 0x30, 0x00, 0x52, 0x65, 0x74,
  0x75, 0x72, 0x6e, 0x73, 0x20, 0x65, 0x6d, 0x70, 0x74, 0x79, 0x20, 0x73, 0x74, 0x72, 0x69, 0x6e,
  0x67, 0x00, 0x52, 0x65, 0x74, 0x75, 0x72, 0x6e, 0x20, 0x63, 0x6c, 0x61, 0x73, 0x73, 0x20, 0x6e,
  0x61, 0x6d, 0x65, 0x20, 0x61, 0x73, 0x20, 0x73, 0x74, 0x72, 0x69, 0x6e, 0x67, 0x00, 0x43, 0x72,
  0x65, 0x61, 0x74, 0x65, 0x20, 0x6c, 0x61, 0x6d, 0x62, 0x64, 0x61, 0x20, 0x65, 0x78, 0x70, 0x72,
  0x65, 0x73, 0x73, 0x69, 0x6f, 0x6e, 0x00, 0x49, 0x6e, 0x73, 0x70, 0x65, 0x63, 0x74, 0x20, 0x61,
  0x6e, 0x64, 0x20, 0x6f, 0x75, 0x74, 0x70, 0x75, 0x74, 0x20, 0x6f, 0x62, 0x6a, 0x65, 0x63, 0x74,
  0x00, 0x4f, 0x75, 0x74, 0x70, 0x75, 0x74, 0x20, 0x6f, 0x62, 0x6a, 0x65, 0x63, 0x74, 0x00, 0x43,
  0x72, 0x65, 0x61, 0x74, 0x65, 0x20, 0x50, 0x72, 0x6f, 0x63, 0x20, 0x6f, 0x62, 0x6a, 0x65, 0x63,
  0x74, 0x00, 0x4f, 0x75, 0x74, 0x70, 0x75, 0x74, 0x20, 0x6f, 0x62, 0x6a, 0x65, 0x63, 0x74, 0x20,
  0x77, 0x69, 0x74, 0x68, 0x20, 0x6e, 0x65, 0x77, 0x6c, 0x69, 0x6e, 0x65, 0x00, 0x66, 0x6f, 0x72,
  0x20, 0x56, 0x46, 0x53, 0x00, 0x53, 0x65, 0x74, 0x20, 0x62, 0x61, 0x63, 0x6b, 0x6c, 0x69, 0x67,
  0x68, 0x74, 0x20, 0x62, 0x72, 0x69, 0x67, 0x68, 0x74, 0x6e, 0x65, 0x73, 0x73, 0x20, 0x28, 0x30,
  0x2e, 0x2e, 0x32, 0x35, 0x35, 0x29, 0x00, 0x53, 0x68, 0x6f, 0x77, 0x2f, 0x68, 0x69, 0x64, 0x65,
  0x20, 0x74, 0x68, 0x65, 0x20, 0x74, 0x65, 0x78, 0x74, 0x20, 0x63, 0x6f, 0x6e, 0x73, 0x6f, 0x6c,
  0x65, 0x00, 0x46, 0x69, 0x6c, 0x6c, 0x20, 0x74, 0x68, 0x65, 0x20, 0x77, 0x68, 0x6f, 0x6c, 0x65,
  0x20, 0x73, 0x63, 0x72, 0x65, 0x65, 0x6e, 0x20, 0x77, 0x69, 0x74, 0x68, 0x20, 0x61, 0x6e, 0x20,
  0x52, 0x47, 0x42, 0x38, 0x38, 0x38, 0x20, 0x63, 0x6f, 0x6c, 0x6f, 0x72, 0x00, 0x53, 0x63, 0x72,
  0x65, 0x65, 0x6e, 0x20, 0x68, 0x65, 0x69, 0x67, 0x68, 0x74, 0x20, 0x69, 0x6e, 0x20, 0x70, 0x69,
  0x78, 0x65, 0x6c, 0x73, 0x00, 0x53, 0x63, 0x72, 0x65, 0x65, 0x6e, 0x20, 0x77, 0x69, 0x64, 0x74,
  0x68, 0x20, 0x69, 0x6e, 0x20, 0x70, 0x69, 0x78, 0x65, 0x6c, 0x73, 0x00, 0x43, 0x6c, 0x6f, 0x73,
  0x65, 0x20, 0x66, 0x69, 0x6c, 0x65, 0x00, 0x46, 0x6c, 0x75, 0x73, 0x68, 0x20, 0x77, 0x72, 0x69,
  0x74, 0x65, 0x20, 0x62, 0x75, 0x66, 0x66, 0x65, 0x72, 0x00, 0x52, 0x65, 0x61, 0x64, 0x20, 0x6f,
  0x6e, 0x65, 0x20, 0x6c, 0x69, 0x6e, 0x65, 0x20, 0x66, 0x72, 0x6f, 0x6d, 0x20, 0x66, 0x69, 0x6c,
  0x65, 0x00, 0x52, 0x65, 0x74, 0x75, 0x72, 0x6e, 0x20, 0x63, 0x75, 0x72, 0x72, 0x65, 0x6e, 0x74,
  0x20, 0x66, 0x69, 0x6c, 0x65, 0x20, 0x70, 0x6f, 0x73, 0x69, 0x74, 0x69, 0x6f, 0x6e, 0x00, 0x57,
  0x72, 0x69, 0x74, 0x65, 0x20, 0x73, 0x74, 0x72, 0x69, 0x6e, 0x67, 0x20, 0x77, 0x69, 0x74, 0x68,
  0x20, 0x6e, 0x65, 0x77, 0x6c, 0x69, 0x6e, 0x65, 0x20, 0x74, 0x6f, 0x20, 0x66, 0x69, 0x6c, 0x65,
  0x00, 0x52, 0x65, 0x61, 0x64, 0x20, 0x64, 0x61, 0x74, 0x61, 0x20, 0x66, 0x72, 0x6f, 0x6d, 0x20,
  0x66, 0x69, 0x6c, 0x65, 0x00, 0x4d, 0x6f, 0x76, 0x65, 0x20, 0x66, 0x69, 0x6c, 0x65, 0x20, 0x70,
  0x6f, 0x73, 0x69, 0x74, 0x69, 0x6f, 0x6e, 0x00, 0x57, 0x72, 0x69, 0x74, 0x65, 0x20, 0x73, 0x74,
  0x72, 0x69, 0x6e, 0x67, 0x20, 0x74, 0x6f, 0x20, 0x66, 0x69, 0x6c, 0x65, 0x2c, 0x20, 0x72, 0x65,
  0x74, 0x75, 0x72, 0x6e, 0x20, 0x6e, 0x75, 0x6d, 0x62, 0x65, 0x72, 0x20, 0x6f, 0x66, 0x20, 0x62,
  0x79, 0x74, 0x65, 0x73, 0x20, 0x77, 0x72, 0x69, 0x74, 0x74, 0x65, 0x6e, 0x00, 0x52, 0x65, 0x74,
  0x75, 0x72, 0x6e, 0x20, 0x6c, 0x61, 0x73, 0x74, 0x20, 0x63, 0x6f, 0x6d, 0x70, 0x6f, 0x6e, 0x65,
  0x6e, 0x74, 0x20, 0x6f, 0x66, 0x20, 0x70, 0x61, 0x74, 0x68, 0x00, 0x44, 0x65, 0x6c, 0x65, 0x74,
  0x65, 0x20, 0x66, 0x69, 0x6c, 0x65, 0x28, 0x73, 0x29, 0x00, 0x52, 0x65, 0x74, 0x75, 0x72, 0x6e,
  0x20, 0x64, 0x69, 0x72, 0x65, 0x63, 0x74, 0x6f, 0x72, 0x79, 0x20, 0x70, 0x61, 0x72, 0x74, 0x20,
  0x6f, 0x66, 0x20, 0x70, 0x61, 0x74, 0x68, 0x00, 0x43, 0x68, 0x65, 0x63, 0x6b, 0x20, 0x69, 0x66,
  0x20, 0x66, 0x69, 0x6c, 0x65, 0x20, 0x65, 0x78, 0x69, 0x73, 0x74, 0x73, 0x00, 0x4a, 0x6f, 0x69,
  0x6e, 0x20, 0x70, 0x61, 0x74, 0x68, 0x20, 0x63, 0x6f, 0x6d, 0x70, 0x6f, 0x6e, 0x65, 0x6e, 0x74,
  0x73, 0x20, 0x77, 0x69, 0x74, 0x68, 0x20, 0x73, 0x65, 0x70, 0x61, 0x72, 0x61, 0x74, 0x6f, 0x72,
  0x00, 0x4f, 0x70, 0x65, 0x6e, 0x20, 0x66, 0x69, 0x6c, 0x65, 0x2c, 0x20, 0x79, 0x69, 0x65, 0x6c,
  0x64, 0x20, 0x74, 0x6f, 0x20, 0x62, 0x6c, 0x6f, 0x63, 0x6b, 0x2c, 0x20, 0x63, 0x6c, 0x6f, 0x73,
  0x65, 0x20, 0x61, 0x75, 0x74, 0x6f, 0x6d, 0x61, 0x74, 0x69, 0x63, 0x61, 0x6c, 0x6c, 0x79, 0x00,
  0x52, 0x65, 0x61, 0x64, 0x20, 0x65, 0x6e, 0x74, 0x69, 0x72, 0x65, 0x20, 0x66, 0x69, 0x6c, 0x65,
  0x20, 0x61, 0x6e, 0x64, 0x20, 0x72, 0x65, 0x74, 0x75, 0x72, 0x6e, 0x20, 0x61, 0x73, 0x20, 0x73,
  0x74, 0x72, 0x69, 0x6e, 0x67, 0x00, 0x44, 0x65, 0x6c, 0x65, 0x74, 0x65, 0x20, 0x66, 0x69, 0x6c,
  0x65, 0x28, 0x73, 0x29, 0x20, 0x28, 0x61, 0x6c, 0x69, 0x61, 0x73, 0x20, 0x66, 0x6f, 0x72, 0x20,
  0x64, 0x65, 0x6c, 0x65, 0x74, 0x65, 0x29, 0x00, 0x43, 0x68, 0x65, 0x63, 0x6b, 0x20, 0x69, 0x66,
  0x20, 0x47, 0x50, 0x49, 0x4f, 0x20, 0x70, 0x69, 0x6e, 0x20, 0x69, 0x73, 0x20, 0x48, 0x49, 0x47,
  0x48, 0x00, 0x43, 0x68, 0x65, 0x63, 0x6b, 0x20, 0x69, 0x66, 0x20, 0x47, 0x50, 0x49, 0x4f, 0x20,
  0x70, 0x69, 0x6e, 0x20, 0x69, 0x73, 0x20, 0x4c, 0x4f, 0x57, 0x00, 0x53, 0x65, 0x74, 0x20, 0x74,
  0x6f, 0x20, 0x6f, 0x70, 0x65, 0x6e, 0x20, 0x64, 0x72, 0x61, 0x69, 0x6e, 0x20, 0x6f, 0x75, 0x74,
  0x70, 0x75, 0x74, 0x20, 0x6d, 0x6f, 0x64, 0x65, 0x00, 0x52, 0x65, 0x61, 0x64, 0x20, 0x47, 0x50,
  0x49, 0x4f, 0x20, 0x70, 0x69, 0x6e, 0x20, 0x73, 0x74, 0x61, 0x74, 0x65, 0x00, 0x57, 0x72, 0x69,
  0x74, 0x65, 0x20, 0x76, 0x61, 0x6c, 0x75, 0x65, 0x20, 0x74, 0x6f, 0x20, 0x47, 0x50, 0x49, 0x4f,
  0x20, 0x70, 0x69, 0x6e, 0x00, 0x43, 0x68, 0x65, 0x63, 0x6b, 0x20, 0x69, 0x66, 0x20, 0x73, 0x70,
  0x65, 0x63, 0x69, 0x66, 0x69, 0x65, 0x64, 0x20, 0x70, 0x69, 0x6e, 0x20, 0x69, 0x73, 0x20, 0x48,
  0x49, 0x47, 0x48, 0x00, 0x43, 0x68, 0x65, 0x63, 0x6b, 0x20, 0x69, 0x66, 0x20, 0x73, 0x70, 0x65,
  0x63, 0x69, 0x66, 0x69, 0x65, 0x64, 0x20, 0x70, 0x69, 0x6e, 0x20, 0x69, 0x73, 0x20, 0x4c, 0x4f,
  0x57, 0x00, 0x43, 0x72, 0x65, 0x61, 0x74, 0x65, 0x20, 0x47, 0x50, 0x49, 0x4f, 0x20, 0x6f, 0x62,
  0x6a, 0x65, 0x63, 0x74, 0x00, 0x53, 0x65, 0x74, 0x20, 0x73, 0x70, 0x65, 0x63, 0x69, 0x66, 0x69,
  0x65, 0x64, 0x20, 0x70, 0x69, 0x6e, 0x20, 0x74, 0x6f, 0x20, 0x6f, 0x70, 0x65, 0x6e, 0x20, 0x64,
  0x72, 0x61, 0x69, 0x6e, 0x20, 0x6f, 0x75, 0x74, 0x70, 0x75, 0x74, 0x20, 0x6d, 0x6f, 0x64, 0x65,
  0x00, 0x53, 0x65, 0x74, 0x20, 0x73, 0x70, 0x65, 0x63, 0x69, 0x66, 0x69, 0x65, 0x64, 0x20, 0x70,
  0x69, 0x6e, 0x20, 0x74, 0x6f, 0x20, 0x70, 0x75, 0x6c, 0x6c, 0x2d, 0x64, 0x6f, 0x77, 0x6e, 0x00,
  0x53, 0x65, 0x74, 0x20, 0x73, 0x70, 0x65, 0x63, 0x69, 0x66, 0x69, 0x65, 0x64, 0x20, 0x70, 0x69,
  0x6e, 0x20, 0x74, 0x6f, 0x20, 0x70, 0x75, 0x6c, 0x6c, 0x2d, 0x75, 0x70, 0x00, 0x52, 0x65, 0x61,
  0x64, 0x20, 0x73, 0x70, 0x65, 0x63, 0x69, 0x66, 0x69, 0x65, 0x64, 0x20, 0x70, 0x69, 0x6e, 0x20,
  0x73, 0x74, 0x61, 0x74, 0x65, 0x00, 0x53, 0x65, 0x74, 0x20, 0x69, 0x6e, 0x70, 0x75, 0x74, 0x2f,
  0x6f, 0x75, 0x74, 0x70, 0x75, 0x74, 0x20, 0x64, 0x69, 0x72, 0x65, 0x63, 0x74, 0x69, 0x6f, 0x6e,
  0x20, 0x6f, 0x66, 0x20, 0x73, 0x70, 0x65, 0x63, 0x69, 0x66, 0x69, 0x65, 0x64, 0x20, 0x70, 0x69,
  0x6e, 0x00, 0x53, 0x65, 0x74, 0x20, 0x66, 0x75, 0x6e, 0x63, 0x74, 0x69, 0x6f, 0x6e, 0x20, 0x6f,
  0x66, 0x20, 0x73, 0x70, 0x65, 0x63, 0x69, 0x66, 0x69, 0x65, 0x64, 0x20, 0x70, 0x69, 0x6e, 0x00,
  0x57, 0x72, 0x69, 0x74, 0x65, 0x20, 0x76, 0x61, 0x6c, 0x75, 0x65, 0x20, 0x74, 0x6f, 0x20, 0x73,
  0x70, 0x65, 0x63, 0x69, 0x66, 0x69, 0x65, 0x64, 0x20, 0x70, 0x69, 0x6e, 0x00, 0x43, 0x61, 0x6c,
  0x63, 0x75, 0x6c, 0x61, 0x74, 0x65, 0x20, 0x61, 0x72, 0x63, 0x63, 0x6f, 0x73, 0x69, 0x6e, 0x65,
  0x00, 0x43, 0x61, 0x6c, 0x63, 0x75, 0x6c, 0x61, 0x74, 0x65, 0x20, 0x69, 0x6e, 0x76, 0x65, 0x72,
  0x73, 0x65, 0x20, 0x68, 0x79, 0x70, 0x65, 0x72, 0x62, 0x6f, 0x6c, 0x69, 0x63, 0x20, 0x63, 0x6f,
  0x73, 0x69, 0x6e, 0x65, 0x00, 0x43, 0x61, 0x6c, 0x63, 0x75, 0x6c, 0x61, 0x74, 0x65, 0x20, 0x61,
  0x72, 0x63, 0x73, 0x69, 0x6e, 0x65, 0x00, 0x43, 0x61, 0x6c, 0x63, 0x75, 0x6c, 0x61, 0x74, 0x65,
  0x20, 0x69, 0x6e, 0x76, 0x65, 0x72, 0x73, 0x65, 0x20, 0x68, 0x79, 0x70, 0x65, 0x72, 0x62, 0x6f,
  0x6c, 0x69, 0x63, 0x20, 0x73, 0x69, 0x6e, 0x65, 0x00, 0x43, 0x61, 0x6c, 0x63, 0x75, 0x6c, 0x61,
  0x74, 0x65, 0x20, 0x61, 0x72, 0x63, 0x74, 0x61, 0x6e, 0x67, 0x65, 0x6e, 0x74, 0x00, 0x43, 0x61,
  0x6c, 0x63, 0x75, 0x6c, 0x61, 0x74, 0x65, 0x20, 0x61, 0x72, 0x63, 0x74, 0x61, 0x6e, 0x67, 0x65,
  0x6e, 0x74, 0x20, 0x77, 0x69, 0x74, 0x68, 0x20, 0x74, 0x77, 0x6f, 0x20, 0x61, 0x72, 0x67, 0x75,
  0x6d, 0x65, 0x6e, 0x74, 0x73, 0x00, 0x43, 0x61, 0x6c, 0x63, 0x75, 0x6c, 0x61, 0x74, 0x65, 0x20,
  0x69, 0x6e, 0x76, 0x65, 0x72, 0x73, 0x65, 0x20, 0x68, 0x79, 0x70, 0x65, 0x72, 0x62, 0x6f, 0x6c,
  0x69, 0x63, 0x20, 0x74, 0x61, 0x6e, 0x67, 0x65, 0x6e, 0x74, 0x00, 0x43, 0x61, 0x6c, 0x63, 0x75,
  0x6c, 0x61, 0x74, 0x65, 0x20, 0x63, 0x75, 0x62, 0x65, 0x20, 0x72, 0x6f, 0x6f, 0x74, 0x00, 0x43,
  0x61, 0x6c, 0x63, 0x75, 0x6c, 0x61, 0x74, 0x65, 0x20, 0x63, 0x6f, 0x73, 0x69, 0x6e, 0x65, 0x00,
  0x43, 0x61, 0x6c, 0x63, 0x75, 0x6c, 0x61, 0x74, 0x65, 0x20, 0x68, 0x79, 0x70, 0x65, 0x72, 0x62,
  0x6f, 0x6c, 0x69, 0x63, 0x20, 0x63, 0x6f, 0x73, 0x69, 0x6e, 0x65, 0x00, 0x43, 0x61, 0x6c, 0x63,
  0x75, 0x6c, 0x61, 0x74, 0x65, 0x20, 0x65, 0x72, 0x72, 0x6f, 0x72, 0x20, 0x66, 0x75, 0x6e, 0x63,
  0x74, 0x69, 0x6f, 0x6e, 0x00, 0x43, 0x61, 0x6c, 0x63, 0x75, 0x6c, 0x61, 0x74, 0x65, 0x20, 0x63,
  0x6f, 0x6d, 0x70, 0x6c, 0x65, 0x6d, 0x65, 0x6e, 0x74, 0x61, 0x72, 0x79, 0x20, 0x65, 0x72, 0x72,
  0x6f, 0x72, 0x20, 0x66, 0x75, 0x6e, 0x63, 0x74, 0x69, 0x6f, 0x6e, 0x00, 0x43, 0x61, 0x6c, 0x63,
  0x75, 0x6c, 0x61, 0x74, 0x65, 0x20, 0x65, 0x78, 0x70, 0x6f, 0x6e, 0x65, 0x6e, 0x74, 0x69, 0x61,
  0x6c, 0x20, 0x66, 0x75, 0x6e, 0x63, 0x74, 0x69, 0x6f, 0x6e, 0x00, 0x43, 0x61, 0x6c, 0x63, 0x75,
  0x6c, 0x61, 0x74, 0x65, 0x20, 0x68, 0x79, 0x70, 0x6f, 0x74, 0x65, 0x6e, 0x75, 0x73, 0x65, 0x20,
  0x6f, 0x66, 0x20, 0x72, 0x69, 0x67, 0x68, 0x74, 0x20, 0x74, 0x72, 0x69, 0x61, 0x6e, 0x67, 0x6c,
  0x65, 0x00, 0x43, 0x61, 0x6c, 0x63, 0x75, 0x6c, 0x61, 0x74, 0x65, 0x20, 0x78, 0x20, 0x2a, 0x20,
  0x32, 0x5e, 0x6e, 0x00, 0x43, 0x61, 0x6c, 0x63, 0x75, 0x6c, 0x61, 0x74, 0x65, 0x20, 0x6e, 0x61,
  0x74, 0x75, 0x72, 0x61, 0x6c, 0x20, 0x6c, 0x6f, 0x67, 0x61, 0x72, 0x69, 0x74, 0x68, 0x6d, 0x00,
  0x43, 0x61, 0x6c, 0x63, 0x75, 0x6c, 0x61, 0x74, 0x65, 0x20, 0x63, 0x6f, 0x6d, 0x6d, 0x6f, 0x6e,
  0x20, 0x6c, 0x6f, 0x67, 0x61, 0x72, 0x69, 0x74, 0x68, 0x6d, 0x00, 0x43, 0x61, 0x6c, 0x63, 0x75,
  0x6c, 0x61, 0x74, 0x65, 0x20, 0x62, 0x61, 0x73, 0x65, 0x2d, 0x32, 0x20, 0x6c, 0x6f, 0x67, 0x61,
  0x72, 0x69, 0x74, 0x68, 0x6d, 0x00, 0x43, 0x61, 0x6c, 0x63, 0x75, 0x6c, 0x61, 0x74, 0x65, 0x20,
  0x73, 0x69, 0x6e, 0x65, 0x00, 0x43, 0x61, 0x6c, 0x63, 0x75, 0x6c, 0x61, 0x74, 0x65, 0x20, 0x68,
  0x79, 0x70, 0x65, 0x72, 0x62, 0x6f, 0x6c, 0x69, 0x63, 0x20, 0x73, 0x69, 0x6e, 0x65, 0x00, 0x43,
  0x61, 0x6c, 0x63, 0x75, 0x6c, 0x61, 0x74, 0x65, 0x20, 0x73, 0x71, 0x75, 0x61, 0x72, 0x65, 0x20,
  0x72, 0x6f, 0x6f, 0x74, 0x00, 0x43, 0x61, 0x6c, 0x63, 0x75, 0x6c, 0x61, 0x74, 0x65, 0x20, 0x74,
  0x61, 0x6e, 0x67, 0x65, 0x6e, 0x74, 0x00, 0x43, 0x61, 0x6c, 0x63, 0x75, 0x6c, 0x61, 0x74, 0x65,
  0x20, 0x68, 0x79, 0x70, 0x65, 0x72, 0x62, 0x6f, 0x6c, 0x69, 0x63, 0x20, 0x74, 0x61, 0x6e, 0x67,
  0x65, 0x6e, 0x74, 0x00, 0x43, 0x68, 0x65, 0x63, 0x6b, 0x20, 0x77, 0x68, 0x65, 0x74, 0x68, 0x65,
  0x72, 0x20, 0x61, 0x20, 0x66, 0x69, 0x6c, 0x65, 0x20, 0x65, 0x78, 0x69, 0x73, 0x74, 0x73, 0x20,
  0x6f, 0x6e, 0x20, 0x74, 0x68, 0x65, 0x20, 0x63, 0x61, 0x72, 0x64, 0x00, 0x4d, 0x6f, 0x75, 0x6e,
  0x74, 0x20, 0x74, 0x68, 0x65, 0x20, 0x6d, 0x69, 0x63, 0x72, 0x6f, 0x53, 0x44, 0x20, 0x63, 0x61,
  0x72, 0x64, 0x3b, 0x20, 0x72, 0x61, 0x69, 0x73, 0x65, 0x73, 0x20, 0x52, 0x75, 0x6e, 0x74, 0x69,
  0x6d, 0x65, 0x45, 0x72, 0x72, 0x6f, 0x72, 0x20, 0x77, 0x68, 0x65, 0x6e, 0x20, 0x6e, 0x6f, 0x20,
  0x63, 0x61, 0x72, 0x64, 0x20, 0x69, 0x73, 0x20, 0x66, 0x6f, 0x75, 0x6e, 0x64, 0x00, 0x52, 0x65,
  0x61, 0x64, 0x20, 0x61, 0x20, 0x77, 0x68, 0x6f, 0x6c, 0x65, 0x20, 0x66, 0x69, 0x6c, 0x65, 0x20,
  0x66, 0x72, 0x6f, 0x6d, 0x20, 0x74, 0x68, 0x65, 0x20, 0x63, 0x61, 0x72, 0x64, 0x3b, 0x20, 0x72,
  0x61, 0x69, 0x73, 0x65, 0x73, 0x20, 0x52, 0x75, 0x6e, 0x74, 0x69, 0x6d, 0x65, 0x45, 0x72, 0x72,
  0x6f, 0x72, 0x20, 0x6f, 0x6e, 0x20, 0x66, 0x61, 0x69, 0x6c, 0x75, 0x72, 0x65, 0x00, 0x55, 0x6e,
  0x6d, 0x6f, 0x75, 0x6e, 0x74, 0x20, 0x74, 0x68, 0x65, 0x20, 0x6d, 0x69, 0x63, 0x72, 0x6f, 0x53,
  0x44, 0x20, 0x63, 0x61, 0x72, 0x64, 0x00, 0x57, 0x72, 0x69, 0x74, 0x65, 0x20, 0x63, 0x6f, 0x6e,
  0x74, 0x65, 0x6e, 0x74, 0x20, 0x74, 0x6f, 0x20, 0x61, 0x20, 0x66, 0x69, 0x6c, 0x65, 0x20, 0x6f,
  0x6e, 0x20, 0x74, 0x68, 0x65, 0x20, 0x63, 0x61, 0x72, 0x64, 0x20, 0x61, 0x6e, 0x64, 0x20, 0x72,
  0x65, 0x74, 0x75, 0x72, 0x6e, 0x20, 0x62, 0x79, 0x74, 0x65, 0x73, 0x20, 0x77, 0x72, 0x69, 0x74,
  0x74, 0x65, 0x6e, 0x00, 0x45, 0x78, 0x65, 0x63, 0x75, 0x74, 0x65, 0x20, 0x61, 0x6e, 0x20, 0x2e,
  0x6d, 0x72, 0x62, 0x20, 0x66, 0x69, 0x6c, 0x65, 0x20, 0x6b, 0x65, 0x65, 0x70, 0x69, 0x6e, 0x67,
  0x20, 0x69, 0x74, 0x73, 0x20, 0x62, 0x79, 0x74, 0x65, 0x63, 0x6f, 0x64, 0x65, 0x20, 0x72, 0x65,
  0x73, 0x69, 0x64, 0x65, 0x6e, 0x74, 0x20, 0x75, 0x6e, 0x74, 0x69, 0x6c, 0x20, 0x72, 0x65, 0x6c,
  0x65, 0x61, 0x73, 0x65, 0x00, 0x52, 0x65, 0x6c, 0x65, 0x61, 0x73, 0x65, 0x20, 0x61, 0x6c, 0x6c,
  0x20, 0x62, 0x79, 0x74, 0x65, 0x63, 0x6f, 0x64, 0x65, 0x20, 0x6b, 0x65, 0x70, 0x74, 0x20, 0x62,
  0x79, 0x20, 0x61, 0x72, 0x65, 0x61, 0x35, 0x31, 0x32, 0x5f, 0x65, 0x78, 0x65, 0x63, 0x5f, 0x6d,
  0x72, 0x62, 0x5f, 0x66, 0x69, 0x6c, 0x65, 0x5f, 0x6b, 0x65, 0x65, 0x70, 0x00, 0x54, 0x65, 0x72,
  0x6d, 0x69, 0x6e, 0x61, 0x74, 0x65, 0x20, 0x74, 0x68, 0x65, 0x20, 0x74, 0x61, 0x73, 0x6b, 0x20,
  0x61, 0x6e, 0x64, 0x20, 0x72, 0x65, 0x6c, 0x65, 0x61, 0x73, 0x65, 0x20, 0x6b, 0x65, 0x70, 0x74,
  0x20, 0x63, 0x6f, 0x64, 0x65, 0x20, 0x61, 0x6e, 0x64, 0x20, 0x63, 0x6f, 0x6d, 0x70, 0x69, 0x6c,
  0x65, 0x72, 0x20, 0x72, 0x65, 0x73, 0x6f, 0x75, 0x72, 0x63, 0x65, 0x73, 0x00, 0x43, 0x6f, 0x6d,
  0x70, 0x69, 0x6c, 0x65, 0x20, 0x61, 0x20, 0x52, 0x75, 0x62, 0x79, 0x20, 0x73, 0x63, 0x72, 0x69,
  0x70, 0x74, 0x20, 0x73, 0x74, 0x72, 0x69, 0x6e, 0x67, 0x3b, 0x20, 0x74, 0x72, 0x75, 0x65, 0x20,
  0x6f, 0x6e, 0x20, 0x73, 0x75, 0x63, 0x63, 0x65, 0x73, 0x73, 0x00, 0x43, 0x6f, 0x6d, 0x70, 0x69,
  0x6c, 0x65, 0x20, 0x61, 0x20, 0x73, 0x63, 0x72, 0x69, 0x70, 0x74, 0x20, 0x66, 0x72, 0x6f, 0x6d,
  0x20, 0x61, 0x20, 0x6d, 0x65, 0x6d, 0x6f, 0x72, 0x79, 0x20, 0x61, 0x64, 0x64, 0x72, 0x65, 0x73,
  0x73, 0x20, 0x61, 0x6e, 0x64, 0x20, 0x73, 0x69, 0x7a, 0x65, 0x00, 0x45, 0x78, 0x63, 0x65, 0x70,
  0x74, 0x69, 0x6f, 0x6e, 0x20, 0x72, 0x61, 0x69, 0x73, 0x65, 0x64, 0x20, 0x62, 0x79, 0x20, 0x74,
  0x68, 0x65, 0x20, 0x74, 0x61, 0x73, 0x6b, 0x2c, 0x20, 0x6f, 0x72, 0x20, 0x6e, 0x69, 0x6c, 0x00,
  0x45, 0x78, 0x65, 0x63, 0x75, 0x74, 0x65, 0x20, 0x70, 0x72, 0x65, 0x63, 0x6f, 0x6d, 0x70, 0x69,
  0x6c, 0x65, 0x64, 0x20, 0x6d, 0x72, 0x62, 0x20, 0x62, 0x79, 0x74, 0x65, 0x63, 0x6f, 0x64, 0x65,
  0x00, 0x45, 0x78, 0x65, 0x63, 0x75, 0x74, 0x65, 0x20, 0x6d, 0x72, 0x62, 0x20, 0x62, 0x79, 0x74,
  0x65, 0x63, 0x6f, 0x64, 0x65, 0x20, 0x6c, 0x6f, 0x63, 0x61, 0x74, 0x65, 0x64, 0x20, 0x61, 0x74,
  0x20, 0x61, 0x20, 0x6d, 0x65, 0x6d, 0x6f, 0x72, 0x79, 0x20, 0x61, 0x64, 0x64, 0x72, 0x65, 0x73,
  0x73, 0x00, 0x53, 0x74, 0x61, 0x72, 0x74, 0x20, 0x65, 0x78, 0x65, 0x63, 0x75, 0x74, 0x69, 0x6e,
  0x67, 0x20, 0x74, 0x68, 0x65, 0x20, 0x63, 0x6f, 0x6d, 0x70, 0x69, 0x6c, 0x65, 0x64, 0x20, 0x63,
  0x6f, 0x64, 0x65, 0x20, 0x61, 0x73, 0x20, 0x61, 0x20, 0x74, 0x61, 0x73, 0x6b, 0x00, 0x52, 0x65,
  0x6c, 0x65, 0x61, 0x73, 0x65, 0x20, 0x63, 0x6f, 0x6d, 0x70, 0x69, 0x6c, 0x65, 0x72, 0x20, 0x72,
  0x65, 0x73, 0x6f, 0x75, 0x72, 0x63, 0x65, 0x73, 0x00, 0x43, 0x6f, 0x6d, 0x70, 0x69, 0x6c, 0x65,
  0x20, 0x6f, 0x72, 0x20, 0x65, 0x78, 0x65, 0x63, 0x20, 0x61, 0x20, 0x2e, 0x72, 0x62, 0x2f, 0x2e,
  0x6d, 0x72, 0x62, 0x20, 0x66, 0x69, 0x6c, 0x65, 0x3b, 0x20, 0x6a, 0x6f, 0x69, 0x6e, 0x3a, 0x20,
  0x77, 0x61, 0x69, 0x74, 0x73, 0x20, 0x66, 0x6f, 0x72, 0x20, 0x63, 0x6f, 0x6d, 0x70, 0x6c, 0x65,
  0x74, 0x69, 0x6f, 0x6e, 0x00, 0x45, 0x78, 0x65, 0x63, 0x75, 0x74, 0x65, 0x20, 0x65, 0x61, 0x63,
  0x68, 0x20, 0x2e, 0x6d, 0x72, 0x62, 0x20, 0x6c, 0x69, 0x73, 0x74, 0x65, 0x64, 0x20, 0x69, 0x6e,
  0x20, 0x61, 0x20, 0x6d, 0x61, 0x6e, 0x69, 0x66, 0x65, 0x73, 0x74, 0x20, 0x66, 0x69, 0x6c, 0x65,
  0x2c, 0x20, 0x6b, 0x65, 0x65, 0x70, 0x69, 0x6e, 0x67, 0x20, 0x6c, 0x6f, 0x61, 0x64, 0x65, 0x64,
  0x20, 0x63, 0x6f, 0x64, 0x65, 0x20, 0x72, 0x65, 0x73, 0x69, 0x64, 0x65, 0x6e, 0x74, 0x00, 0x56,
  0x61, 0x6c, 0x75, 0x65, 0x20, 0x6f, 0x66, 0x20, 0x74, 0x68, 0x65, 0x20, 0x6c, 0x61, 0x73, 0x74,
  0x20, 0x65, 0x78, 0x65, 0x63, 0x75, 0x74, 0x65, 0x64, 0x20, 0x65, 0x78, 0x70, 0x72, 0x65, 0x73,
  0x73, 0x69, 0x6f, 0x6e, 0x00, 0x52, 0x65, 0x73, 0x75, 0x6d, 0x65, 0x20, 0x74, 0x68, 0x65, 0x20,
  0x73, 0x75, 0x73, 0x70, 0x65, 0x6e, 0x64, 0x65, 0x64, 0x20, 0x74, 0x61, 0x73, 0x6b, 0x00, 0x54,
  0x61, 0x73, 0x6b, 0x20, 0x73, 0x74, 0x61, 0x74, 0x65, 0x20, 0x73, 0x75, 0x63, 0x68, 0x20, 0x61,
  0x73, 0x20, 0x3a, 0x44, 0x4f, 0x52, 0x4d, 0x41, 0x4e, 0x54, 0x20, 0x6f, 0x72, 0x20, 0x3a, 0x53,
  0x55, 0x53, 0x50, 0x45, 0x4e, 0x44, 0x45, 0x44, 0x00, 0x53, 0x74, 0x6f, 0x70, 0x20, 0x74, 0x68,
  0x65, 0x20, 0x72, 0x75, 0x6e, 0x6e, 0x69, 0x6e, 0x67, 0x20, 0x74, 0x61, 0x73, 0x6b, 0x00, 0x53,
  0x75, 0x73, 0x70, 0x65, 0x6e, 0x64, 0x20, 0x74, 0x68, 0x65, 0x20, 0x72, 0x75, 0x6e, 0x6e, 0x69,
  0x6e, 0x67, 0x20, 0x74, 0x61, 0x73, 0x6b, 0x00, 0x54, 0x65, 0x72, 0x6d, 0x69, 0x6e, 0x61, 0x74,
  0x65, 0x20, 0x74, 0x68, 0x65, 0x20, 0x74, 0x61, 0x73, 0x6b, 0x00, 0x57, 0x61, 0x69, 0x74, 0x20,
  0x75, 0x6e, 0x74, 0x69, 0x6c, 0x20, 0x74, 0x68, 0x65, 0x20, 0x74, 0x61, 0x73, 0x6b, 0x20, 0x66,
  0x69, 0x6e, 0x69, 0x73, 0x68, 0x65, 0x73, 0x3b, 0x20, 0x74, 0x69, 0x6d, 0x65, 0x6f, 0x75, 0x74,
  0x20, 0x69, 0x6e, 0x20, 0x6d, 0x73, 0x2c, 0x20, 0x6e, 0x69, 0x6c, 0x20, 0x77, 0x61, 0x69, 0x74,
  0x73, 0x20, 0x66, 0x6f, 0x72, 0x65, 0x76, 0x65, 0x72, 0x00, 0x43, 0x72, 0x65, 0x61, 0x74, 0x65,
  0x20, 0x61, 0x20, 0x73, 0x61, 0x6e, 0x64, 0x62, 0x6f, 0x78, 0x20, 0x74, 0x61, 0x73, 0x6b, 0x3b,
  0x20, 0x6f, 0x70, 0x74, 0x69, 0x6f, 0x6e, 0x61, 0x6c, 0x20, 0x6e, 0x61, 0x6d, 0x65, 0x00, 0x44,
  0x72, 0x61, 0x77, 0x20, 0x61, 0x20, 0x63, 0x69, 0x72, 0x63, 0x6c, 0x65, 0x20, 0x6f, 0x75, 0x74,
  0x6c, 0x69, 0x6e, 0x65, 0x20, 0x28, 0x78, 0x2c, 0x20, 0x79, 0x2c, 0x20, 0x72, 0x2c, 0x20, 0x63,
  0x6f, 0x6c, 0x6f, 0x72, 0x29, 0x00, 0x46, 0x72, 0x65, 0x65, 0x20, 0x74, 0x68, 0x65, 0x20, 0x73,
  0x70, 0x72, 0x69, 0x74, 0x65, 0x20, 0x62, 0x75, 0x66, 0x66, 0x65, 0x72, 0x20, 0x69, 0x6d, 0x6d,
  0x65, 0x64, 0x69, 0x61, 0x74, 0x65, 0x6c, 0x79, 0x00, 0x46, 0x69, 0x6c, 0x6c, 0x20, 0x74, 0x68,
  0x65, 0x20, 0x77, 0x68, 0x6f, 0x6c, 0x65, 0x20, 0x73, 0x70, 0x72, 0x69, 0x74, 0x65, 0x20, 0x77,
  0x69, 0x74, 0x68, 0x20, 0x61, 0x6e, 0x20, 0x52, 0x47, 0x42, 0x38, 0x38, 0x38, 0x20, 0x63, 0x6f,
  0x6c, 0x6f, 0x72, 0x00, 0x44, 0x72, 0x61, 0x77, 0x20, 0x61, 0x20, 0x66, 0x69, 0x6c, 0x6c, 0x65,
  0x64, 0x20, 0x63, 0x69, 0x72, 0x63, 0x6c, 0x65, 0x20, 0x28, 0x78, 0x2c, 0x20, 0x79, 0x2c, 0x20,
  0x72, 0x2c, 0x20, 0x63, 0x6f, 0x6c, 0x6f, 0x72, 0x29, 0x00, 0x44, 0x72, 0x61, 0x77, 0x20, 0x61,
  0x20, 0x66, 0x69, 0x6c, 0x6c, 0x65, 0x64, 0x20, 0x72, 0x65, 0x63, 0x74, 0x61, 0x6e, 0x67, 0x6c,
  0x65, 0x20, 0x28, 0x78, 0x2c, 0x20, 0x79, 0x2c, 0x20, 0x77, 0x2c, 0x20, 0x68, 0x2c, 0x20, 0x63,
  0x6f, 0x6c, 0x6f, 0x72, 0x29, 0x00, 0x53, 0x70, 0x72, 0x69, 0x74, 0x65, 0x20, 0x68, 0x65, 0x69,
  0x67, 0x68, 0x74, 0x20, 0x69, 0x6e, 0x20, 0x70, 0x69, 0x78, 0x65, 0x6c, 0x73, 0x00, 0x44, 0x72,
  0x61, 0x77, 0x20, 0x61, 0x20, 0x6c, 0x69, 0x6e, 0x65, 0x20, 0x28, 0x78, 0x30, 0x2c, 0x20, 0x79,
  0x30, 0x2c, 0x20, 0x78, 0x31, 0x2c, 0x20, 0x79, 0x31, 0x2c, 0x20, 0x63, 0x6f, 0x6c, 0x6f, 0x72,
  0x29, 0x00, 0x44, 0x72, 0x61, 0x77, 0x20, 0x61, 0x20, 0x73, 0x69, 0x6e, 0x67, 0x6c, 0x65, 0x20,
  0x70, 0x69, 0x78, 0x65, 0x6c, 0x20, 0x28, 0x78, 0x2c, 0x20, 0x79, 0x2c, 0x20, 0x63, 0x6f, 0x6c,
  0x6f, 0x72, 0x29, 0x00, 0x54, 0x72, 0x61, 0x6e, 0x73, 0x66, 0x65, 0x72, 0x20, 0x74, 0x68, 0x65,
  0x20, 0x73, 0x70, 0x72, 0x69, 0x74, 0x65, 0x20, 0x74, 0x6f, 0x20, 0x74, 0x68, 0x65, 0x20, 0x73,
  0x63, 0x72, 0x65, 0x65, 0x6e, 0x20, 0x61, 0x74, 0x20, 0x28, 0x78, 0x2c, 0x20, 0x79, 0x29, 0x3b,
  0x20, 0x6f, 0x70, 0x74, 0x69, 0x6f, 0x6e, 0x61, 0x6c, 0x20, 0x33, 0x72, 0x64, 0x20, 0x61, 0x72,
  0x67, 0x20, 0x69, 0x73, 0x20, 0x61, 0x20, 0x74, 0x72, 0x61, 0x6e, 0x73, 0x70, 0x61, 0x72, 0x65,
  0x6e, 0x74, 0x20, 0x63, 0x6f, 0x6c, 0x6f, 0x72, 0x00, 0x44, 0x72, 0x61, 0x77, 0x20, 0x61, 0x20,
  0x72, 0x65, 0x63, 0x74, 0x61, 0x6e, 0x67, 0x6c, 0x65, 0x20, 0x6f, 0x75, 0x74, 0x6c, 0x69, 0x6e,
  0x65, 0x20, 0x28, 0x78, 0x2c, 0x20, 0x79, 0x2c, 0x20, 0x77, 0x2c, 0x20, 0x68, 0x2c, 0x20, 0x63,
  0x6f, 0x6c, 0x6f, 0x72, 0x29, 0x00, 0x44, 0x72, 0x61, 0x77, 0x20, 0x74, 0x65, 0x78, 0x74, 0x20,
  0x61, 0x74, 0x20, 0x28, 0x78, 0x2c, 0x20, 0x79, 0x2c, 0x20, 0x73, 0x74, 0x72, 0x2c, 0x20, 0x63,
  0x6f, 0x6c, 0x6f, 0x72, 0x29, 0x3b, 0x20, 0x65, 0x66, 0x6f, 0x6e, 0x74, 0x20, 0x73, 0x75, 0x70,
  0x70, 0x6f, 0x72, 0x74, 0x73, 0x20, 0x4a, 0x61, 0x70, 0x61, 0x6e, 0x65, 0x73, 0x65, 0x00, 0x53,
  0x70, 0x72, 0x69, 0x74, 0x65, 0x20, 0x77, 0x69, 0x64, 0x74, 0x68, 0x20, 0x69, 0x6e, 0x20, 0x70,
  0x69, 0x78, 0x65, 0x6c, 0x73, 0x00, 0x43, 0x72, 0x65, 0x61, 0x74, 0x65, 0x20, 0x61, 0x6e, 0x20,
  0x6f, 0x66, 0x66, 0x2d, 0x73, 0x63, 0x72, 0x65, 0x65, 0x6e, 0x20, 0x73, 0x70, 0x72, 0x69, 0x74,
  0x65, 0x20, 0x6f, 0x66, 0x20, 0x74, 0x68, 0x65, 0x20, 0x67, 0x69, 0x76, 0x65, 0x6e, 0x20, 0x77,
  0x69, 0x64, 0x74, 0x68, 0x20, 0x61, 0x6e, 0x64, 0x20, 0x68, 0x65, 0x69, 0x67, 0x68, 0x74, 0x00,
  0x4d, 0x6f, 0x64, 0x61, 0x6c, 0x20, 0x6d, 0x65, 0x73, 0x73, 0x61, 0x67, 0x65, 0x3b, 0x20, 0x72,
  0x65, 0x74, 0x75, 0x72, 0x6e, 0x73, 0x20, 0x6f, 0x6e, 0x20, 0x61, 0x6e, 0x79, 0x20, 0x6b, 0x65,
  0x79, 0x00, 0x54, 0x68, 0x65, 0x6d, 0x65, 0x20, 0x61, 0x63, 0x63, 0x65, 0x6e, 0x74, 0x20, 0x63,
  0x6f, 0x6c, 0x6f, 0x72, 0x20, 0x66, 0x6f, 0x72, 0x20, 0x66, 0x72, 0x61, 0x6d, 0x65, 0x73, 0x20,
  0x61, 0x6e, 0x64, 0x20, 0x62, 0x61, 0x6e, 0x64, 0x73, 0x20, 0x28, 0x30, 0x78, 0x46, 0x35, 0x39,
  0x37, 0x32, 0x44, 0x29, 0x00, 0x49, 0x6e, 0x76, 0x65, 0x72, 0x74, 0x65, 0x64, 0x20, 0x63, 0x68,
  0x69, 0x70, 0x3a, 0x20, 0x61, 0x6d, 0x62, 0x65, 0x72, 0x20, 0x66, 0x69, 0x6c, 0x6c, 0x2c, 0x20,
  0x62, 0x61, 0x63, 0x6b, 0x67, 0x72, 0x6f, 0x75, 0x6e, 0x64, 0x2d, 0x63, 0x6f, 0x6c, 0x6f, 0x72,
  0x20, 0x74, 0x65, 0x78, 0x74, 0x20, 0x28, 0x73, 0x70, 0x72, 0x69, 0x74, 0x65, 0x2c, 0x20, 0x78,
  0x2c, 0x20, 0x79, 0x2c, 0x20, 0x74, 0x65, 0x78, 0x74, 0x29, 0x00, 0x42, 0x61, 0x72, 0x20, 0x63,
  0x68, 0x61, 0x72, 0x74, 0x3b, 0x20, 0x6d, 0x61, 0x78, 0x20, 0x3c, 0x3d, 0x20, 0x30, 0x20, 0x61,
  0x75, 0x74, 0x6f, 0x2d, 0x73, 0x63, 0x61, 0x6c, 0x65, 0x73, 0x20, 0x74, 0x6f, 0x20, 0x74, 0x68,
  0x65, 0x20, 0x64, 0x61, 0x74, 0x61, 0x20, 0x28, 0x73, 0x70, 0x72, 0x69, 0x74, 0x65, 0x2c, 0x20,
  0x78, 0x2c, 0x20, 0x79, 0x2c, 0x20, 0x77, 0x2c, 0x20, 0x68, 0x2c, 0x20, 0x76, 0x61, 0x6c, 0x75,
  0x65, 0x73, 0x2c, 0x20, 0x6d, 0x61, 0x78, 0x29, 0x00, 0x42, 0x61, 0x74, 0x74, 0x65, 0x72, 0x79,
  0x20, 0x69, 0x63, 0x6f, 0x6e, 0x20, 0x77, 0x69, 0x74, 0x68, 0x20, 0x63, 0x68, 0x61, 0x72, 0x67,
  0x65, 0x20, 0x6c, 0x65, 0x76, 0x65, 0x6c, 0x20, 0x61, 0x74, 0x20, 0x28, 0x73, 0x70, 0x72, 0x69,
  0x74, 0x65, 0x2c, 0x20, 0x78, 0x2c, 0x20, 0x79, 0x29, 0x00, 0x54, 0x68, 0x65, 0x6d, 0x65, 0x20,
  0x62, 0x61, 0x63, 0x6b, 0x67, 0x72, 0x6f, 0x75, 0x6e, 0x64, 0x20, 0x63, 0x6f, 0x6c, 0x6f, 0x72,
  0x20, 0x28, 0x30, 0x78, 0x30, 0x30, 0x30, 0x30, 0x30, 0x30, 0x29, 0x00, 0x44, 0x72, 0x61, 0x77,
  0x20, 0x74, 0x65, 0x78, 0x74, 0x20, 0x69, 0x6e, 0x20, 0x74, 0x68, 0x65, 0x20, 0x32, 0x34, 0x70,
  0x78, 0x20, 0x66, 0x6f, 0x6e, 0x74, 0x20, 0x28, 0x73, 0x70, 0x72, 0x69, 0x74, 0x65, 0x2c, 0x20,
  0x78, 0x2c, 0x20, 0x79, 0x2c, 0x20, 0x74, 0x65, 0x78, 0x74, 0x2c, 0x20, 0x63, 0x6f, 0x6c, 0x6f,
  0x72, 0x20, 0x3d, 0x20, 0x67, 0x6f, 0x6c, 0x64, 0x29, 0x00, 0x4c, 0x61, 0x73, 0x74, 0x20, 0x79,
  0x20, 0x61, 0x62, 0x6f, 0x76, 0x65, 0x20, 0x74, 0x68, 0x65, 0x20, 0x66, 0x6f, 0x6f, 0x74, 0x65,
  0x72, 0x20, 0x72, 0x75, 0x6c, 0x65, 0x00, 0x48, 0x65, 0x69, 0x67, 0x68, 0x74, 0x20, 0x6f, 0x66,
  0x20, 0x74, 0x68, 0x65, 0x20, 0x63, 0x6f, 0x6e, 0x74, 0x65, 0x6e, 0x74, 0x20, 0x61, 0x72, 0x65,
  0x61, 0x20, 0x62, 0x65, 0x74, 0x77, 0x65, 0x65, 0x6e, 0x20, 0x68, 0x65, 0x61, 0x64, 0x65, 0x72,
  0x20, 0x61, 0x6e, 0x64, 0x20, 0x66, 0x6f, 0x6f, 0x74, 0x65, 0x72, 0x00, 0x46, 0x69, 0x72, 0x73,
  0x74, 0x20, 0x79, 0x20, 0x62, 0x65, 0x6c, 0x6f, 0x77, 0x20, 0x74, 0x68, 0x65, 0x20, 0x68, 0x65,
  0x61, 0x64, 0x65, 0x72, 0x20, 0x62, 0x61, 0x6e, 0x64, 0x00, 0x34, 0x2d, 0x70, 0x68, 0x61, 0x73,
  0x65, 0x20, 0x62, 0x75, 0x73, 0x79, 0x20, 0x6d, 0x61, 0x72, 0x6b, 0x65, 0x72, 0x3b, 0x20, 0x70,
  0x61, 0x73, 0x73, 0x20, 0x61, 0x20, 0x66, 0x72, 0x61, 0x6d, 0x65, 0x20, 0x63, 0x6f, 0x75, 0x6e,
  0x74, 0x65, 0x72, 0x20, 0x28, 0x73, 0x70, 0x72, 0x69, 0x74, 0x65, 0x2c, 0x20, 0x78, 0x2c, 0x20,
  0x79, 0x2c, 0x20, 0x66, 0x72, 0x61, 0x6d, 0x65, 0x29, 0x00, 0x42, 0x75, 0x74, 0x74, 0x6f, 0x6e,
  0x20, 0x77, 0x69, 0x74, 0x68, 0x20, 0x63, 0x65, 0x6e, 0x74, 0x65, 0x72, 0x65, 0x64, 0x20, 0x6c,
  0x61, 0x62, 0x65, 0x6c, 0x20, 0x28, 0x73, 0x70, 0x72, 0x69, 0x74, 0x65, 0x2c, 0x20, 0x78, 0x2c,
  0x20, 0x79, 0x2c, 0x20, 0x77, 0x2c, 0x20, 0x6c, 0x61, 0x62, 0x65, 0x6c, 0x2c, 0x20, 0x66, 0x6f,
  0x63, 0x75, 0x73, 0x65, 0x64, 0x29, 0x00, 0x54, 0x61, 0x62, 0x6c, 0x65, 0x20, 0x63, 0x65, 0x6c,
  0x6c, 0x3b, 0x20, 0x73, 0x65, 0x6c, 0x65, 0x63, 0x74, 0x65, 0x64, 0x20, 0x3d, 0x20, 0x64, 0x61,
  0x72, 0x6b, 0x20, 0x66, 0x69, 0x6c, 0x6c, 0x20, 0x2b, 0x20, 0x67, 0x6f, 0x6c, 0x64, 0x20, 0x66,
  0x72, 0x61, 0x6d, 0x65, 0x20, 0x28, 0x73, 0x70, 0x72, 0x69, 0x74, 0x65, 0x2c, 0x20, 0x78, 0x2c,
  0x20, 0x79, 0x2c, 0x20, 0x77, 0x2c, 0x20, 0x68, 0x2c, 0x20, 0x74, 0x65, 0x78, 0x74, 0x2c, 0x20,
  0x73, 0x65, 0x6c, 0x65, 0x63, 0x74, 0x65, 0x64, 0x29, 0x00, 0x56, 0x65, 0x72, 0x74, 0x69, 0x63,
  0x61, 0x6c, 0x6c, 0x79, 0x20, 0x63, 0x65, 0x6e, 0x74, 0x65, 0x72, 0x65, 0x64, 0x20, 0x6c, 0x69,
  0x6e, 0x65, 0x73, 0x20, 0x66, 0x72, 0x6f, 0x6d, 0x20, 0x5b, 0x5b, 0x74, 0x65, 0x78, 0x74, 0x2c,
  0x20, 0x63, 0x6f, 0x6c, 0x6f, 0x72, 0x3f, 0x5d, 0x2c, 0x20, 0x2e, 0x2e, 0x2e, 0x5d, 0x3b, 0x20,
  0x22, 0x22, 0x20, 0x72, 0x6f, 0x77, 0x73, 0x20, 0x61, 0x72, 0x65, 0x20, 0x73, 0x70, 0x61, 0x63,
  0x65, 0x72, 0x73, 0x00, 0x41, 0x53, 0x43, 0x49, 0x49, 0x20, 0x67, 0x6c, 0x79, 0x70, 0x68, 0x20,
  0x77, 0x69, 0x64, 0x74, 0x68, 0x20, 0x69, 0x6e, 0x20, 0x70, 0x78, 0x20, 0x61, 0x74, 0x20, 0x66,
  0x6f, 0x6e, 0x74, 0x20, 0x31, 0x32, 0x20, 0x28, 0x36, 0x29, 0x00, 0x43, 0x68, 0x65, 0x63, 0x6b,
  0x62, 0x6f, 0x78, 0x20, 0x77, 0x69, 0x74, 0x68, 0x20, 0x6c, 0x61, 0x62, 0x65, 0x6c, 0x20, 0x28,
  0x73, 0x70, 0x72, 0x69, 0x74, 0x65, 0x2c, 0x20, 0x78, 0x2c, 0x20, 0x79, 0x2c, 0x20, 0x6c, 0x61,
  0x62, 0x65, 0x6c, 0x2c, 0x20, 0x63, 0x68, 0x65, 0x63, 0x6b, 0x65, 0x64, 0x2c, 0x20, 0x66, 0x6f,
  0x63, 0x75, 0x73, 0x65, 0x64, 0x29, 0x00, 0x43, 0x6c, 0x69, 0x70, 0x20, 0x74, 0x65, 0x78, 0x74,
  0x20, 0x74, 0x6f, 0x20, 0x61, 0x20, 0x70, 0x69, 0x78, 0x65, 0x6c, 0x20, 0x77, 0x69, 0x64, 0x74,
  0x68, 0x3b, 0x20, 0x65, 0x6e, 0x64, 0x73, 0x20, 0x77, 0x69, 0x74, 0x68, 0x20, 0x22, 0x3e, 0x22,
  0x20, 0x77, 0x68, 0x65, 0x6e, 0x20, 0x63, 0x75, 0x74, 0x00, 0x4d, 0x6f, 0x64, 0x61, 0x6c, 0x20,
  0x79, 0x2f, 0x6e, 0x20, 0x71, 0x75, 0x65, 0x73, 0x74, 0x69, 0x6f, 0x6e, 0x3b, 0x20, 0x45, 0x53,
  0x43, 0x20, 0x3d, 0x20, 0x66, 0x61, 0x6c, 0x73, 0x65, 0x00, 0x54, 0x68, 0x65, 0x6d, 0x65, 0x20,
  0x66, 0x69, 0x6c, 0x6c, 0x20, 0x63, 0x6f, 0x6c, 0x6f, 0x72, 0x20, 0x66, 0x6f, 0x72, 0x20, 0x73,
  0x65, 0x6c, 0x65, 0x63, 0x74, 0x65, 0x64, 0x20, 0x72, 0x6f, 0x77, 0x73, 0x20, 0x61, 0x6e, 0x64,
  0x20, 0x70, 0x61, 0x6e, 0x65, 0x6c, 0x73, 0x20, 0x28, 0x30, 0x78, 0x32, 0x34, 0x31, 0x36, 0x30,
  0x34, 0x29, 0x00, 0x4d, 0x6f, 0x64, 0x61, 0x6c, 0x20, 0x6d, 0x65, 0x73, 0x73, 0x61, 0x67, 0x65,
  0x20, 0x77, 0x69, 0x74, 0x68, 0x20, 0x61, 0x20, 0x62, 0x75, 0x74, 0x74, 0x6f, 0x6e, 0x20, 0x72,
  0x6f, 0x77, 0x3b, 0x20, 0x62, 0x75, 0x74, 0x74, 0x6f, 0x6e, 0x20, 0x69, 0x6e, 0x64, 0x65, 0x78,
  0x20, 0x6f, 0x72, 0x20, 0x6e, 0x69, 0x6c, 0x20, 0x6f, 0x6e, 0x20, 0x45, 0x53, 0x43, 0x20, 0x28,
  0x73, 0x70, 0x72, 0x69, 0x74, 0x65, 0x2c, 0x20, 0x6d, 0x65, 0x73, 0x73, 0x61, 0x67, 0x65, 0x2c,
  0x20, 0x62, 0x75, 0x74, 0x74, 0x6f, 0x6e, 0x73, 0x29, 0x00, 0x54, 0x68, 0x65, 0x6d, 0x65, 0x20,
  0x6e, 0x6f, 0x72, 0x6d, 0x61, 0x6c, 0x2d, 0x74, 0x65, 0x78, 0x74, 0x20, 0x63, 0x6f, 0x6c, 0x6f,
  0x72, 0x20, 0x28, 0x30, 0x78, 0x43, 0x46, 0x41, 0x34, 0x35, 0x46, 0x29, 0x00, 0x53, 0x65, 0x74,
  0x74, 0x69, 0x6e, 0x67, 0x73, 0x20, 0x72, 0x6f, 0x77, 0x3a, 0x20, 0x64, 0x69, 0x6d, 0x20, 0x6c,
  0x61, 0x62, 0x65, 0x6c, 0x20, 0x6c, 0x65, 0x66, 0x74, 0x2c, 0x20, 0x67, 0x6f, 0x6c, 0x64, 0x20,
  0x76, 0x61, 0x6c, 0x75, 0x65, 0x20, 0x72, 0x69, 0x67, 0x68, 0x74, 0x20, 0x28, 0x73, 0x70, 0x72,
  0x69, 0x74, 0x65, 0x2c, 0x20, 0x78, 0x2c, 0x20, 0x79, 0x2c, 0x20, 0x77, 0x2c, 0x20, 0x6c, 0x61,
  0x62, 0x65, 0x6c, 0x2c, 0x20, 0x76, 0x61, 0x6c, 0x75, 0x65, 0x2c, 0x20, 0x66, 0x6f, 0x63, 0x75,
  0x73, 0x65, 0x64, 0x29, 0x00, 0x42, 0x6f, 0x74, 0x74, 0x6f, 0x6d, 0x20, 0x72, 0x75, 0x6c, 0x65,
  0x20, 0x2b, 0x20, 0x63, 0x6c, 0x69, 0x70, 0x70, 0x65, 0x64, 0x20, 0x6d, 0x65, 0x73, 0x73, 0x61,
  0x67, 0x65, 0x00, 0x52, 0x65, 0x61, 0x64, 0x2d, 0x6f, 0x6e, 0x6c, 0x79, 0x20, 0x70, 0x72, 0x6f,
  0x67, 0x72, 0x65, 0x73, 0x73, 0x20, 0x62, 0x61, 0x72, 0x20, 0x28, 0x73, 0x70, 0x72, 0x69, 0x74,
  0x65, 0x2c, 0x20, 0x78, 0x2c, 0x20, 0x79, 0x2c, 0x20, 0x77, 0x2c, 0x20, 0x76, 0x61, 0x6c, 0x75,
  0x65, 0x2c, 0x20, 0x6d, 0x61, 0x78, 0x29, 0x00, 0x54, 0x68, 0x65, 0x6d, 0x65, 0x20, 0x73, 0x65,
  0x6c, 0x65, 0x63, 0x74, 0x69, 0x6f, 0x6e, 0x2f, 0x74, 0x69, 0x74, 0x6c, 0x65, 0x20, 0x63, 0x6f,
  0x6c, 0x6f, 0x72, 0x20, 0x28, 0x30, 0x78, 0x46, 0x46, 0x44, 0x39, 0x36, 0x36, 0x29, 0x00, 0x54,
  0x6f, 0x70, 0x20, 0x62, 0x61, 0x6e, 0x64, 0x3a, 0x20, 0x67, 0x6f, 0x6c, 0x64, 0x20, 0x74, 0x69,
  0x74, 0x6c, 0x65, 0x2c, 0x20, 0x64, 0x69, 0x6d, 0x20, 0x72, 0x69, 0x67, 0x68, 0x74, 0x2d, 0x61,
  0x6c, 0x69, 0x67, 0x6e, 0x65, 0x64, 0x20, 0x74, 0x65, 0x78, 0x74, 0x20, 0x28, 0x73, 0x70, 0x72,
  0x69, 0x74, 0x65, 0x2c, 0x20, 0x74, 0x69, 0x74, 0x6c, 0x65, 0x2c, 0x20, 0x72, 0x69, 0x67, 0x68,
  0x74, 0x20, 0x3d, 0x20, 0x22, 0x22, 0x29, 0x00, 0x48, 0x65, 0x61, 0x64, 0x65, 0x72, 0x20, 0x62,
  0x61, 0x6e, 0x64, 0x20, 0x68, 0x65, 0x69, 0x67, 0x68, 0x74, 0x20, 0x28, 0x31, 0x37, 0x29, 0x00,
  0x46, 0x6f, 0x6f, 0x74, 0x65, 0x72, 0x2d, 0x70, 0x6f, 0x73, 0x69, 0x74, 0x69, 0x6f, 0x6e, 0x20,
  0x6b, 0x65, 0x79, 0x20, 0x63, 0x68, 0x69, 0x70, 0x73, 0x20, 0x66, 0x72, 0x6f, 0x6d, 0x20, 0x5b,
  0x5b, 0x6b, 0x65, 0x79, 0x2c, 0x20, 0x6c, 0x61, 0x62, 0x65, 0x6c, 0x5d, 0x2c, 0x20, 0x2e, 0x2e,
  0x2e, 0x5d, 0x00, 0x48, 0x6f, 0x72, 0x69, 0x7a, 0x6f, 0x6e, 0x74, 0x61, 0x6c, 0x20, 0x73, 0x63,
  0x72, 0x6f, 0x6c, 0x6c, 0x62, 0x61, 0x72, 0x20, 0x28, 0x73, 0x70, 0x72, 0x69, 0x74, 0x65, 0x2c,
  0x20, 0x78, 0x2c, 0x20, 0x79, 0x2c, 0x20, 0x77, 0x2c, 0x20, 0x6c, 0x65, 0x66, 0x74, 0x2c, 0x20,
  0x76, 0x69, 0x73, 0x69, 0x62, 0x6c, 0x65, 0x2c, 0x20, 0x74, 0x6f, 0x74, 0x61, 0x6c, 0x29, 0x00,
  0x4d, 0x6f, 0x64, 0x61, 0x6c, 0x20, 0x6f, 0x6e, 0x65, 0x2d, 0x6c, 0x69, 0x6e, 0x65, 0x20, 0x74,
  0x65, 0x78, 0x74, 0x20, 0x69, 0x6e, 0x70, 0x75, 0x74, 0x3b, 0x20, 0x53, 0x74, 0x72, 0x69, 0x6e,
  0x67, 0x20, 0x6f, 0x6e, 0x20, 0x45, 0x6e, 0x74, 0x65, 0x72, 0x2c, 0x20, 0x6e, 0x69, 0x6c, 0x20,
  0x6f, 0x6e, 0x20, 0x45, 0x53, 0x43, 0x20, 0x28, 0x73, 0x70, 0x72, 0x69, 0x74, 0x65, 0x2c, 0x20,
  0x6c, 0x61, 0x62, 0x65, 0x6c, 0x2c, 0x20, 0x69, 0x6e, 0x69, 0x74, 0x69, 0x61, 0x6c, 0x20, 0x3d,
  0x20, 0x22, 0x22, 0x29, 0x00, 0x4d, 0x6f, 0x64, 0x61, 0x6c, 0x20, 0x6e, 0x75, 0x6d, 0x62, 0x65,
  0x72, 0x20, 0x69, 0x6e, 0x70, 0x75, 0x74, 0x20, 0x63, 0x6c, 0x61, 0x6d, 0x70, 0x65, 0x64, 0x20,
  0x74, 0x6f, 0x20, 0x6d, 0x69, 0x6e, 0x2e, 0x2e, 0x6d, 0x61, 0x78, 0x3b, 0x20, 0x6e, 0x69, 0x6c,
  0x20, 0x6f, 0x6e, 0x20, 0x45, 0x53, 0x43, 0x20, 0x28, 0x73, 0x70, 0x72, 0x69, 0x74, 0x65, 0x2c,
  0x20, 0x6c, 0x61, 0x62, 0x65, 0x6c, 0x2c, 0x20, 0x69, 0x6e, 0x69, 0x74, 0x69, 0x61, 0x6c, 0x2c,
  0x20, 0x6d, 0x69, 0x6e, 0x2c, 0x20, 0x6d, 0x61, 0x78, 0x29, 0x00, 0x50, 0x6f, 0x6c, 0x79, 0x6c,
  0x69, 0x6e, 0x65, 0x20, 0x63, 0x68, 0x61, 0x72, 0x74, 0x3b, 0x20, 0x6d, 0x61, 0x78, 0x20, 0x3c,
  0x3d, 0x20, 0x30, 0x20, 0x61, 0x75, 0x74, 0x6f, 0x2d, 0x73, 0x63, 0x61, 0x6c, 0x65, 0x73, 0x20,
  0x74, 0x6f, 0x20, 0x74, 0x68, 0x65, 0x20, 0x64, 0x61, 0x74, 0x61, 0x20, 0x28, 0x73, 0x70, 0x72,
  0x69, 0x74, 0x65, 0x2c, 0x20, 0x78, 0x2c, 0x20, 0x79, 0x2c, 0x20, 0x77, 0x2c, 0x20, 0x68, 0x2c,
  0x20, 0x76, 0x61, 0x6c, 0x75, 0x65, 0x73, 0x2c, 0x20, 0x6d, 0x61, 0x78, 0x29, 0x00, 0x48, 0x6f,
  0x72, 0x69, 0x7a, 0x6f, 0x6e, 0x74, 0x61, 0x6c, 0x6c, 0x79, 0x20, 0x73, 0x63, 0x72, 0x6f, 0x6c,
  0x6c, 0x69, 0x6e, 0x67, 0x20, 0x74, 0x65, 0x78, 0x74, 0x3b, 0x20, 0x72, 0x65, 0x74, 0x75, 0x72,
  0x6e, 0x73, 0x20, 0x74, 0x65, 0x78, 0x74, 0x20, 0x70, 0x78, 0x20, 0x77, 0x69, 0x64, 0x74, 0x68,
  0x20, 0x28, 0x73, 0x70, 0x72, 0x69, 0x74, 0x65, 0x2c, 0x20, 0x78, 0x2c, 0x20, 0x79, 0x2c, 0x20,
  0x77, 0x2c, 0x20, 0x74, 0x65, 0x78, 0x74, 0x2c, 0x20, 0x6f, 0x66, 0x66, 0x73, 0x65, 0x74, 0x29,
  0x00, 0x4d, 0x6f, 0x64, 0x61, 0x6c, 0x20, 0x69, 0x74, 0x65, 0x6d, 0x20, 0x70, 0x69, 0x63, 0x6b,
  0x65, 0x72, 0x3b, 0x20, 0x69, 0x74, 0x65, 0x6d, 0x20, 0x69, 0x6e, 0x64, 0x65, 0x78, 0x20, 0x6f,
  0x72, 0x20, 0x6e, 0x69, 0x6c, 0x20, 0x6f, 0x6e, 0x20, 0x45, 0x53, 0x43, 0x20, 0x28, 0x73, 0x70,
  0x72, 0x69, 0x74, 0x65, 0x2c, 0x20, 0x74, 0x69, 0x74, 0x6c, 0x65, 0x2c, 0x20, 0x69, 0x74, 0x65,
  0x6d, 0x73, 0x2c, 0x20, 0x69, 0x6e, 0x69, 0x74, 0x69, 0x61, 0x6c, 0x20, 0x3d, 0x20, 0x30, 0x29,
  0x00, 0x43, 0x65, 0x6e, 0x74, 0x65, 0x72, 0x65, 0x64, 0x20, 0x70, 0x61, 0x67, 0x65, 0x2d, 0x69,
  0x6e, 0x64, 0x69, 0x63, 0x61, 0x74, 0x6f, 0x72, 0x20, 0x64, 0x6f, 0x74, 0x73, 0x20, 0x28, 0x73,
  0x70, 0x72, 0x69, 0x74, 0x65, 0x2c, 0x20, 0x79, 0x2c, 0x20, 0x63, 0x6f, 0x75, 0x6e, 0x74, 0x2c,
  0x20, 0x61, 0x63, 0x74, 0x69, 0x76, 0x65, 0x29, 0x00, 0x44, 0x61, 0x72, 0x6b, 0x20, 0x66, 0x69,
  0x6c, 0x6c, 0x20, 0x2b, 0x20, 0x61, 0x6d, 0x62, 0x65, 0x72, 0x20, 0x66, 0x72, 0x61, 0x6d, 0x65,
  0x20, 0x28, 0x73, 0x70, 0x72, 0x69, 0x74, 0x65, 0x2c, 0x20, 0x78, 0x2c, 0x20, 0x79, 0x2c, 0x20,
  0x77, 0x2c, 0x20, 0x68, 0x29, 0x00, 0x52, 0x61, 0x64, 0x69, 0x6f, 0x20, 0x62, 0x75, 0x74, 0x74,
  0x6f, 0x6e, 0x20, 0x77, 0x69, 0x74, 0x68, 0x20, 0x6c, 0x61, 0x62, 0x65, 0x6c, 0x20, 0x28, 0x73,
  0x70, 0x72, 0x69, 0x74, 0x65, 0x2c, 0x20, 0x78, 0x2c, 0x20, 0x79, 0x2c, 0x20, 0x6c, 0x61, 0x62,
  0x65, 0x6c, 0x2c, 0x20, 0x73, 0x65, 0x6c, 0x65, 0x63, 0x74, 0x65, 0x64, 0x2c, 0x20, 0x66, 0x6f,
  0x63, 0x75, 0x73, 0x65, 0x64, 0x29, 0x00, 0x52, 0x65, 0x61, 0x64, 0x20, 0x6f, 0x6e, 0x65, 0x20,
  0x6b, 0x65, 0x79, 0x3a, 0x20, 0x22, 0x55, 0x50, 0x22, 0x20, 0x22, 0x44, 0x4f, 0x57, 0x4e, 0x22,
  0x20, 0x22, 0x4c, 0x45, 0x46, 0x54, 0x22, 0x20, 0x22, 0x52, 0x49, 0x47, 0x48, 0x54, 0x22, 0x20,
  0x22, 0x45, 0x4e, 0x54, 0x45, 0x52, 0x22, 0x20, 0x22, 0x45, 0x53, 0x43, 0x22, 0x20, 0x22, 0x42,
  0x53, 0x22, 0x20, 0x6f, 0x72, 0x20, 0x61, 0x20, 0x31, 0x2d, 0x63, 0x68, 0x61, 0x72, 0x20, 0x73,
  0x74, 0x72, 0x69, 0x6e, 0x67, 0x00, 0x53, 0x74, 0x61, 0x6e, 0x64, 0x61, 0x72, 0x64, 0x20, 0x6c,
  0x69, 0x73, 0x74, 0x2f, 0x74, 0x61, 0x62, 0x6c, 0x65, 0x20, 0x72, 0x6f, 0x77, 0x20, 0x68, 0x65,
  0x69, 0x67, 0x68, 0x74, 0x20, 0x28, 0x31, 0x36, 0x29, 0x00, 0x56, 0x65, 0x72, 0x74, 0x69, 0x63,
  0x61, 0x6c, 0x20, 0x73, 0x63, 0x72, 0x6f, 0x6c, 0x6c, 0x62, 0x61, 0x72, 0x3b, 0x20, 0x68, 0x69,
  0x64, 0x64, 0x65, 0x6e, 0x20, 0x77, 0x68, 0x65, 0x6e, 0x20, 0x74, 0x6f, 0x74, 0x61, 0x6c, 0x20,
  0x3c, 0x3d, 0x20, 0x76, 0x69, 0x73, 0x69, 0x62, 0x6c, 0x65, 0x20, 0x28, 0x73, 0x70, 0x72, 0x69,
  0x74, 0x65, 0x2c, 0x20, 0x78, 0x2c, 0x20, 0x79, 0x2c, 0x20, 0x68, 0x2c, 0x20, 0x74, 0x6f, 0x70,
  0x2c, 0x20, 0x76, 0x69, 0x73, 0x69, 0x62, 0x6c, 0x65, 0x2c, 0x20, 0x74, 0x6f, 0x74, 0x61, 0x6c,
  0x29, 0x00, 0x46, 0x75, 0x6c, 0x6c, 0x2d, 0x77, 0x69, 0x64, 0x74, 0x68, 0x20, 0x68, 0x6f, 0x72,
  0x69, 0x7a, 0x6f, 0x6e, 0x74, 0x61, 0x6c, 0x20, 0x72, 0x75, 0x6c, 0x65, 0x20, 0x61, 0x74, 0x20,
  0x79, 0x00, 0x54, 0x72, 0x61, 0x63, 0x6b, 0x20, 0x2b, 0x20, 0x6b, 0x6e, 0x6f, 0x62, 0x20, 0x28,
  0x73, 0x70, 0x72, 0x69, 0x74, 0x65, 0x2c, 0x20, 0x78, 0x2c, 0x20, 0x79, 0x2c, 0x20, 0x77, 0x2c,
  0x20, 0x76, 0x61, 0x6c, 0x75, 0x65, 0x2c, 0x20, 0x6d, 0x61, 0x78, 0x2c, 0x20, 0x66, 0x6f, 0x63,
  0x75, 0x73, 0x65, 0x64, 0x29, 0x00, 0x22, 0x3c, 0x20, 0x74, 0x65, 0x78, 0x74, 0x20, 0x3e, 0x22,
  0x20, 0x76, 0x61, 0x6c, 0x75, 0x65, 0x20, 0x63, 0x68, 0x6f, 0x6f, 0x73, 0x65, 0x72, 0x3b, 0x20,
  0x74, 0x68, 0x65, 0x20, 0x61, 0x70, 0x70, 0x20, 0x68, 0x61, 0x6e, 0x64, 0x6c, 0x65, 0x73, 0x20,
  0x6c, 0x65, 0x66, 0x74, 0x2f, 0x72, 0x69, 0x67, 0x68, 0x74, 0x20, 0x6b, 0x65, 0x79, 0x73, 0x20,
  0x28, 0x73, 0x70, 0x72, 0x69, 0x74, 0x65, 0x2c, 0x20, 0x78, 0x2c, 0x20, 0x79, 0x2c, 0x20, 0x77,
  0x2c, 0x20, 0x74, 0x65, 0x78, 0x74, 0x2c, 0x20, 0x66, 0x6f, 0x63, 0x75, 0x73, 0x65, 0x64, 0x29,
  0x00, 0x46, 0x75, 0x6c, 0x6c, 0x2d, 0x73, 0x63, 0x72, 0x65, 0x65, 0x6e, 0x20, 0x74, 0x69, 0x74,
  0x6c, 0x65, 0x20, 0x69, 0x6e, 0x20, 0x74, 0x68, 0x65, 0x20, 0x32, 0x34, 0x70, 0x78, 0x20, 0x66,
  0x6f, 0x6e, 0x74, 0x20, 0x28, 0x73, 0x70, 0x72, 0x69, 0x74, 0x65, 0x2c, 0x20, 0x74, 0x69, 0x74,
  0x6c, 0x65, 0x2c, 0x20, 0x73, 0x75, 0x62, 0x74, 0x69, 0x74, 0x6c, 0x65, 0x20, 0x3d, 0x20, 0x22,
  0x22, 0x29, 0x00, 0x43, 0x6f, 0x6c, 0x75, 0x6d, 0x6e, 0x20, 0x68, 0x65, 0x61, 0x64, 0x65, 0x72,
  0x20, 0x72, 0x6f, 0x77, 0x20, 0x28, 0x73, 0x70, 0x72, 0x69, 0x74, 0x65, 0x2c, 0x20, 0x78, 0x2c,
  0x20, 0x79, 0x2c, 0x20, 0x77, 0x69, 0x64, 0x74, 0x68, 0x73, 0x2c, 0x20, 0x6c, 0x61, 0x62, 0x65,
  0x6c, 0x73, 0x29, 0x00, 0x52, 0x6f, 0x77, 0x20, 0x6f, 0x66, 0x20, 0x63, 0x65, 0x6c, 0x6c, 0x73,
  0x20, 0x28, 0x73, 0x70, 0x72, 0x69, 0x74, 0x65, 0x2c, 0x20, 0x78, 0x2c, 0x20, 0x79, 0x2c, 0x20,
  0x77, 0x69, 0x64, 0x74, 0x68, 0x73, 0x2c, 0x20, 0x74, 0x65, 0x78, 0x74, 0x73, 0x2c, 0x20, 0x73,
  0x65, 0x6c, 0x65, 0x63, 0x74, 0x65, 0x64, 0x29, 0x00, 0x54, 0x61, 0x62, 0x20, 0x62, 0x61, 0x72,
  0x20, 0x61, 0x74, 0x20, 0x79, 0x3b, 0x20, 0x61, 0x63, 0x74, 0x69, 0x76, 0x65, 0x20, 0x74, 0x61,
  0x62, 0x20, 0x68, 0x69, 0x67, 0x68, 0x6c, 0x69, 0x67, 0x68, 0x74, 0x65, 0x64, 0x20, 0x28, 0x73,
  0x70, 0x72, 0x69, 0x74, 0x65, 0x2c, 0x20, 0x79, 0x2c, 0x20, 0x6c, 0x61, 0x62, 0x65, 0x6c, 0x73,
  0x2c, 0x20, 0x61, 0x63, 0x74, 0x69, 0x76, 0x65, 0x29, 0x00, 0x48, 0x6f, 0x72, 0x69, 0x7a, 0x6f,
  0x6e, 0x74, 0x61, 0x6c, 0x6c, 0x79, 0x20, 0x63, 0x65, 0x6e, 0x74, 0x65, 0x72, 0x65, 0x64, 0x20,
  0x74, 0x65, 0x78, 0x74, 0x20, 0x28, 0x73, 0x70, 0x72, 0x69, 0x74, 0x65, 0x2c, 0x20, 0x79, 0x2c,
  0x20, 0x74, 0x65, 0x78, 0x74, 0x2c, 0x20, 0x63, 0x6f, 0x6c, 0x6f, 0x72, 0x20, 0x3d, 0x20, 0x64,
  0x69, 0x6d, 0x29, 0x00, 0x52, 0x69, 0x67, 0x68, 0x74, 0x2d, 0x61, 0x6c, 0x69, 0x67, 0x6e, 0x65,
  0x64, 0x20, 0x74, 0x65, 0x78, 0x74, 0x20, 0x28, 0x73, 0x70, 0x72, 0x69, 0x74, 0x65, 0x2c, 0x20,
  0x72, 0x69, 0x67, 0x68, 0x74, 0x5f, 0x78, 0x2c, 0x20, 0x79, 0x2c, 0x20, 0x74, 0x65, 0x78, 0x74,
  0x2c, 0x20, 0x63, 0x6f, 0x6c, 0x6f, 0x72, 0x20, 0x3d, 0x20, 0x64, 0x69, 0x6d, 0x29, 0x00, 0x4d,
  0x65, 0x61, 0x73, 0x75, 0x72, 0x65, 0x64, 0x20, 0x74, 0x65, 0x78, 0x74, 0x20, 0x77, 0x69, 0x64,
  0x74, 0x68, 0x20, 0x69, 0x6e, 0x20, 0x70, 0x78, 0x20, 0x28, 0x63, 0x6f, 0x72, 0x72, 0x65, 0x63,
  0x74, 0x20, 0x66, 0x6f, 0x72, 0x20, 0x4a, 0x61, 0x70, 0x61, 0x6e, 0x65, 0x73, 0x65, 0x29, 0x00,
  0x50, 0x61, 0x6e, 0x65, 0x6c, 0x20, 0x77, 0x69, 0x74, 0x68, 0x20, 0x61, 0x20, 0x67, 0x6f, 0x6c,
  0x64, 0x20, 0x74, 0x69, 0x74, 0x6c, 0x65, 0x20, 0x72, 0x6f, 0x77, 0x20, 0x28, 0x73, 0x70, 0x72,
  0x69, 0x74, 0x65, 0x2c, 0x20, 0x78, 0x2c, 0x20, 0x79, 0x2c, 0x20, 0x77, 0x2c, 0x20, 0x68, 0x2c,
  0x20, 0x74, 0x69, 0x74, 0x6c, 0x65, 0x29, 0x00, 0x42, 0x6f, 0x74, 0x74, 0x6f, 0x6d, 0x2d, 0x63,
  0x65, 0x6e, 0x74, 0x65, 0x72, 0x20, 0x6d, 0x65, 0x73, 0x73, 0x61, 0x67, 0x65, 0x20, 0x63, 0x68,
  0x69, 0x70, 0x3b, 0x20, 0x74, 0x68, 0x65, 0x20, 0x61, 0x70, 0x70, 0x20, 0x64, 0x65, 0x63, 0x69,
  0x64, 0x65, 0x73, 0x20, 0x68, 0x6f, 0x77, 0x20, 0x6c, 0x6f, 0x6e, 0x67, 0x20, 0x74, 0x6f, 0x20,
  0x73, 0x68, 0x6f, 0x77, 0x20, 0x69, 0x74, 0x00, 0x4f, 0x4e, 0x2f, 0x4f, 0x46, 0x46, 0x20, 0x74,
  0x6f, 0x67, 0x67, 0x6c, 0x65, 0x20, 0x70, 0x69, 0x6c, 0x6c, 0x20, 0x28, 0x73, 0x70, 0x72, 0x69,
  0x74, 0x65, 0x2c, 0x20, 0x78, 0x2c, 0x20, 0x79, 0x2c, 0x20, 0x6f, 0x6e, 0x2c, 0x20, 0x66, 0x6f,
  0x63, 0x75, 0x73, 0x65, 0x64, 0x29, 0x00, 0x56, 0x65, 0x72, 0x74, 0x69, 0x63, 0x61, 0x6c, 0x20,
  0x72, 0x75, 0x6c, 0x65, 0x20, 0x28, 0x73, 0x70, 0x72, 0x69, 0x74, 0x65, 0x2c, 0x20, 0x78, 0x2c,
  0x20, 0x79, 0x2c, 0x20, 0x68, 0x29, 0x00, 0x57, 0x6f, 0x72, 0x64, 0x2d, 0x77, 0x72, 0x61, 0x70,
  0x70, 0x65, 0x64, 0x20, 0x74, 0x65, 0x78, 0x74, 0x20, 0x69, 0x6e, 0x20, 0x61, 0x20, 0x62, 0x6f,
  0x78, 0x3b, 0x20, 0x72, 0x65, 0x74, 0x75, 0x72, 0x6e, 0x73, 0x20, 0x6c, 0x69, 0x6e, 0x65, 0x73,
  0x20, 0x64, 0x72, 0x61, 0x77, 0x6e, 0x20, 0x28, 0x73, 0x70, 0x72, 0x69, 0x74, 0x65, 0x2c, 0x20,
  0x78, 0x2c, 0x20, 0x79, 0x2c, 0x20, 0x77, 0x2c, 0x20, 0x68, 0x2c, 0x20, 0x74, 0x65, 0x78, 0x74,
  0x2c, 0x20, 0x63, 0x6f, 0x6c, 0x6f, 0x72, 0x20, 0x3d, 0x20, 0x64, 0x69, 0x6d, 0x29, 0x00, 0x41,
  0x70, 0x70, 0x65, 0x6e, 0x64, 0x20, 0x61, 0x20, 0x72, 0x6f, 0x77, 0x3b, 0x20, 0x6f, 0x70, 0x74,
  0x69, 0x6f, 0x6e, 0x61, 0x6c, 0x20, 0x74, 0x61, 0x67, 0x20, 0x69, 0x73, 0x20, 0x64, 0x72, 0x61,
  0x77, 0x6e, 0x20, 0x61, 0x6d, 0x62, 0x65, 0x72, 0x20, 0x6f, 0x6e, 0x20, 0x74, 0x68, 0x65, 0x20,
  0x6c, 0x65, 0x66, 0x74, 0x20, 0x28, 0x74, 0x65, 0x78, 0x74, 0x2c, 0x20, 0x74, 0x61, 0x67, 0x20,
  0x3d, 0x20, 0x22, 0x22, 0x29, 0x00, 0x53, 0x65, 0x74, 0x20, 0x74, 0x68, 0x65, 0x20, 0x64, 0x72,
  0x61, 0x77, 0x69, 0x6e, 0x67, 0x20, 0x61, 0x72, 0x65, 0x61, 0x3b, 0x20, 0x64, 0x65, 0x66, 0x61,
  0x75, 0x6c, 0x74, 0x20, 0x69, 0x73, 0x20, 0x74, 0x68, 0x65, 0x20, 0x77, 0x68, 0x6f, 0x6c, 0x65,
  0x20, 0x62, 0x6f, 0x64, 0x79, 0x20, 0x61, 0x72, 0x65, 0x61, 0x00, 0x52, 0x65, 0x6d, 0x6f, 0x76,
  0x65, 0x20, 0x61, 0x6c, 0x6c, 0x20, 0x72, 0x6f, 0x77, 0x73, 0x00, 0x4e, 0x75, 0x6d, 0x62, 0x65,
  0x72, 0x20, 0x6f, 0x66, 0x20, 0x72, 0x6f, 0x77, 0x73, 0x00, 0x44, 0x72, 0x61, 0x77, 0x20, 0x72,
  0x6f, 0x77, 0x73, 0x2c, 0x20, 0x73, 0x65, 0x6c, 0x65, 0x63, 0x74, 0x69, 0x6f, 0x6e, 0x2c, 0x20,
  0x6d, 0x61, 0x72, 0x6b, 0x73, 0x2c, 0x20, 0x61, 0x6e, 0x64, 0x20, 0x74, 0x68, 0x65, 0x20, 0x73,
  0x63, 0x72, 0x6f, 0x6c, 0x6c, 0x62, 0x61, 0x72, 0x20, 0x77, 0x68, 0x65, 0x6e, 0x20, 0x6e, 0x65,
  0x65, 0x64, 0x65, 0x64, 0x00, 0x54, 0x65, 0x78, 0x74, 0x20, 0x73, 0x68, 0x6f, 0x77, 0x6e, 0x20,
  0x63, 0x65, 0x6e, 0x74, 0x65, 0x72, 0x65, 0x64, 0x20, 0x77, 0x68, 0x65, 0x6e, 0x20, 0x74, 0x68,
  0x65, 0x20, 0x6c, 0x69, 0x73, 0x74, 0x20, 0x69, 0x73, 0x20, 0x65, 0x6d, 0x70, 0x74, 0x79, 0x00,
  0x43, 0x6f, 0x6e, 0x73, 0x75, 0x6d, 0x65, 0x20, 0x55, 0x50, 0x2f, 0x44, 0x4f, 0x57, 0x4e, 0x2c,
  0x20, 0x6b, 0x2f, 0x6a, 0x2c, 0x20, 0x3b, 0x2f, 0x2e, 0x20, 0x63, 0x75, 0x72, 0x73, 0x6f, 0x72,
  0x20, 0x6b, 0x65, 0x79, 0x73, 0x3b, 0x20, 0x74, 0x72, 0x75, 0x65, 0x20, 0x77, 0x68, 0x65, 0x6e,
  0x20, 0x63, 0x6f, 0x6e, 0x73, 0x75, 0x6d, 0x65, 0x64, 0x00, 0x43, 0x75, 0x72, 0x73, 0x6f, 0x72,
  0x20, 0x72, 0x6f, 0x77, 0x00, 0x4d, 0x6f, 0x76, 0x65, 0x20, 0x74, 0x68, 0x65, 0x20, 0x63, 0x75,
  0x72, 0x73, 0x6f, 0x72, 0x20, 0x28, 0x63, 0x6c, 0x61, 0x6d, 0x70, 0x65, 0x64, 0x3b, 0x20, 0x73,
  0x63, 0x72, 0x6f, 0x6c, 0x6c, 0x20, 0x66, 0x6f, 0x6c, 0x6c, 0x6f, 0x77, 0x73, 0x29, 0x00, 0x53,
  0x65, 0x74, 0x20, 0x74, 0x68, 0x65, 0x20, 0x6d, 0x61, 0x72, 0x6b, 0x20, 0x6f, 0x6e, 0x20, 0x72,
  0x6f, 0x77, 0x20, 0x69, 0x00, 0x57, 0x68, 0x65, 0x74, 0x68, 0x65, 0x72, 0x20, 0x72, 0x6f, 0x77,
  0x20, 0x69, 0x20, 0x69, 0x73, 0x20, 0x6d, 0x61, 0x72, 0x6b, 0x65, 0x64, 0x00, 0x53, 0x68, 0x6f,
  0x77, 0x20, 0x74, 0x68, 0x65, 0x20, 0x6d, 0x75, 0x6c, 0x74, 0x69, 0x2d, 0x73, 0x65, 0x6c, 0x65,
  0x63, 0x74, 0x20, 0x6d, 0x61, 0x72, 0x6b, 0x20, 0x63, 0x6f, 0x6c, 0x75, 0x6d, 0x6e, 0x00, 0x54,
  0x6f, 0x67, 0x67, 0x6c, 0x65, 0x20, 0x74, 0x68, 0x65, 0x20, 0x6d, 0x61, 0x72, 0x6b, 0x20, 0x6f,
  0x6e, 0x20, 0x74, 0x68, 0x65, 0x20, 0x63, 0x75, 0x72, 0x73, 0x6f, 0x72, 0x20, 0x72, 0x6f, 0x77,
  0x00, 0x46, 0x69, 0x72, 0x73, 0x74, 0x20, 0x76, 0x69, 0x73, 0x69, 0x62, 0x6c, 0x65, 0x20, 0x72,
  0x6f, 0x77, 0x00, 0x43, 0x72, 0x65, 0x61, 0x74, 0x65, 0x20, 0x61, 0x6e, 0x20, 0x65, 0x6d, 0x70,
  0x74, 0x79, 0x20, 0x6c, 0x69, 0x73, 0x74, 0x20, 0x28, 0x63, 0x61, 0x70, 0x61, 0x63, 0x69, 0x74,
  0x79, 0x20, 0x31, 0x32, 0x38, 0x20, 0x72, 0x6f, 0x77, 0x73, 0x29, 0x00, 0x44, 0x72, 0x61, 0x77,
  0x20, 0x77, 0x6f, 0x72, 0x64, 0x2d, 0x77, 0x72, 0x61, 0x70, 0x70, 0x65, 0x64, 0x20, 0x74, 0x65,
  0x78, 0x74, 0x20, 0x61, 0x6e, 0x64, 0x20, 0x74, 0x68, 0x65, 0x20, 0x73, 0x63, 0x72, 0x6f, 0x6c,
  0x6c, 0x62, 0x61, 0x72, 0x20, 0x77, 0x68, 0x65, 0x6e, 0x20, 0x6e, 0x65, 0x65, 0x64, 0x65, 0x64,
  0x00, 0x43, 0x6f, 0x6e, 0x73, 0x75, 0x6d, 0x65, 0x20, 0x55, 0x50, 0x2f, 0x44, 0x4f, 0x57, 0x4e,
  0x2c, 0x20, 0x6b, 0x2f, 0x6a, 0x2c, 0x20, 0x3b, 0x2f, 0x2e, 0x20, 0x73, 0x63, 0x72, 0x6f, 0x6c,
  0x6c, 0x20, 0x6b, 0x65, 0x79, 0x73, 0x3b, 0x20, 0x74, 0x72, 0x75, 0x65, 0x20, 0x77, 0x68, 0x65,
  0x6e, 0x20, 0x63, 0x6f, 0x6e, 0x73, 0x75, 0x6d, 0x65, 0x64, 0x00, 0x46, 0x69, 0x72, 0x73, 0x74,
  0x20, 0x76, 0x69, 0x73, 0x69, 0x62, 0x6c, 0x65, 0x20, 0x77, 0x72, 0x61, 0x70, 0x70, 0x65, 0x64,
  0x20, 0x6c, 0x69, 0x6e, 0x65, 0x00, 0x53, 0x63, 0x72, 0x6f, 0x6c, 0x6c, 0x20, 0x74, 0x6f, 0x20,
  0x61, 0x20, 0x77, 0x72, 0x61, 0x70, 0x70, 0x65, 0x64, 0x20, 0x6c, 0x69, 0x6e, 0x65, 0x20, 0x28,
  0x63, 0x6c, 0x61, 0x6d, 0x70, 0x65, 0x64, 0x29, 0x00, 0x53, 0x65, 0x74, 0x20, 0x74, 0x68, 0x65,
  0x20, 0x74, 0x65, 0x78, 0x74, 0x20, 0x28, 0x63, 0x6f, 0x70, 0x69, 0x65, 0x64, 0x2c, 0x20, 0x75,
  0x70, 0x20, 0x74, 0x6f, 0x20, 0x32, 0x30, 0x34, 0x38, 0x20, 0x62, 0x79, 0x74, 0x65, 0x73, 0x29,
  0x00, 0x43, 0x72, 0x65, 0x61, 0x74, 0x65, 0x20, 0x61, 0x6e, 0x20, 0x65, 0x6d, 0x70, 0x74, 0x79,
  0x20, 0x74, 0x65, 0x78, 0x74, 0x20, 0x76, 0x69, 0x65, 0x77, 0x00,
};

const TiBuiltinClass ti_builtin_classes[] = {
  {0, 0, 0, 0, 0},
  {1, 0, 38, 38, 4},
  {362, 42, 63, 105, 4},
  {447, 109, 53, 162, 4},
  {453, 166, 88, 254, 4},
  {744, 258, 39, 297, 4},
  {751, 301, 78, 379, 5},
  {951, 384, 60, 444, 5},
  {1017, 449, 44, 493, 5},
  {1036, 498, 41, 539, 5},
  {1066, 544, 42, 586, 4},
  {1076, 590, 42, 632, 4},
  {1087, 636, 45, 681, 4},
  {1096, 685, 41, 726, 4},
  {1111, 730, 39, 769, 4},
  {1122, 773, 46, 819, 4},
  {1170, 823, 42, 865, 4},
  {1175, 869, 49, 918, 17},
  {1312, 935, 38, 973, 9},
  {1365, 982, 40, 1022, 4},
  {1376, 1026, 48, 1074, 13},
  {1415, 1087, 47, 1134, 14},
  {1579, 1148, 38, 1186, 5},
  {1608, 1191, 41, 1232, 5},
  {1663, 1237, 46, 1283, 8},
  {1769, 1291, 38, 1329, 27},
  {1890, 1356, 38, 1394, 7},
  {1924, 1401, 38, 1439, 4},
  {1937, 1443, 38, 1481, 9},
  {1954, 1490, 57, 1547, 5},
  {2198, 1552, 50, 1602, 5},
  {2260, 1607, 38, 1645, 59},
  {2725, 1704, 52, 1756, 5},
  {2817, 1761, 44, 1805, 5},
};

const TiBuiltinArgument ti_builtin_arguments[] = {
  {0, 13, 0, 0},
  {0, 13, 0, 0},
  {0, 13, 0, 0},
  {0, 13, 0, 0},
  {0, 4, 2, 0},
  {0, 4, 2, 0},
  {0, 5, 0, 2},
  {0, 5, 0, 2},
  {0, 4, 2, 0},
  {0, 5, 0, 0},
  {0, 2, 0, 1},
  {0, 13, 0, 2},
  {0, 13, 0, 2},
  {0, 14, 0, 0},
  {0, 4, 2, 0},
  {0, 4, 2, 0},
  {0, 13, 0, 0},
  {0, 13, 0, 0},
  {0, 5, 0, 2},
  {0, 5, 0, 2},
  {0, 13, 0, 1},
  {0, 4, 0, 1},
  {0, 4, 2, 0},
  {0, 4, 2, 0},
  {0, 13, 0, 2},
  {0, 2, 3, 0},
  {0, 2, 0, 0},
  {0, 4, 0, 0},
  {0, 13, 0, 2},
  {0, 2, 3, 0},
  {0, 2, 0, 0},
  {0, 13, 0, 0},
  {0, 2, 3, 0},
  {0, 2, 0, 0},
  {0, 2, 3, 0},
  {0, 2, 3, 0},
  {0, 2, 3, 0},
  {0, 2, 3, 0},
  {0, 2, 3, 0},
  {0, 2, 3, 0},
  {0, 2, 0, 0},
  {0, 2, 3, 0},
  {0, 2, 4, 0},
  {0, 13, 0, 0},
  {0, 13, 0, 0},
  {0, 2, 3, 0},
  {0, 2, 3, 0},
  {0, 2, 0, 0},
  {0, 13, 0, 0},
  {0, 2, 0, 0},
  {0, 4, 2, 0},
  {0, 4, 2, 0},
  {0, 5, 0, 2},
  {0, 5, 0, 2},
  {0, 4, 2, 0},
  {0, 5, 0, 0},
  {0, 2, 0, 0},
  {0, 2, 0, 1},
  {0, 13, 0, 2},
  {0, 13, 0, 2},
  {0, 14, 0, 0},
  {0, 4, 2, 0},
  {0, 4, 2, 0},
  {0, 13, 0, 0},
  {0, 13, 0, 0},
  {0, 5, 0, 2},
  {0, 5, 0, 2},
  {0, 13, 0, 1},
  {0, 4, 0, 1},
  {0, 4, 2, 0},
  {0, 4, 2, 0},
  {0, 13, 0, 2},
  {0, 2, 3, 0},
  {0, 2, 0, 0},
  {0, 4, 0, 0},
  {0, 13, 0, 2},
  {0, 2, 0, 1},
  {0, 2, 0, 0},
  {0, 2, 3, 0},
  {0, 2, 0, 0},
  {0, 13, 0, 0},
  {0, 2, 3, 0},
  {0, 2, 3, 0},
  {0, 2, 3, 0},
  {0, 2, 3, 0},
  {0, 2, 3, 0},
  {0, 2, 3, 0},
  {0, 2, 3, 0},
  {0, 2, 3, 0},
  {0, 2, 3, 0},
  {0, 13, 0, 0},
  {0, 13, 0, 0},
  {0, 2, 3, 0},
  {0, 2, 3, 0},
  {0, 4, 2, 0},
  {0, 4, 2, 0},
  {0, 5, 0, 2},
  {0, 5, 0, 2},
  {0, 4, 2, 0},
  {0, 5, 0, 0},
  {0, 2, 0, 1},
  {0, 13, 0, 2},
  {0, 13, 0, 2},
  {0, 14, 0, 0},
  {0, 4, 2, 0},
  {0, 4, 2, 0},
  {0, 13, 0, 0},
  {0, 13, 0, 0},
  {0, 5, 0, 2},
  {0, 5, 0, 2},
  {0, 13, 0, 1},
  {0, 4, 0, 1},
  {0, 4, 2, 0},
  {0, 4, 2, 0},
  {0, 13, 0, 2},
  {0, 2, 3, 0},
  {0, 2, 0, 0},
  {0, 4, 0, 0},
  {0, 13, 0, 2},
  {0, 2, 3, 0},
  {0, 2, 0, 0},
  {0, 13, 0, 0},
  {0, 2, 0, 0},
  {0, 2, 0, 0},
  {0, 4, 0, 0},
  {0, 4, 0, 0},
  {0, 2, 6, 0},
  {0, 4, 0, 0},
  {0, 4, 0, 0},
  {0, 13, 0, 0},
  {0, 13, 0, 0},
  {0, 4, 0, 0},
  {0, 4, 0, 0},
  {0, 13, 0, 0},
  {0, 13, 0, 0},
  {0, 4, 0, 0},
  {0, 2, 6, 0},
  {0, 4, 2, 0},
  {0, 4, 2, 0},
  {0, 5, 0, 2},
  {0, 5, 0, 2},
  {0, 4, 2, 0},
  {0, 5, 0, 0},
  {0, 4, 0, 1},
  {501, 10, 1, 4},
  {0, 4, 0, 2},
  {0, 2, 0, 1},
  {0, 13, 0, 2},
  {0, 2, 0, 0},
  {0, 13, 0, 2},
  {0, 4, 0, 0},
  {0, 2, 6, 0},
  {0, 2, 0, 1},
  {0, 14, 0, 0},
  {0, 4, 2, 0},
  {0, 4, 2, 0},
  {0, 13, 0, 0},
  {0, 13, 0, 0},
  {0, 2, 0, 0},
  {0, 4, 0, 1},
  {0, 5, 0, 2},
  {0, 5, 0, 2},
  {0, 13, 0, 1},
  {0, 4, 0, 1},
  {0, 4, 2, 0},
  {0, 2, 0, 0},
  {0, 4, 0, 1},
  {0, 4, 2, 0},
  {0, 13, 0, 2},
  {0, 2, 3, 0},
  {0, 2, 0, 0},
  {0, 13, 0, 0},
  {0, 4, 0, 1},
  {0, 2, 0, 1},
  {0, 4, 0, 0},
  {0, 13, 0, 2},
  {0, 4, 0, 2},
  {0, 4, 0, 0},
  {0, 4, 0, 0},
  {0, 2, 0, 1},
  {0, 4, 0, 0},
  {0, 4, 0, 0},
  {0, 4, 0, 0},
  {0, 4, 0, 0},
  {0, 2, 3, 0},
  {0, 2, 0, 0},
  {0, 13, 0, 0},
  {0, 5, 8, 0},
  {0, 13, 0, 0},
  {0, 13, 0, 0},
  {0, 4, 2, 0},
  {0, 4, 2, 0},
  {0, 5, 0, 2},
  {0, 5, 0, 2},
  {0, 4, 2, 0},
  {0, 5, 0, 0},
  {0, 2, 0, 1},
  {0, 13, 0, 2},
  {0, 13, 0, 2},
  {0, 14, 0, 0},
  {0, 4, 2, 0},
  {0, 4, 2, 0},
  {0, 13, 0, 0},
  {0, 13, 0, 0},
  {0, 5, 0, 2},
  {0, 5, 0, 2},
  {0, 13, 0, 1},
  {0, 4, 0, 1},
  {0, 4, 2, 0},
  {0, 4, 2, 0},
  {0, 13, 0, 2},
  {0, 2, 3, 0},
  {0, 2, 0, 0},
  {0, 4, 0, 0},
  {0, 13, 0, 2},
  {0, 2, 3, 0},
  {0, 2, 0, 0},
  {0, 13, 0, 0},
  {0, 6, 0, 0},
  {0, 2, 6, 0},
  {0, 6, 0, 0},
  {0, 6, 0, 0},
  {0, 13, 0, 0},
  {0, 13, 0, 0},
  {0, 13, 0, 0},
  {0, 2, 0, 0},
  {0, 13, 0, 0},
  {0, 4, 2, 0},
  {0, 4, 2, 0},
  {0, 13, 0, 2},
  {0, 2, 0, 0},
  {0, 5, 0, 2},
  {0, 5, 0, 2},
  {0, 6, 0, 0},
  {0, 4, 2, 0},
  {0, 5, 0, 0},
  {0, 2, 0, 0},
  {0, 2, 0, 1},
  {0, 13, 0, 2},
  {0, 13, 0, 2},
  {0, 13, 0, 0},
  {0, 14, 0, 0},
  {0, 4, 2, 0},
  {0, 4, 2, 0},
  {0, 13, 0, 0},
  {0, 13, 0, 0},
  {0, 4, 0, 1},
  {0, 2, 0, 1},
  {0, 5, 0, 2},
  {0, 5, 0, 2},
  {0, 13, 0, 0},
  {0, 13, 0, 1},
  {0, 4, 0, 1},
  {0, 6, 0, 0},
  {0, 4, 2, 0},
  {0, 4, 2, 0},
  {0, 13, 0, 2},
  {0, 2, 0, 1},
  {0, 2, 3, 0},
  {0, 2, 0, 0},
  {0, 13, 0, 0},
  {0, 4, 0, 0},
  {0, 13, 0, 2},
  {0, 13, 0, 0},
  {0, 6, 0, 0},
  {0, 2, 0, 1},
  {0, 13, 0, 1},
  {0, 2, 3, 0},
  {0, 2, 0, 0},
  {0, 13, 0, 0},
  {0, 7, 0, 0},
  {0, 7, 0, 0},
  {0, 13, 0, 0},
  {0, 13, 0, 0},
  {0, 13, 0, 0},
  {0, 7, 0, 0},
  {0, 7, 0, 0},
  {0, 13, 0, 0},
  {0, 13, 0, 0},
  {0, 4, 2, 0},
  {0, 4, 2, 0},
  {0, 5, 0, 2},
  {0, 5, 0, 2},
  {0, 4, 2, 0},
  {0, 5, 0, 0},
  {0, 4, 2, 0},
  {0, 2, 0, 1},
  {0, 13, 0, 2},
  {0, 4, 2, 0},
  {0, 13, 0, 0},
  {0, 13, 0, 2},
  {0, 14, 0, 0},
  {0, 4, 2, 0},
  {0, 4, 2, 0},
  {0, 13, 0, 0},
  {0, 13, 0, 0},
  {0, 13, 0, 0},
  {0, 7, 0, 0},
  {0, 7, 0, 0},
  {0, 5, 0, 2},
  {0, 5, 0, 2},
  {0, 13, 0, 1},
  {0, 4, 0, 1},
  {0, 4, 2, 0},
  {0, 4, 2, 0},
  {0, 13, 0, 2},
  {0, 2, 3, 0},
  {0, 2, 0, 0},
  {0, 4, 0, 0},
  {0, 13, 0, 2},
  {0, 2, 3, 0},
  {0, 2, 0, 0},
  {0, 13, 0, 0},
  {0, 13, 0, 0},
  {0, 13, 0, 0},
  {0, 13, 0, 0},
  {0, 4, 2, 0},
  {0, 4, 2, 0},
  {0, 5, 0, 2},
  {0, 5, 0, 2},
  {0, 4, 2, 0},
  {0, 5, 0, 0},
  {0, 2, 0, 1},
  {0, 13, 0, 2},
  {0, 13, 0, 2},
  {0, 14, 0, 0},
  {0, 4, 2, 0},
  {0, 4, 2, 0},
  {0, 13, 0, 0},
  {0, 13, 0, 0},
  {0, 5, 0, 2},
  {0, 5, 0, 2},
  {0, 13, 0, 1},
  {0, 4, 0, 1},
  {0, 4, 2, 0},
  {0, 4, 2, 0},
  {0, 13, 0, 2},
  {0, 2, 3, 0},
  {0, 2, 0, 0},
  {0, 4, 0, 0},
  {0, 13, 0, 2},
  {0, 13, 0, 0},
  {0, 13, 0, 0},
  {0, 10, 1, 1},
  {0, 2, 3, 0},
  {0, 2, 0, 0},
  {0, 13, 0, 0},
  {0, 13, 0, 0},
  {0, 13, 0, 0},
  {0, 13, 0, 0},
  {0, 1, 0, 0},
  {0, 4, 2, 0},
  {0, 4, 2, 0},
  {0, 5, 0, 2},
  {0, 5, 0, 2},
  {0, 13, 0, 2},
  {0, 4, 2, 0},
  {0, 5, 0, 0},
  {0, 2, 0, 1},
  {0, 13, 0, 2},
  {0, 13, 0, 2},
  {0, 14, 0, 0},
  {0, 4, 2, 0},
  {0, 4, 2, 0},
  {0, 13, 0, 0},
  {0, 13, 0, 0},
  {0, 5, 0, 2},
  {0, 5, 0, 2},
  {0, 13, 0, 1},
  {0, 4, 0, 1},
  {0, 4, 2, 0},
  {0, 4, 2, 0},
  {0, 13, 0, 2},
  {0, 2, 3, 0},
  {0, 2, 0, 0},
  {0, 4, 0, 0},
  {0, 13, 0, 2},
  {0, 2, 3, 0},
  {0, 2, 0, 0},
  {0, 13, 0, 0},
  {0, 13, 0, 0},
  {0, 13, 0, 0},
  {0, 13, 0, 0},
  {0, 13, 0, 0},
  {0, 13, 0, 0},
  {0, 4, 2, 0},
  {0, 4, 2, 0},
  {0, 5, 0, 2},
  {0, 5, 0, 2},
  {0, 4, 2, 0},
  {0, 5, 0, 0},
  {0, 2, 0, 1},
  {0, 13, 0, 2},
  {0, 13, 0, 2},
  {0, 14, 0, 0},
  {0, 4, 2, 0},
  {0, 4, 2, 0},
  {0, 13, 0, 0},
  {0, 13, 0, 0},
  {0, 5, 0, 2},
  {0, 5, 0, 2},
  {0, 13, 0, 1},
  {0, 4, 0, 1},
  {0, 4, 2, 0},
  {0, 4, 2, 0},
  {0, 13, 0, 2},
  {0, 2, 3, 0},
  {0, 2, 0, 0},
  {0, 4, 0, 0},
  {0, 13, 0, 2},
  {0, 13, 0, 0},
  {0, 2, 3, 0},
  {0, 2, 0, 0},
  {0, 13, 0, 0},
  {0, 13, 0, 0},
  {0, 13, 0, 0},
  {0, 13, 0, 0},
  {0, 13, 0, 0},
  {0, 13, 0, 0},
  {0, 4, 2, 0},
  {0, 4, 2, 0},
  {0, 5, 0, 2},
  {0, 5, 0, 2},
  {0, 4, 2, 0},
  {0, 5, 0, 0},
  {0, 2, 0, 1},
  {0, 13, 0, 2},
  {0, 13, 0, 2},
  {0, 14, 0, 0},
  {0, 4, 2, 0},
  {0, 4, 2, 0},
  {0, 13, 0, 0},
  {0, 13, 0, 0},
  {0, 5, 0, 2},
  {0, 5, 0, 2},
  {0, 13, 0, 1},
  {0, 4, 0, 1},
  {0, 4, 2, 0},
  {0, 4, 2, 0},
  {0, 13, 0, 2},
  {0, 2, 3, 0},
  {0, 2, 0, 0},
  {0, 4, 0, 0},
  {0, 13, 0, 2},
  {0, 13, 0, 0},
  {0, 2, 3, 0},
  {0, 2, 0, 0},
  {0, 13, 0, 0},
  {0, 13, 0, 0},
  {0, 13, 0, 0},
  {0, 13, 0, 0},
  {0, 13, 0, 0},
  {0, 13, 0, 0},
  {0, 4, 2, 0},
  {0, 4, 2, 0},
  {0, 5, 0, 2},
  {0, 5, 0, 2},
  {0, 4, 2, 0},
  {0, 5, 0, 0},
  {0, 2, 0, 1},
  {0, 13, 0, 2},
  {0, 13, 0, 2},
  {0, 14, 0, 0},
  {0, 4, 2, 0},
  {0, 4, 2, 0},
  {0, 13, 0, 0},
  {0, 13, 0, 0},
  {0, 5, 0, 2},
  {0, 5, 0, 2},
  {0, 13, 0, 1},
  {0, 4, 0, 1},
  {0, 4, 2, 0},
  {0, 4, 2, 0},
  {0, 13, 0, 2},
  {0, 2, 3, 0},
  {0, 2, 0, 0},
  {0, 4, 0, 0},
  {0, 13, 0, 2},
  {0, 13, 0, 0},
  {0, 2, 3, 0},
  {0, 2, 0, 0},
  {0, 13, 0, 0},
  {0, 13, 0, 0},
  {0, 13, 0, 0},
  {0, 13, 0, 0},
  {0, 4, 2, 0},
  {0, 4, 2, 0},
  {0, 5, 0, 2},
  {0, 5, 0, 2},
  {0, 4, 2, 0},
  {0, 5, 0, 0},
  {0, 2, 0, 1},
  {0, 13, 0, 2},
  {0, 13, 0, 2},
  {0, 14, 0, 0},
  {0, 4, 2, 0},
  {0, 4, 2, 0},
  {0, 13, 0, 0},
  {0, 13, 0, 0},
  {0, 5, 0, 2},
  {0, 5, 0, 2},
  {0, 13, 0, 1},
  {0, 4, 0, 1},
  {0, 4, 2, 0},
  {0, 4, 2, 0},
  {0, 13, 0, 2},
  {0, 2, 3, 0},
  {0, 2, 0, 0},
  {0, 4, 0, 0},
  {0, 13, 0, 2},
  {0, 2, 3, 0},
  {0, 2, 0, 0},
  {0, 13, 0, 0},
  {0, 13, 0, 0},
  {0, 13, 0, 0},
  {0, 13, 0, 0},
  {0, 4, 2, 0},
  {0, 4, 2, 0},
  {0, 5, 0, 2},
  {0, 5, 0, 2},
  {0, 4, 2, 0},
  {0, 5, 0, 0},
  {0, 2, 0, 1},
  {0, 13, 0, 2},
  {0, 13, 0, 2},
  {0, 14, 0, 0},
  {0, 4, 2, 0},
  {0, 4, 2, 0},
  {0, 13, 0, 0},
  {0, 13, 0, 0},
  {0, 5, 0, 2},
  {0, 5, 0, 2},
  {0, 13, 0, 1},
  {0, 4, 0, 1},
  {0, 4, 2, 0},
  {0, 4, 2, 0},
  {0, 13, 0, 2},
  {0, 2, 3, 0},
  {0, 2, 0, 0},
  {0, 4, 0, 0},
  {0, 13, 0, 2},
  {0, 2, 3, 0},
  {0, 2, 0, 0},
  {0, 13, 0, 0},
  {0, 13, 0, 0},
  {0, 13, 0, 0},
  {0, 13, 0, 0},
  {0, 13, 0, 0},
  {0, 4, 2, 0},
  {0, 4, 2, 0},
  {0, 5, 0, 2},
  {0, 5, 0, 2},
  {0, 4, 2, 0},
  {0, 5, 0, 0},
  {0, 2, 0, 1},
  {0, 13, 0, 2},
  {0, 13, 0, 2},
  {0, 14, 0, 0},
  {0, 4, 2, 0},
  {0, 4, 2, 0},
  {0, 13, 0, 0},
  {0, 13, 0, 0},
  {0, 13, 0, 2},
  {0, 13, 0, 2},
  {0, 5, 0, 2},
  {0, 5, 0, 2},
  {0, 13, 0, 2},
  {0, 13, 0, 1},
  {0, 4, 0, 1},
  {0, 4, 2, 0},
  {0, 4, 2, 0},
  {0, 13, 0, 2},
  {0, 2, 3, 0},
  {0, 2, 0, 0},
  {0, 4, 0, 0},
  {0, 13, 0, 2},
  {0, 4, 0, 0},
  {0, 13, 0, 2},
  {0, 2, 3, 0},
  {0, 2, 0, 0},
  {0, 13, 0, 0},
  {0, 13, 0, 0},
  {0, 13, 0, 0},
  {0, 13, 0, 0},
  {0, 13, 0, 0},
  {0, 13, 0, 0},
  {0, 4, 2, 0},
  {0, 4, 2, 0},
  {0, 5, 0, 2},
  {0, 5, 0, 2},
  {0, 4, 2, 0},
  {0, 5, 0, 0},
  {0, 2, 0, 1},
  {0, 13, 0, 2},
  {0, 13, 0, 2},
  {0, 14, 0, 0},
  {0, 4, 2, 0},
  {0, 4, 2, 0},
  {0, 13, 0, 0},
  {0, 13, 0, 0},
  {0, 5, 0, 2},
  {0, 5, 0, 2},
  {0, 13, 0, 1},
  {0, 4, 0, 1},
  {0, 4, 2, 0},
  {0, 4, 2, 0},
  {0, 13, 0, 2},
  {0, 2, 3, 0},
  {0, 2, 0, 0},
  {0, 4, 0, 0},
  {0, 13, 0, 2},
  {0, 13, 0, 0},
  {0, 2, 3, 0},
  {0, 2, 0, 0},
  {0, 13, 0, 0},
  {0, 13, 0, 0},
  {0, 13, 0, 0},
  {0, 13, 0, 0},
  {0, 4, 2, 0},
  {0, 4, 2, 0},
  {0, 5, 0, 2},
  {0, 5, 0, 2},
  {0, 4, 2, 0},
  {0, 5, 0, 0},
  {0, 2, 0, 1},
  {0, 13, 0, 2},
  {0, 13, 0, 2},
  {0, 14, 0, 0},
  {0, 4, 2, 0},
  {0, 4, 2, 0},
  {0, 13, 0, 0},
  {0, 13, 0, 0},
  {0, 4, 0, 0},
  {0, 2, 0, 0},
  {0, 5, 0, 2},
  {0, 5, 0, 2},
  {0, 13, 0, 1},
  {0, 4, 0, 1},
  {0, 4, 2, 0},
  {0, 2, 0, 0},
  {0, 4, 2, 0},
  {0, 13, 0, 2},
  {0, 2, 3, 0},
  {0, 2, 0, 0},
  {0, 4, 0, 0},
  {0, 13, 0, 2},
  {0, 4, 0, 0},
  {0, 4, 0, 0},
  {0, 4, 0, 0},
  {0, 4, 0, 0},
  {0, 4, 0, 0},
  {0, 4, 0, 0},
  {0, 4, 0, 0},
  {0, 2, 0, 0},
  {1274, 4, 7, 4},
  {0, 4, 0, 0},
  {0, 2, 0, 1},
  {0, 4, 0, 0},
  {0, 4, 0, 0},
  {0, 2, 3, 0},
  {0, 2, 0, 0},
  {0, 4, 0, 0},
  {0, 13, 0, 0},
  {0, 13, 0, 0},
  {0, 13, 0, 0},
  {0, 13, 0, 0},
  {0, 4, 2, 0},
  {0, 4, 2, 0},
  {0, 5, 0, 2},
  {0, 5, 0, 2},
  {0, 4, 2, 0},
  {0, 5, 0, 0},
  {0, 2, 0, 1},
  {0, 13, 0, 2},
  {0, 13, 0, 2},
  {0, 14, 0, 0},
  {0, 4, 2, 0},
  {0, 4, 2, 0},
  {0, 13, 0, 0},
  {0, 13, 0, 0},
  {0, 5, 0, 2},
  {0, 5, 0, 2},
  {0, 13, 0, 1},
  {0, 4, 0, 1},
  {0, 4, 2, 0},
  {0, 4, 2, 0},
  {0, 13, 0, 2},
  {0, 2, 3, 0},
  {0, 2, 0, 0},
  {0, 4, 0, 0},
  {0, 13, 0, 2},
  {0, 2, 0, 0},
  {0, 2, 0, 0},
  {0, 2, 3, 0},
  {0, 2, 0, 0},
  {0, 13, 0, 0},
  {0, 13, 0, 0},
  {0, 13, 0, 0},
  {0, 13, 0, 0},
  {0, 4, 2, 0},
  {0, 4, 2, 0},
  {0, 5, 0, 2},
  {0, 5, 0, 2},
  {0, 4, 2, 0},
  {0, 5, 0, 0},
  {0, 2, 0, 1},
  {0, 13, 0, 2},
  {0, 13, 0, 2},
  {0, 14, 0, 0},
  {0, 4, 2, 0},
  {0, 4, 2, 0},
  {0, 13, 0, 0},
  {0, 13, 0, 0},
  {0, 5, 0, 2},
  {0, 5, 0, 2},
  {0, 13, 0, 1},
  {0, 4, 0, 1},
  {0, 4, 2, 0},
  {0, 4, 2, 0},
  {0, 13, 0, 2},
  {0, 2, 3, 0},
  {0, 2, 0, 0},
  {0, 4, 0, 0},
  {0, 13, 0, 2},
  {0, 2, 3, 0},
  {0, 2, 0, 0},
  {0, 13, 0, 0},
  {0, 13, 0, 0},
  {0, 13, 0, 0},
  {0, 13, 0, 0},
  {0, 4, 2, 0},
  {0, 4, 2, 0},
  {0, 5, 0, 2},
  {0, 5, 0, 2},
  {0, 4, 2, 0},
  {0, 5, 0, 0},
  {0, 2, 0, 1},
  {0, 13, 0, 2},
  {0, 4, 0, 1},
  {0, 13, 0, 2},
  {0, 14, 0, 0},
  {0, 4, 2, 0},
  {0, 4, 2, 0},
  {0, 13, 0, 0},
  {0, 13, 0, 0},
  {0, 5, 0, 2},
  {0, 5, 0, 2},
  {0, 13, 0, 2},
  {0, 13, 0, 1},
  {0, 4, 0, 1},
  {0, 2, 0, 1},
  {0, 4, 2, 0},
  {0, 2, 0, 0},
  {0, 2, 0, 1},
  {0, 4, 2, 0},
  {0, 13, 0, 2},
  {0, 2, 3, 0},
  {0, 2, 0, 0},
  {0, 4, 0, 0},
  {0, 13, 0, 2},
  {0, 4, 0, 0},
  {0, 4, 0, 0},
  {0, 4, 0, 1},
  {0, 4, 0, 2},
  {0, 4, 0, 0},
  {0, 4, 0, 0},
  {0, 4, 0, 2},
  {0, 4, 0, 0},
  {0, 4, 0, 1},
  {0, 4, 0, 0},
  {0, 2, 3, 0},
  {0, 2, 0, 0},
  {0, 4, 0, 2},
  {0, 4, 0, 0},
  {0, 4, 0, 0},
  {0, 13, 0, 0},
  {0, 13, 0, 0},
  {0, 13, 0, 0},
  {0, 13, 0, 0},
  {0, 4, 2, 0},
  {0, 4, 2, 0},
  {0, 5, 0, 2},
  {0, 5, 0, 2},
  {0, 4, 2, 0},
  {0, 5, 0, 0},
  {0, 2, 0, 1},
  {0, 13, 0, 2},
  {0, 13, 0, 2},
  {0, 14, 0, 0},
  {0, 4, 2, 0},
  {0, 4, 2, 0},
  {0, 13, 0, 0},
  {0, 13, 0, 0},
  {0, 2, 0, 0},
  {0, 5, 0, 2},
  {0, 5, 0, 2},
  {0, 13, 0, 1},
  {0, 4, 0, 1},
  {0, 4, 2, 0},
  {0, 4, 2, 0},
  {0, 13, 0, 2},
  {0, 2, 0, 0},
  {0, 2, 0, 0},
  {0, 2, 0, 0},
  {0, 2, 0, 0},
  {0, 2, 0, 0},
  {0, 2, 0, 1},
  {0, 2, 3, 0},
  {0, 2, 0, 0},
  {0, 4, 0, 0},
  {0, 13, 0, 2},
  {0, 2, 0, 0},
  {0, 2, 13, 0},
  {0, 2, 0, 0},
  {0, 2, 13, 0},
  {0, 2, 0, 0},
  {0, 2, 0, 1},
  {0, 2, 13, 0},
  {0, 2, 13, 0},
  {0, 2, 13, 0},
  {0, 2, 13, 0},
  {0, 2, 13, 0},
  {0, 2, 0, 0},
  {0, 2, 13, 0},
  {0, 2, 0, 0},
  {0, 2, 3, 0},
  {0, 2, 0, 0},
  {0, 2, 13, 0},
  {0, 2, 0, 0},
  {0, 13, 0, 0},
  {0, 13, 0, 0},
  {0, 13, 0, 0},
  {0, 13, 0, 0},
  {0, 4, 2, 0},
  {0, 4, 2, 0},
  {0, 5, 0, 2},
  {0, 5, 0, 2},
  {0, 4, 2, 0},
  {0, 5, 0, 0},
  {0, 2, 0, 1},
  {0, 13, 0, 2},
  {0, 13, 0, 2},
  {0, 14, 0, 0},
  {0, 4, 2, 0},
  {0, 4, 2, 0},
  {0, 13, 0, 0},
  {0, 13, 0, 0},
  {0, 5, 0, 2},
  {0, 5, 0, 2},
  {0, 13, 0, 1},
  {0, 4, 0, 1},
  {0, 4, 2, 0},
  {0, 4, 2, 0},
  {0, 13, 0, 2},
  {0, 2, 3, 0},
  {0, 2, 0, 0},
  {0, 4, 0, 0},
  {0, 13, 0, 2},
  {0, 2, 0, 0},
  {0, 4, 0, 1},
  {0, 2, 3, 0},
  {0, 2, 0, 0},
  {0, 13, 0, 0},
  {0, 13, 0, 0},
  {0, 13, 0, 0},
  {0, 13, 0, 0},
  {0, 4, 2, 0},
  {0, 4, 2, 0},
  {0, 5, 0, 2},
  {0, 5, 0, 2},
  {0, 4, 2, 0},
  {0, 5, 0, 0},
  {0, 2, 0, 1},
  {0, 13, 0, 2},
  {0, 13, 0, 2},
  {0, 14, 0, 0},
  {0, 4, 2, 0},
  {0, 4, 2, 0},
  {0, 13, 0, 0},
  {0, 13, 0, 0},
  {0, 5, 0, 2},
  {0, 5, 0, 2},
  {0, 13, 0, 1},
  {0, 4, 0, 1},
  {0, 2, 0, 0},
  {0, 2, 0, 0},
  {0, 2, 14, 2},
  {1612, 2, 0, 4},
  {0, 4, 2, 0},
  {1612, 2, 0, 4},
  {0, 4, 2, 0},
  {0, 13, 0, 2},
  {0, 2, 3, 0},
  {0, 2, 0, 0},
  {0, 4, 0, 0},
  {0, 13, 0, 2},
  {0, 2, 0, 0},
  {0, 2, 14, 2},
  {1625, 10, 1, 4},
  {1612, 2, 0, 4},
  {1632, 2, 0, 4},
  {1642, 2, 0, 4},
  {1650, 2, 0, 4},
  {1612, 2, 0, 4},
  {1658, 5, 15, 3},
  {0, 2, 3, 0},
  {0, 2, 0, 0},
  {0, 13, 0, 0},
  {0, 13, 0, 0},
  {0, 13, 0, 0},
  {0, 13, 0, 0},
  {0, 4, 2, 0},
  {0, 4, 2, 0},
  {0, 5, 0, 2},
  {0, 5, 0, 2},
  {0, 4, 2, 0},
  {0, 5, 0, 0},
  {0, 10, 1, 0},
  {0, 2, 0, 1},
  {0, 13, 0, 2},
  {0, 13, 0, 2},
  {0, 14, 0, 0},
  {0, 4, 2, 0},
  {0, 4, 2, 0},
  {0, 13, 0, 0},
  {0, 13, 0, 0},
  {0, 5, 0, 2},
  {0, 5, 0, 2},
  {0, 13, 0, 1},
  {0, 4, 0, 1},
  {0, 2, 0, 0},
  {0, 4, 0, 1},
  {0, 4, 2, 0},
  {0, 4, 2, 0},
  {0, 13, 0, 2},
  {0, 2, 3, 0},
  {0, 2, 0, 0},
  {0, 4, 0, 0},
  {0, 13, 0, 2},
  {0, 2, 0, 0},
  {0, 4, 0, 1},
  {0, 2, 3, 0},
  {0, 2, 0, 0},
  {1612, 2, 3, 4},
  {0, 13, 0, 0},
  {0, 13, 0, 0},
  {0, 13, 0, 0},
  {0, 13, 0, 0},
  {0, 4, 2, 0},
  {0, 4, 2, 0},
  {0, 5, 0, 2},
  {0, 5, 0, 2},
  {0, 4, 2, 0},
  {0, 5, 0, 0},
  {0, 2, 0, 1},
  {0, 13, 0, 2},
  {0, 13, 0, 2},
  {0, 14, 0, 0},
  {0, 4, 2, 0},
  {0, 4, 2, 0},
  {0, 13, 0, 0},
  {0, 13, 0, 0},
  {0, 5, 0, 2},
  {0, 5, 0, 2},
  {0, 13, 0, 1},
  {0, 4, 0, 1},
  {0, 4, 2, 0},
  {0, 4, 2, 0},
  {0, 13, 0, 2},
  {0, 2, 3, 0},
  {0, 2, 0, 0},
  {0, 4, 0, 0},
  {0, 13, 0, 2},
  {0, 3, 0, 0},
  {0, 3, 0, 0},
  {0, 3, 0, 0},
  {0, 3, 0, 0},
  {0, 3, 0, 0},
  {0, 3, 0, 0},
  {0, 3, 0, 0},
  {0, 3, 0, 0},
  {0, 3, 0, 0},
  {0, 3, 0, 0},
  {0, 3, 0, 0},
  {0, 3, 0, 0},
  {0, 3, 0, 0},
  {0, 3, 0, 0},
  {0, 3, 0, 0},
  {0, 3, 0, 0},
  {0, 3, 0, 0},
  {0, 2, 0, 0},
  {0, 3, 0, 0},
  {0, 3, 0, 0},
  {0, 3, 0, 0},
  {0, 3, 0, 0},
  {0, 3, 0, 0},
  {0, 2, 3, 0},
  {0, 2, 0, 0},
  {0, 3, 0, 0},
  {0, 3, 0, 0},
  {0, 3, 0, 0},
  {0, 13, 0, 0},
  {0, 13, 0, 0},
  {0, 13, 0, 0},
  {0, 13, 0, 0},
  {0, 4, 2, 0},
  {0, 4, 2, 0},
  {0, 5, 0, 2},
  {0, 5, 0, 2},
  {0, 4, 2, 0},
  {0, 5, 0, 0},
  {0, 2, 0, 1},
  {0, 13, 0, 2},
  {0, 13, 0, 2},
  {0, 14, 0, 0},
  {0, 4, 2, 0},
  {0, 4, 2, 0},
  {0, 13, 0, 0},
  {0, 13, 0, 0},
  {0, 5, 0, 2},
  {0, 5, 0, 2},
  {0, 13, 0, 1},
  {0, 4, 0, 1},
  {0, 4, 2, 0},
  {0, 4, 2, 0},
  {0, 13, 0, 2},
  {0, 2, 3, 0},
  {0, 2, 0, 0},
  {0, 4, 0, 0},
  {0, 13, 0, 2},
  {0, 2, 0, 0},
  {0, 2, 3, 0},
  {0, 2, 0, 0},
  {0, 13, 0, 0},
  {0, 13, 0, 0},
  {0, 13, 0, 0},
  {0, 13, 0, 0},
  {0, 4, 2, 0},
  {0, 4, 2, 0},
  {0, 5, 0, 2},
  {0, 5, 0, 2},
  {0, 4, 2, 0},
  {0, 5, 0, 0},
  {0, 2, 0, 1},
  {0, 13, 0, 2},
  {0, 13, 0, 2},
  {0, 14, 0, 0},
  {0, 4, 2, 0},
  {0, 4, 2, 0},
  {0, 13, 0, 0},
  {0, 13, 0, 0},
  {0, 5, 0, 2},
  {0, 5, 0, 2},
  {0, 13, 0, 1},
  {0, 4, 0, 1},
  {0, 4, 2, 0},
  {0, 4, 2, 0},
  {0, 13, 0, 2},
  {0, 2, 3, 0},
  {0, 2, 0, 0},
  {0, 4, 0, 0},
  {0, 13, 0, 2},
  {0, 2, 3, 0},
  {0, 2, 0, 0},
  {0, 13, 0, 0},
  {0, 13, 0, 0},
  {0, 13, 0, 0},
  {0, 13, 0, 0},
  {0, 4, 2, 0},
  {0, 4, 2, 0},
  {0, 5, 0, 2},
  {0, 5, 0, 2},
  {0, 4, 2, 0},
  {0, 5, 0, 0},
  {0, 2, 0, 1},
  {0, 13, 0, 2},
  {0, 13, 0, 2},
  {0, 14, 0, 0},
  {0, 4, 2, 0},
  {0, 4, 2, 0},
  {0, 13, 0, 0},
  {0, 13, 0, 0},
  {0, 5, 0, 2},
  {0, 5, 0, 2},
  {0, 13, 0, 1},
  {0, 4, 0, 1},
  {0, 4, 2, 0},
  {0, 4, 2, 0},
  {0, 13, 0, 2},
  {0, 2, 3, 0},
  {0, 2, 0, 0},
  {0, 4, 0, 0},
  {0, 13, 0, 2},
  {0, 4, 0, 0},
  {0, 4, 0, 0},
  {0, 2, 3, 0},
  {0, 2, 0, 0},
  {0, 4, 0, 0},
  {0, 4, 0, 0},
  {0, 13, 0, 0},
  {0, 13, 0, 0},
  {0, 13, 0, 0},
  {0, 13, 0, 0},
  {0, 4, 2, 0},
  {0, 4, 2, 0},
  {0, 4, 0, 0},
  {0, 5, 0, 2},
  {0, 5, 0, 2},
  {0, 4, 0, 0},
  {2023, 4, 7, 4},
  {2032, 10, 1, 4},
  {0, 2, 0, 0},
  {0, 2, 0, 0},
  {2032, 10, 1, 4},
  {0, 4, 2, 0},
  {0, 5, 0, 0},
  {0, 4, 0, 0},
  {0, 2, 0, 0},
  {0, 2, 0, 1},
  {0, 13, 0, 2},
  {0, 13, 0, 2},
  {0, 14, 0, 0},
  {0, 4, 2, 0},
  {0, 4, 2, 0},
  {0, 13, 0, 0},
  {0, 13, 0, 0},
  {0, 4, 0, 0},
  {861, 10, 1, 4},
  {0, 4, 0, 0},
  {0, 4, 0, 0},
  {861, 10, 1, 4},
  {0, 5, 0, 2},
  {0, 5, 0, 2},
  {0, 13, 0, 1},
  {0, 4, 0, 1},
  {0, 4, 2, 0},
  {0, 4, 2, 0},
  {0, 13, 0, 2},
  {0, 2, 3, 0},
  {0, 2, 0, 0},
  {0, 4, 0, 0},
  {0, 13, 0, 2},
  {1612, 2, 5, 4},
  {0, 2, 3, 0},
  {0, 2, 0, 0},
  {0, 13, 0, 0},
  {0, 13, 0, 0},
  {0, 13, 0, 0},
  {0, 13, 0, 0},
  {0, 4, 2, 0},
  {0, 4, 2, 0},
  {0, 5, 0, 2},
  {0, 5, 0, 2},
  {0, 2, 0, 0},
  {0, 2, 0, 0},
  {0, 2, 0, 0},
  {0, 2, 0, 0},
  {0, 4, 2, 0},
  {0, 5, 0, 0},
  {0, 2, 0, 1},
  {0, 13, 0, 2},
  {0, 2, 0, 0},
  {0, 2, 0, 0},
  {0, 2, 0, 0},
  {0, 2, 0, 0},
  {0, 2, 0, 0},
  {0, 2, 0, 0},
  {0, 2, 0, 0},
  {0, 2, 0, 0},
  {0, 2, 0, 0},
  {0, 2, 0, 0},
  {0, 13, 0, 2},
  {0, 14, 0, 0},
  {0, 4, 2, 0},
  {0, 4, 2, 0},
  {0, 13, 0, 0},
  {0, 13, 0, 0},
  {0, 2, 0, 0},
  {0, 2, 0, 0},
  {0, 2, 0, 0},
  {0, 2, 0, 0},
  {0, 2, 0, 0},
  {0, 2, 0, 0},
  {0, 2, 0, 0},
  {0, 2, 0, 0},
  {0, 5, 0, 2},
  {0, 5, 0, 2},
  {0, 2, 0, 0},
  {0, 2, 0, 0},
  {0, 2, 0, 1},
  {0, 13, 0, 1},
  {0, 4, 0, 1},
  {0, 2, 0, 0},
  {0, 2, 0, 0},
  {0, 2, 0, 0},
  {0, 2, 0, 0},
  {0, 2, 0, 0},
  {0, 4, 2, 0},
  {0, 4, 2, 0},
  {0, 13, 0, 2},
  {0, 2, 3, 0},
  {0, 2, 0, 0},
  {0, 4, 0, 0},
  {0, 13, 0, 2},
  {0, 2, 0, 0},
  {0, 2, 0, 0},
  {0, 4, 0, 0},
  {0, 2, 0, 0},
  {0, 2, 0, 0},
  {0, 2, 0, 0},
  {0, 2, 0, 1},
  {0, 2, 3, 0},
  {0, 2, 0, 0},
  {0, 13, 0, 0},
  {0, 13, 0, 0},
  {0, 13, 0, 0},
  {0, 13, 0, 0},
  {0, 4, 2, 0},
  {0, 4, 2, 0},
  {0, 5, 0, 2},
  {0, 5, 0, 2},
  {0, 4, 2, 0},
  {0, 5, 0, 0},
  {0, 2, 0, 1},
  {0, 13, 0, 2},
  {0, 13, 0, 2},
  {0, 14, 0, 0},
  {0, 4, 2, 0},
  {0, 4, 2, 0},
  {0, 13, 0, 0},
  {0, 13, 0, 0},
  {0, 5, 0, 2},
  {0, 5, 0, 2},
  {0, 13, 0, 1},
  {0, 4, 0, 1},
  {0, 4, 2, 0},
  {0, 4, 2, 0},
  {0, 13, 0, 2},
  {0, 2, 3, 0},
  {0, 2, 0, 0},
  {0, 4, 0, 0},
  {0, 13, 0, 2},
  {0, 30, 0, 0},
  {0, 4, 0, 0},
  {0, 30, 0, 0},
  {0, 2, 0, 0},
  {0, 2, 0, 0},
  {0, 4, 0, 0},
  {0, 30, 0, 0},
  {0, 2, 0, 0},
  {0, 2, 0, 0},
  {0, 2, 0, 0},
  {0, 2, 0, 0},
  {0, 6, 0, 0},
  {0, 2, 0, 0},
  {0, 30, 0, 0},
  {0, 2, 0, 0},
  {0, 2, 0, 0},
  {0, 30, 0, 0},
  {0, 2, 0, 0},
  {0, 2, 0, 0},
  {0, 4, 0, 0},
  {0, 2, 0, 1},
  {0, 30, 0, 0},
  {0, 2, 0, 0},
  {0, 2, 0, 0},
  {0, 2, 0, 0},
  {0, 30, 0, 0},
  {0, 2, 0, 0},
  {0, 2, 0, 0},
  {0, 2, 0, 0},
  {0, 4, 0, 0},
  {0, 10, 1, 0},
  {0, 30, 0, 0},
  {0, 2, 0, 0},
  {0, 2, 0, 0},
  {0, 2, 0, 0},
  {0, 2, 0, 0},
  {0, 4, 0, 0},
  {0, 10, 1, 0},
  {0, 30, 0, 0},
  {0, 6, 0, 0},
  {0, 30, 0, 0},
  {0, 2, 0, 0},
  {0, 2, 0, 0},
  {0, 4, 0, 0},
  {0, 10, 1, 0},
  {0, 10, 1, 0},
  {0, 30, 0, 0},
  {0, 4, 0, 0},
  {0, 2, 0, 0},
  {0, 30, 0, 0},
  {0, 4, 0, 0},
  {0, 30, 0, 0},
  {0, 4, 0, 0},
  {0, 6, 0, 0},
  {0, 30, 0, 0},
  {0, 2, 0, 0},
  {0, 2, 0, 0},
  {0, 2, 0, 0},
  {0, 4, 0, 0},
  {0, 4, 0, 0},
  {0, 10, 1, 0},
  {0, 30, 0, 0},
  {0, 4, 0, 0},
  {0, 30, 0, 0},
  {0, 2, 0, 0},
  {0, 2, 0, 0},
  {0, 2, 0, 0},
  {0, 2, 0, 0},
  {0, 2, 0, 0},
  {0, 30, 0, 0},
  {0, 4, 0, 0},
  {0, 4, 0, 1},
  {0, 30, 0, 0},
  {0, 6, 0, 0},
  {0, 30, 0, 0},
  {0, 2, 0, 0},
  {0, 2, 0, 0},
  {0, 2, 0, 0},
  {0, 2, 0, 0},
  {0, 2, 0, 0},
  {0, 2, 0, 0},
  {0, 30, 0, 0},
  {0, 4, 0, 0},
  {0, 4, 0, 1},
  {0, 30, 0, 0},
  {0, 4, 0, 0},
  {0, 2, 0, 0},
  {0, 2, 0, 0},
  {0, 2, 0, 0},
  {0, 30, 0, 0},
  {0, 2, 0, 0},
  {0, 2, 0, 0},
  {0, 2, 0, 0},
  {0, 2, 0, 0},
  {0, 6, 0, 0},
  {0, 2, 0, 0},
  {0, 30, 0, 0},
  {0, 2, 0, 0},
  {0, 2, 0, 0},
  {0, 2, 0, 0},
  {0, 4, 0, 0},
  {0, 2, 0, 0},
  {0, 30, 0, 0},
  {0, 4, 0, 0},
  {0, 6, 0, 0},
  {0, 2, 0, 1},
  {0, 30, 0, 0},
  {0, 2, 0, 0},
  {0, 2, 0, 0},
  {0, 2, 0, 0},
  {0, 30, 0, 0},
  {0, 2, 0, 0},
  {0, 2, 0, 0},
  {0, 2, 0, 0},
  {0, 2, 0, 0},
  {0, 30, 0, 0},
  {0, 2, 0, 0},
  {0, 2, 0, 0},
  {0, 4, 0, 0},
  {0, 10, 1, 0},
  {0, 10, 1, 0},
  {0, 30, 0, 0},
  {0, 2, 0, 0},
  {0, 2, 0, 0},
  {0, 2, 0, 0},
  {0, 2, 0, 0},
  {0, 2, 0, 0},
  {0, 2, 0, 0},
  {0, 30, 0, 0},
  {0, 2, 0, 0},
  {0, 2, 3, 0},
  {0, 2, 0, 0},
  {0, 30, 0, 0},
  {0, 2, 0, 0},
  {0, 2, 0, 0},
  {0, 2, 0, 0},
  {0, 2, 0, 0},
  {0, 2, 0, 0},
  {0, 10, 1, 0},
  {0, 30, 0, 0},
  {0, 2, 0, 0},
  {0, 2, 0, 0},
  {0, 2, 0, 0},
  {0, 4, 0, 0},
  {0, 10, 1, 0},
  {0, 30, 0, 0},
  {0, 4, 0, 0},
  {0, 4, 0, 1},
  {0, 30, 0, 0},
  {0, 2, 0, 0},
  {0, 2, 0, 0},
  {0, 6, 0, 0},
  {0, 6, 0, 0},
  {0, 30, 0, 0},
  {0, 2, 0, 0},
  {0, 2, 0, 0},
  {0, 6, 0, 0},
  {0, 6, 0, 0},
  {0, 10, 1, 0},
  {0, 30, 0, 0},
  {0, 2, 0, 0},
  {0, 6, 0, 0},
  {0, 2, 0, 0},
  {0, 30, 0, 0},
  {0, 2, 0, 0},
  {0, 4, 0, 0},
  {0, 2, 0, 1},
  {0, 30, 0, 0},
  {0, 2, 0, 0},
  {0, 2, 0, 0},
  {0, 4, 0, 0},
  {0, 2, 0, 1},
  {0, 30, 0, 0},
  {0, 4, 0, 0},
  {0, 30, 0, 0},
  {0, 2, 0, 0},
  {0, 2, 0, 0},
  {0, 2, 0, 0},
  {0, 2, 0, 0},
  {0, 4, 0, 0},
  {0, 30, 0, 0},
  {0, 4, 0, 0},
  {0, 30, 0, 0},
  {0, 2, 0, 0},
  {0, 2, 0, 0},
  {0, 10, 1, 0},
  {0, 10, 1, 0},
  {0, 30, 0, 0},
  {0, 2, 0, 0},
  {0, 2, 0, 0},
  {0, 2, 0, 0},
  {0, 30, 0, 0},
  {0, 2, 0, 0},
  {0, 2, 0, 0},
  {0, 2, 0, 0},
  {0, 2, 0, 0},
  {0, 4, 0, 0},
  {0, 2, 0, 1},
  {0, 13, 0, 0},
  {0, 13, 0, 0},
  {0, 13, 0, 0},
  {0, 13, 0, 0},
  {0, 4, 0, 0},
  {0, 4, 0, 1},
  {0, 4, 2, 0},
  {0, 4, 2, 0},
  {0, 2, 0, 0},
  {0, 2, 0, 0},
  {0, 2, 0, 0},
  {0, 2, 0, 0},
  {0, 5, 0, 2},
  {0, 5, 0, 2},
  {0, 4, 2, 0},
  {0, 5, 0, 0},
  {0, 30, 0, 0},
  {0, 4, 0, 0},
  {0, 2, 0, 1},
  {0, 13, 0, 2},
  {0, 4, 0, 0},
  {0, 13, 0, 2},
  {0, 2, 0, 0},
  {0, 14, 0, 0},
  {0, 4, 2, 0},
  {0, 4, 2, 0},
  {0, 13, 0, 0},
  {0, 13, 0, 0},
  {0, 2, 0, 0},
  {0, 10, 1, 0},
  {0, 2, 0, 0},
  {0, 5, 0, 2},
  {0, 5, 0, 2},
  {0, 13, 0, 1},
  {0, 4, 0, 1},
  {0, 4, 2, 0},
  {0, 4, 2, 0},
  {0, 13, 0, 2},
  {0, 10, 1, 0},
  {0, 2, 3, 0},
  {0, 2, 0, 0},
  {0, 4, 0, 0},
  {0, 13, 0, 2},
  {0, 2, 3, 0},
  {0, 2, 0, 0},
  {0, 13, 0, 0},
  {0, 13, 0, 0},
  {0, 13, 0, 0},
  {0, 13, 0, 0},
  {0, 4, 2, 0},
  {0, 4, 2, 0},
  {0, 2, 0, 0},
  {0, 2, 0, 0},
  {0, 2, 0, 0},
  {0, 2, 0, 0},
  {0, 5, 0, 2},
  {0, 5, 0, 2},
  {0, 4, 2, 0},
  {0, 5, 0, 0},
  {0, 30, 0, 0},
  {0, 2, 0, 1},
  {0, 13, 0, 2},
  {0, 4, 0, 0},
  {0, 13, 0, 2},
  {0, 14, 0, 0},
  {0, 4, 2, 0},
  {0, 4, 2, 0},
  {0, 13, 0, 0},
  {0, 13, 0, 0},
  {0, 5, 0, 2},
  {0, 5, 0, 2},
  {0, 13, 0, 1},
  {0, 4, 0, 1},
  {0, 4, 2, 0},
  {0, 2, 0, 0},
  {0, 4, 2, 0},
  {0, 13, 0, 2},
  {0, 2, 3, 0},
  {0, 2, 0, 0},
  {0, 4, 0, 0},
  {0, 13, 0, 2},
  {0, 4, 0, 0},
  {0, 2, 3, 0},
  {0, 2, 0, 0},
};

const TiBuiltinMethod ti_builtin_methods[] = {
  {8, 1, 1, 0, 1, 10, 0, 1, 0, 0, 1},
  {11, 29, 31, 1, 1, 2, 0, 0, 0, 0, 1},
  {15, 61, 51, 2, 1, 10, 0, 1, 0, 0, 1},
  {18, 89, 79, 3, 1, 10, 0, 1, 0, 0, 1},
  {22, 118, 0, 4, 0, 2, 0, 0, 0, 0, 1},
  {29, 140, 0, 4, 2, 5, 0, 0, 0, 0, 1},
  {42, 217, 0, 6, 1, 12, 0, 0, 0, 0, 1},
  {56, 255, 0, 7, 1, 12, 0, 0, 0, 0, 1},
  {68, 291, 0, 8, 0, 10, 0, 1, 0, 0, 1},
  {81, 316, 99, 8, 0, 4, 0, 0, 0, 0, 1},
  {87, 336, 0, 8, 0, 10, 0, 1, 0, 0, 1},
  {94, 355, 0, 8, 1, 10, 0, 1, 0, 0, 1},
  {109, 402, 0, 9, 1, 13, 0, 0, 0, 0, 1},
  {119, 438, 119, 10, 0, 1, 0, 0, 0, 0, 1},
  {123, 454, 0, 10, 1, 12, 0, 0, 0, 0, 1},
  {128, 485, 0, 11, 1, 12, 0, 0, 0, 0, 1},
  {135, 519, 0, 12, 1, 12, 0, 0, 0, 0, 1},
  {143, 554, 136, 13, 0, 4, 0, 0, 0, 0, 1},
  {151, 576, 0, 13, 0, 1, 0, 0, 0, 1, 1},
  {165, 626, 0, 13, 1, 10, 0, 1, 0, 0, 1},
  {178, 662, 0, 14, 1, 13, 0, 0, 0, 0, 1},
  {200, 719, 0, 15, 2, 13, 0, 0, 0, 0, 1},
  {222, 791, 0, 17, 0, 6, 5, 0, 0, 0, 1},
  {241, 831, 179, 17, 1, 10, 0, 1, 0, 0, 1},
  {247, 872, 0, 18, 0, 12, 0, 0, 0, 12, 1},
  {252, 915, 0, 18, 0, 6, 5, 0, 0, 0, 1},
  {260, 944, 226, 18, 0, 10, 0, 1, 0, 0, 1},
  {265, 961, 0, 18, 0, 2, 0, 0, 0, 0, 1},
  {275, 986, 0, 18, 1, 12, 0, 0, 0, 0, 1},
  {283, 1018, 0, 19, 1, 12, 0, 0, 0, 0, 1},
  {290, 1049, 0, 20, 2, 13, 0, 0, 0, 0, 1},
  {296, 1101, 0, 22, 0, 10, 0, 1, 0, 0, 1},
  {307, 1124, 0, 22, 1, 10, 0, 1, 0, 0, 1},
  {319, 1168, 0, 23, 2, 13, 0, 0, 0, 0, 1},
  {324, 1223, 0, 25, 1, 2, 0, 0, 0, 0, 1},
  {330, 1268, 0, 26, 1, 2, 0, 0, 0, 0, 1},
  {339, 1312, 0, 27, 2, 4, 0, 0, 0, 0, 1},
  {347, 1367, 239, 29, 0, 4, 0, 0, 0, 0, 1},
  {352, 1386, 0, 29, 0, 6, 14, 0, 0, 0, 1},
  {252, 915, 268, 29, 0, 6, 5, 0, 0, 0, 1},
  {324, 1416, 0, 29, 1, 2, 0, 0, 0, 0, 1},
  {330, 1452, 0, 30, 1, 2, 0, 0, 0, 0, 1},
  {8, 1, 1, 31, 1, 10, 0, 1, 0, 0, 1},
  {370, 1483, 291, 32, 1, 2, 0, 3, 0, 0, 2},
  {372, 1531, 308, 33, 1, 2, 0, 0, 0, 0, 2},
  {374, 1561, 338, 34, 1, 2, 0, 3, 0, 0, 2},
  {376, 1609, 361, 35, 1, 2, 0, 0, 0, 0, 2},
  {379, 1648, 377, 36, 1, 2, 0, 3, 0, 0, 2},
  {381, 1696, 394, 37, 0, 2, 0, 0, 0, 0, 2},
  {384, 1714, 428, 37, 1, 2, 0, 3, 0, 0, 2},
  {386, 1762, 448, 38, 0, 2, 0, 0, 0, 0, 2},
  {389, 1780, 483, 38, 1, 2, 0, 3, 0, 0, 2},
  {391, 1828, 500, 39, 1, 10, 0, 1, 0, 0, 2},
  {393, 1863, 529, 40, 1, 2, 0, 0, 0, 0, 2},
  {396, 1894, 552, 41, 1, 10, 0, 1, 0, 0, 2},
  {11, 1930, 590, 42, 1, 2, 0, 0, 0, 0, 2},
  {15, 61, 51, 43, 1, 10, 0, 1, 0, 0, 2},
  {18, 89, 79, 44, 1, 10, 0, 1, 0, 0, 1},
  {399, 1972, 677, 45, 1, 10, 0, 1, 0, 0, 2},
  {401, 2007, 709, 46, 1, 10, 0, 1, 0, 0, 2},
  {404, 2043, 750, 47, 1, 2, 0, 0, 0, 0, 2},
  {407, 2074, 774, 48, 1, 2, 0, 0, 0, 0, 2},
  {410, 2105, 810, 49, 1, 2, 0, 0, 0, 0, 2},
  {22, 118, 0, 50, 0, 2, 0, 0, 0, 0, 1},
  {412, 2135, 840, 50, 0, 2, 0, 0, 0, 0, 2},
  {29, 140, 0, 50, 2, 5, 0, 0, 0, 0, 1},
  {42, 217, 0, 52, 1, 12, 0, 0, 0, 0, 1},
  {56, 255, 0, 53, 1, 12, 0, 0, 0, 0, 1},
  {68, 291, 0, 54, 0, 10, 0, 1, 0, 0, 1},
  {416, 2154, 859, 54, 0, 4, 0, 0, 0, 0, 2},
  {81, 316, 99, 54, 0, 4, 0, 0, 0, 0, 1},
  {87, 336, 0, 54, 0, 10, 0, 1, 0, 0, 1},
  {94, 355, 0, 54, 1, 10, 0, 1, 0, 0, 1},
  {109, 402, 0, 55, 1, 13, 0, 0, 0, 0, 1},
  {420, 2172, 922, 56, 1, 2, 0, 0, 0, 2, 2},
  {119, 438, 119, 57, 0, 2, 0, 0, 0, 0, 1},
  {123, 454, 0, 57, 1, 12, 0, 0, 0, 0, 1},
  {128, 485, 0, 58, 1, 12, 0, 0, 0, 0, 1},
  {135, 519, 0, 59, 1, 12, 0, 0, 0, 0, 1},
  {143, 554, 136, 60, 0, 4, 0, 0, 0, 0, 1},
  {151, 576, 0, 60, 0, 1, 0, 0, 0, 2, 1},
  {165, 626, 0, 60, 1, 10, 0, 1, 0, 0, 1},
  {178, 662, 0, 61, 1, 13, 0, 0, 0, 0, 1},
  {200, 719, 0, 62, 2, 13, 0, 0, 0, 0, 1},
  {222, 791, 0, 64, 0, 6, 5, 0, 0, 0, 1},
  {241, 831, 179, 64, 1, 10, 0, 1, 0, 0, 1},
  {247, 872, 0, 65, 0, 12, 0, 0, 0, 12, 1},
  {252, 915, 0, 65, 0, 6, 5, 0, 0, 0, 1},
  {260, 944, 226, 65, 0, 10, 0, 1, 0, 0, 1},
  {265, 961, 0, 65, 0, 2, 0, 0, 0, 0, 1},
  {275, 986, 0, 65, 1, 12, 0, 0, 0, 0, 1},
  {283, 1018, 0, 66, 1, 12, 0, 0, 0, 0, 1},
  {290, 1049, 0, 67, 2, 13, 0, 0, 0, 0, 1},
  {296, 1101, 0, 69, 0, 10, 0, 1, 0, 0, 1},
  {307, 1124, 0, 69, 1, 10, 0, 1, 0, 0, 1},
  {319, 1168, 0, 70, 2, 13, 0, 0, 0, 0, 1},
  {324, 1223, 0, 72, 1, 2, 0, 0, 0, 0, 1},
  {330, 1268, 0, 73, 1, 2, 0, 0, 0, 0, 1},
  {339, 1312, 0, 74, 2, 4, 0, 0, 0, 0, 1},
  {427, 2244, 980, 76, 0, 2, 0, 0, 0, 2, 2},
  {433, 2296, 1005, 76, 0, 3, 0, 0, 0, 0, 2},
  {438, 2314, 1038, 76, 0, 2, 0, 0, 0, 0, 2},
  {347, 2334, 1067, 76, 1, 4, 0, 0, 0, 0, 2},
  {443, 2366, 1122, 77, 1, 2, 0, 0, 0, 0, 2},
  {445, 2396, 1151, 78, 0, 2, 0, 0, 0, 0, 2},
  {352, 1386, 0, 78, 0, 6, 14, 0, 0, 0, 1},
  {252, 915, 268, 78, 0, 6, 5, 0, 0, 0, 1},
  {324, 1416, 0, 78, 1, 2, 0, 0, 0, 0, 1},
  {330, 1452, 0, 79, 1, 2, 0, 0, 0, 0, 1},
  {8, 1, 1, 80, 1, 10, 0, 1, 0, 0, 1},
  {370, 2413, 291, 81, 1, 3, 0, 0, 0, 0, 3},
  {374, 2449, 338, 82, 1, 3, 0, 0, 0, 0, 3},
  {376, 2485, 361, 83, 1, 3, 0, 0, 0, 0, 3},
  {379, 2522, 377, 84, 1, 3, 0, 0, 0, 0, 3},
  {381, 2558, 394, 85, 0, 3, 0, 0, 0, 0, 3},
  {384, 2574, 428, 85, 1, 3, 0, 0, 0, 0, 3},
  {386, 2610, 448, 86, 0, 3, 0, 0, 0, 0, 3},
  {389, 2626, 483, 86, 1, 3, 0, 0, 0, 0, 3},
  {391, 1828, 500, 87, 1, 10, 0, 1, 0, 0, 3},
  {396, 1894, 552, 88, 1, 10, 0, 1, 0, 0, 3},
  {11, 2662, 590, 89, 1, 2, 0, 5, 0, 0, 3},
  {15, 61, 51, 90, 1, 10, 0, 1, 0, 0, 3},
  {18, 89, 0, 91, 1, 10, 0, 1, 0, 0, 3},
  {399, 1972, 677, 92, 1, 10, 0, 1, 0, 0, 3},
  {401, 2007, 709, 93, 1, 10, 0, 1, 0, 0, 3},
  {22, 118, 0, 94, 0, 2, 0, 0, 0, 0, 1},
  {412, 2710, 840, 94, 0, 3, 0, 0, 0, 0, 3},
  {29, 140, 0, 94, 2, 5, 0, 0, 0, 0, 1},
  {42, 217, 0, 96, 1, 12, 0, 0, 0, 0, 1},
  {56, 255, 0, 97, 1, 12, 0, 0, 0, 0, 1},
  {68, 291, 0, 98, 0, 10, 0, 1, 0, 0, 1},
  {81, 316, 99, 98, 0, 4, 0, 0, 0, 0, 1},
  {87, 336, 0, 98, 0, 10, 0, 1, 0, 0, 1},
  {94, 355, 0, 98, 1, 10, 0, 1, 0, 0, 1},
  {109, 402, 0, 99, 1, 13, 0, 0, 0, 0, 1},
  {119, 438, 119, 100, 0, 3, 0, 0, 0, 0, 1},
  {123, 454, 0, 100, 1, 12, 0, 0, 0, 0, 1},
  {128, 485, 0, 101, 1, 12, 0, 0, 0, 0, 1},
  {135, 519, 0, 102, 1, 12, 0, 0, 0, 0, 1},
  {143, 554, 136, 103, 0, 4, 0, 0, 0, 0, 1},
  {151, 576, 0, 103, 0, 1, 0, 0, 0, 3, 1},
  {165, 626, 0, 103, 1, 10, 0, 1, 0, 0, 1},
  {178, 662, 0, 104, 1, 13, 0, 0, 0, 0, 1},
  {200, 719, 0, 105, 2, 13, 0, 0, 0, 0, 1},
  {222, 791, 0, 107, 0, 6, 5, 0, 0, 0, 1},
  {241, 831, 179, 107, 1, 10, 0, 1, 0, 0, 1},
  {247, 872, 0, 108, 0, 12, 0, 0, 0, 12, 1},
  {252, 915, 0, 108, 0, 6, 5, 0, 0, 0, 1},
  {260, 944, 226, 108, 0, 10, 0, 1, 0, 0, 1},
  {265, 961, 0, 108, 0, 2, 0, 0, 0, 0, 1},
  {275, 986, 0, 108, 1, 12, 0, 0, 0, 0, 1},
  {283, 1018, 0, 109, 1, 12, 0, 0, 0, 0, 1},
  {290, 1049, 0, 110, 2, 13, 0, 0, 0, 0, 1},
  {296, 1101, 0, 112, 0, 10, 0, 1, 0, 0, 1},
  {307, 1124, 0, 112, 1, 10, 0, 1, 0, 0, 1},
  {319, 1168, 0, 113, 2, 13, 0, 0, 0, 0, 1},
  {324, 1223, 0, 115, 1, 2, 0, 0, 0, 0, 1},
  {330, 1268, 0, 116, 1, 2, 0, 0, 0, 0, 1},
  {339, 1312, 0, 117, 2, 4, 0, 0, 0, 0, 1},
  {433, 2296, 1181, 119, 0, 3, 0, 0, 0, 0, 3},
  {438, 2314, 1218, 119, 0, 2, 0, 0, 0, 0, 3},
  {347, 1367, 1248, 119, 0, 4, 0, 0, 0, 0, 3},
  {352, 1386, 0, 119, 0, 6, 14, 0, 0, 0, 1},
  {252, 915, 268, 119, 0, 6, 5, 0, 0, 0, 1},
  {324, 1416, 0, 119, 1, 2, 0, 0, 0, 0, 1},
  {330, 1452, 0, 120, 1, 2, 0, 0, 0, 0, 1},
  {460, 2727, 1266, 121, 0, 10, 0, 1, 0, 0, 4},
  {8, 1, 1, 121, 1, 10, 0, 1, 0, 0, 1},
  {374, 2741, 1285, 122, 1, 4, 0, 0, 0, 0, 4},
  {376, 2770, 1285, 123, 1, 4, 0, 0, 0, 0, 4},
  {379, 2800, 1325, 124, 1, 4, 0, 0, 0, 0, 4},
  {391, 2828, 1345, 125, 1, 10, 0, 1, 0, 0, 4},
  {393, 2854, 1380, 126, 1, 4, 0, 0, 0, 0, 4},
  {396, 2907, 1412, 127, 1, 10, 0, 1, 0, 0, 4},
  {11, 2934, 1458, 128, 1, 2, 0, 0, 0, 0, 4},
  {15, 61, 51, 129, 1, 10, 0, 1, 0, 0, 4},
  {18, 89, 1551, 130, 1, 10, 0, 1, 0, 0, 4},
  {399, 2965, 1601, 131, 1, 10, 0, 1, 0, 0, 4},
  {401, 2991, 1636, 132, 1, 10, 0, 1, 0, 0, 4},
  {407, 3018, 1685, 133, 1, 4, 0, 7, 0, 0, 4},
  {462, 3065, 1734, 134, 2, 4, 0, 0, 0, 0, 4},
  {22, 118, 0, 136, 0, 2, 0, 0, 0, 0, 1},
  {466, 3125, 1787, 136, 1, 12, 0, 0, 0, 0, 4},
  {29, 140, 0, 137, 2, 5, 0, 0, 0, 0, 1},
  {42, 217, 0, 139, 1, 12, 0, 0, 0, 0, 1},
  {56, 255, 0, 140, 1, 12, 0, 0, 0, 0, 1},
  {68, 291, 0, 141, 0, 10, 0, 1, 0, 0, 1},
  {489, 3192, 1844, 141, 0, 6, 2, 0, 0, 0, 4},
  {495, 3220, 1884, 141, 0, 6, 4, 0, 0, 0, 4},
  {501, 3247, 1921, 141, 0, 4, 0, 0, 0, 0, 4},
  {507, 3267, 1965, 141, 0, 4, 0, 7, 0, 0, 4},
  {81, 316, 99, 141, 0, 4, 0, 0, 0, 0, 1},
  {87, 336, 0, 141, 0, 10, 0, 1, 0, 0, 1},
  {514, 3296, 2003, 141, 0, 4, 0, 0, 0, 0, 4},
  {94, 355, 0, 141, 1, 10, 0, 1, 0, 0, 1},
  {109, 402, 0, 142, 1, 13, 0, 0, 0, 0, 1},
  {520, 3316, 2025, 143, 0, 4, 0, 0, 0, 0, 4},
  {529, 3339, 2062, 143, 0, 4, 0, 7, 0, 0, 4},
  {119, 438, 119, 143, 0, 4, 0, 0, 0, 0, 1},
  {539, 3371, 2097, 143, 0, 4, 0, 0, 0, 2, 4},
  {549, 3423, 2125, 143, 0, 4, 0, 0, 0, 4, 4},
  {559, 3479, 2158, 143, 2, 4, 0, 0, 0, 4, 4},
  {569, 3563, 2186, 145, 0, 10, 0, 1, 0, 0, 4},
  {576, 3582, 2211, 145, 1, 4, 0, 0, 0, 0, 4},
  {123, 454, 0, 146, 1, 12, 0, 0, 0, 0, 1},
  {128, 485, 0, 147, 1, 12, 0, 0, 0, 0, 1},
  {586, 3622, 2247, 148, 1, 2, 0, 5, 0, 0, 4},
  {135, 519, 0, 149, 1, 12, 0, 0, 0, 0, 1},
  {594, 3666, 2284, 150, 1, 10, 0, 1, 0, 0, 4},
  {603, 3699, 2319, 151, 2, 2, 0, 5, 0, 0, 4},
  {143, 554, 136, 153, 0, 4, 0, 0, 0, 0, 4},
  {151, 576, 0, 153, 0, 1, 0, 0, 0, 4, 1},
  {165, 626, 0, 153, 1, 10, 0, 1, 0, 0, 1},
  {178, 662, 0, 154, 1, 13, 0, 0, 0, 0, 1},
  {200, 719, 0, 155, 2, 13, 0, 0, 0, 0, 1},
  {222, 791, 0, 157, 0, 6, 5, 0, 0, 0, 1},
  {609, 3784, 2361, 157, 0, 5, 0, 0, 0, 0, 4},
  {241, 831, 179, 157, 1, 10, 0, 1, 0, 0, 1},
  {616, 3805, 2379, 158, 0, 2, 0, 0, 0, 0, 4},
  {623, 3827, 2400, 158, 2, 4, 0, 0, 0, 0, 4},
  {247, 872, 0, 160, 0, 12, 0, 0, 0, 12, 1},
  {629, 3877, 2448, 160, 0, 4, 0, 0, 0, 0, 4},
  {636, 3898, 2494, 160, 0, 4, 0, 7, 0, 0, 4},
  {252, 915, 0, 160, 0, 6, 5, 0, 0, 0, 1},
  {260, 944, 226, 160, 0, 10, 0, 1, 0, 0, 1},
  {265, 961, 0, 160, 0, 2, 0, 0, 0, 0, 1},
  {644, 3928, 2534, 160, 0, 2, 0, 0, 0, 0, 4},
  {275, 986, 0, 160, 1, 12, 0, 0, 0, 0, 1},
  {283, 1018, 0, 161, 1, 12, 0, 0, 0, 0, 1},
  {290, 1049, 0, 162, 2, 13, 0, 0, 0, 0, 1},
  {296, 1101, 0, 164, 0, 10, 0, 1, 0, 0, 1},
  {307, 1124, 0, 164, 1, 10, 0, 1, 0, 0, 1},
  {648, 3947, 2575, 165, 2, 4, 0, 0, 0, 0, 4},
  {654, 3997, 2624, 167, 0, 4, 0, 0, 0, 0, 4},
  {661, 4018, 2671, 167, 0, 4, 0, 7, 0, 0, 4},
  {319, 1168, 0, 167, 2, 13, 0, 0, 0, 0, 1},
  {669, 4048, 2379, 169, 0, 2, 0, 0, 0, 0, 4},
  {324, 1223, 0, 169, 1, 2, 0, 0, 0, 0, 1},
  {330, 1268, 0, 170, 1, 2, 0, 0, 0, 0, 1},
  {674, 4068, 1685, 171, 1, 4, 0, 7, 0, 0, 4},
  {680, 4118, 2712, 172, 2, 6, 4, 0, 0, 0, 4},
  {339, 1312, 0, 174, 2, 4, 0, 0, 0, 0, 1},
  {686, 4178, 2748, 176, 1, 10, 0, 1, 0, 0, 4},
  {698, 4218, 2786, 177, 0, 4, 0, 0, 0, 0, 4},
  {704, 4238, 2845, 177, 0, 4, 0, 7, 0, 0, 4},
  {711, 4267, 2898, 177, 2, 4, 0, 0, 0, 0, 4},
  {433, 2296, 1005, 179, 0, 3, 0, 0, 0, 0, 4},
  {438, 4319, 2935, 179, 1, 2, 0, 0, 0, 0, 4},
  {347, 1367, 2954, 180, 0, 4, 0, 0, 0, 0, 4},
  {715, 4352, 2361, 180, 0, 5, 0, 0, 0, 0, 4},
  {722, 4373, 2976, 180, 2, 4, 0, 0, 0, 0, 4},
  {725, 4423, 3015, 182, 2, 4, 0, 7, 0, 0, 4},
  {729, 4482, 3048, 184, 0, 4, 0, 0, 0, 0, 4},
  {736, 4503, 3085, 184, 0, 4, 0, 7, 0, 0, 4},
  {352, 1386, 0, 184, 0, 6, 14, 0, 0, 0, 1},
  {252, 915, 268, 184, 0, 6, 5, 0, 0, 0, 1},
  {324, 1416, 0, 184, 1, 2, 0, 0, 0, 0, 1},
  {330, 1452, 0, 185, 1, 2, 0, 0, 0, 0, 1},
  {8, 1, 1, 186, 1, 10, 0, 1, 0, 0, 1},
  {11, 4533, 3120, 187, 1, 2, 0, 0, 0, 0, 5},
  {15, 61, 51, 188, 1, 10, 0, 1, 0, 0, 5},
  {18, 89, 1551, 189, 1, 10, 0, 1, 0, 0, 5},
  {22, 118, 0, 190, 0, 2, 0, 0, 0, 0, 1},
  {29, 140, 0, 190, 2, 5, 0, 0, 0, 0, 1},
  {42, 217, 0, 192, 1, 12, 0, 0, 0, 0, 1},
  {56, 255, 0, 193, 1, 12, 0, 0, 0, 0, 1},
  {68, 291, 0, 194, 0, 10, 0, 1, 0, 0, 1},
  {81, 316, 99, 194, 0, 4, 0, 0, 0, 0, 1},
  {87, 336, 0, 194, 0, 10, 0, 1, 0, 0, 1},
  {94, 355, 0, 194, 1, 10, 0, 1, 0, 0, 1},
  {109, 402, 0, 195, 1, 13, 0, 0, 0, 0, 1},
  {119, 438, 119, 196, 0, 5, 0, 0, 0, 0, 1},
  {123, 454, 0, 196, 1, 12, 0, 0, 0, 0, 1},
  {128, 485, 0, 197, 1, 12, 0, 0, 0, 0, 1},
  {135, 519, 0, 198, 1, 12, 0, 0, 0, 0, 1},
  {143, 554, 136, 199, 0, 4, 0, 0, 0, 0, 5},
  {151, 576, 0, 199, 0, 1, 0, 0, 0, 5, 1},
  {165, 626, 0, 199, 1, 10, 0, 1, 0, 0, 1},
  {178, 662, 0, 200, 1, 13, 0, 0, 0, 0, 1},
  {200, 719, 0, 201, 2, 13, 0, 0, 0, 0, 1},
  {222, 791, 0, 203, 0, 6, 5, 0, 0, 0, 1},
  {241, 831, 179, 203, 1, 10, 0, 1, 0, 0, 1},
  {247, 872, 0, 204, 0, 12, 0, 0, 0, 12, 1},
  {252, 915, 0, 204, 0, 6, 5, 0, 0, 0, 1},
  {260, 944, 226, 204, 0, 10, 0, 1, 0, 0, 1},
  {265, 961, 0, 204, 0, 2, 0, 0, 0, 0, 1},
  {275, 986, 0, 204, 1, 12, 0, 0, 0, 0, 1},
  {283, 1018, 0, 205, 1, 12, 0, 0, 0, 0, 1},
  {290, 1049, 0, 206, 2, 13, 0, 0, 0, 0, 1},
  {296, 1101, 0, 208, 0, 10, 0, 1, 0, 0, 1},
  {307, 1124, 0, 208, 1, 10, 0, 1, 0, 0, 1},
  {319, 1168, 0, 209, 2, 13, 0, 0, 0, 0, 1},
  {324, 1223, 0, 211, 1, 2, 0, 0, 0, 0, 1},
  {330, 1268, 0, 212, 1, 2, 0, 0, 0, 0, 1},
  {339, 1312, 0, 213, 2, 4, 0, 0, 0, 0, 1},
  {347, 1367, 239, 215, 0, 4, 0, 0, 0, 0, 1},
  {715, 4352, 3136, 215, 0, 5, 0, 0, 0, 0, 5},
  {352, 1386, 0, 215, 0, 6, 14, 0, 0, 0, 1},
  {252, 915, 268, 215, 0, 6, 5, 0, 0, 0, 1},
  {324, 1416, 0, 215, 1, 2, 0, 0, 0, 0, 1},
  {330, 1452, 0, 216, 1, 2, 0, 0, 0, 0, 1},
  {8, 1, 1, 217, 1, 10, 0, 1, 0, 0, 1},
  {372, 4574, 0, 218, 1, 6, 0, 0, 0, 0, 6},
  {374, 4599, 3158, 219, 1, 4, 0, 9, 0, 0, 6},
  {379, 4659, 3218, 220, 1, 6, 0, 0, 0, 0, 6},
  {384, 4685, 3237, 221, 1, 6, 0, 0, 0, 0, 6},
  {11, 29, 3283, 222, 1, 2, 0, 0, 0, 0, 6},
  {15, 61, 51, 223, 1, 10, 0, 1, 0, 0, 1},
  {18, 89, 79, 224, 1, 10, 0, 1, 0, 0, 1},
  {407, 4710, 3365, 225, 1, 13, 0, 0, 0, 0, 6},
  {462, 4741, 3399, 226, 1, 6, 0, 0, 0, 0, 6},
  {22, 118, 0, 227, 0, 2, 0, 0, 0, 0, 1},
  {29, 140, 0, 227, 2, 5, 0, 0, 0, 0, 1},
  {757, 4770, 0, 229, 1, 10, 0, 1, 0, 13, 6},
  {762, 4837, 3365, 230, 1, 13, 0, 0, 0, 0, 6},
  {42, 217, 0, 231, 1, 12, 0, 0, 0, 0, 1},
  {56, 255, 0, 232, 1, 12, 0, 0, 0, 0, 1},
  {68, 291, 0, 233, 0, 10, 0, 1, 0, 0, 1},
  {81, 316, 99, 233, 0, 4, 0, 0, 0, 0, 1},
  {87, 336, 0, 233, 0, 10, 0, 1, 0, 0, 1},
  {514, 4868, 3433, 233, 0, 6, 0, 0, 0, 0, 6},
  {765, 4887, 3464, 233, 0, 6, 13, 0, 0, 13, 19},
  {773, 4950, 3523, 233, 0, 6, 13, 0, 0, 13, 6},
  {782, 5014, 3218, 233, 1, 6, 0, 0, 0, 0, 6},
  {94, 355, 0, 234, 1, 10, 0, 1, 0, 0, 1},
  {109, 402, 0, 235, 1, 13, 0, 0, 0, 0, 1},
  {789, 5045, 0, 236, 0, 2, 0, 0, 0, 0, 6},
  {795, 5066, 3580, 236, 1, 13, 0, 0, 0, 0, 6},
  {805, 5104, 3617, 237, 0, 6, 0, 0, 0, 13, 6},
  {119, 438, 119, 237, 0, 6, 0, 0, 0, 0, 1},
  {815, 5159, 3662, 237, 0, 6, 0, 0, 0, 13, 6},
  {820, 5209, 3693, 237, 0, 6, 0, 0, 0, 2, 6},
  {831, 5263, 3722, 237, 0, 6, 0, 0, 0, 13, 19},
  {569, 3563, 3763, 237, 0, 10, 0, 1, 0, 0, 6},
  {123, 454, 0, 237, 1, 12, 0, 0, 0, 0, 1},
  {128, 485, 0, 238, 1, 12, 0, 0, 0, 0, 1},
  {847, 5339, 3787, 239, 0, 13, 0, 0, 0, 0, 6},
  {853, 5360, 3805, 239, 0, 6, 0, 0, 0, 0, 6},
  {135, 519, 0, 239, 1, 12, 0, 0, 0, 0, 1},
  {594, 5380, 3826, 240, 1, 10, 0, 1, 0, 0, 6},
  {143, 554, 136, 241, 0, 4, 0, 0, 0, 0, 6},
  {151, 576, 0, 241, 0, 1, 0, 0, 0, 6, 1},
  {165, 626, 0, 241, 1, 10, 0, 1, 0, 0, 1},
  {178, 662, 0, 242, 1, 13, 0, 0, 0, 0, 1},
  {200, 719, 0, 243, 2, 13, 0, 0, 0, 0, 1},
  {222, 791, 0, 245, 0, 6, 5, 0, 0, 0, 1},
  {241, 831, 179, 245, 1, 10, 0, 1, 0, 0, 1},
  {861, 5415, 3855, 246, 1, 4, 0, 0, 0, 0, 6},
  {866, 5451, 3887, 247, 0, 13, 0, 0, 0, 0, 6},
  {616, 3805, 3904, 247, 0, 2, 0, 0, 0, 0, 6},
  {247, 872, 0, 247, 0, 12, 0, 0, 0, 12, 1},
  {871, 5471, 0, 247, 0, 13, 0, 0, 0, 13, 6},
  {252, 915, 0, 247, 0, 6, 5, 0, 0, 0, 1},
  {875, 5535, 0, 247, 0, 13, 0, 0, 0, 13, 6},
  {260, 944, 226, 247, 0, 10, 0, 1, 0, 0, 1},
  {265, 961, 0, 247, 0, 2, 0, 0, 0, 0, 1},
  {879, 5599, 3939, 247, 1, 6, 0, 10, 0, 0, 6},
  {275, 986, 0, 248, 1, 12, 0, 0, 0, 0, 1},
  {283, 1018, 0, 249, 1, 12, 0, 0, 0, 0, 1},
  {883, 5641, 3970, 250, 1, 6, 0, 0, 0, 0, 6},
  {290, 1049, 0, 251, 2, 13, 0, 0, 0, 0, 1},
  {888, 5673, 3992, 253, 0, 6, 0, 0, 0, 13, 6},
  {895, 5725, 4053, 253, 0, 6, 0, 0, 0, 13, 6},
  {296, 1101, 0, 253, 0, 10, 0, 1, 0, 0, 1},
  {903, 5778, 0, 253, 1, 6, 0, 0, 0, 0, 6},
  {307, 1124, 0, 254, 1, 10, 0, 1, 0, 0, 1},
  {319, 1168, 0, 255, 2, 13, 0, 0, 0, 0, 1},
  {911, 5810, 4112, 257, 1, 6, 0, 10, 0, 0, 6},
  {324, 1223, 0, 258, 1, 2, 0, 0, 0, 0, 1},
  {330, 1268, 0, 259, 1, 2, 0, 0, 0, 0, 1},
  {674, 5854, 4144, 260, 1, 13, 0, 0, 0, 0, 6},
  {917, 5897, 4157, 261, 0, 6, 0, 0, 0, 13, 6},
  {922, 5959, 4177, 261, 0, 6, 0, 0, 0, 13, 6},
  {339, 1312, 0, 261, 2, 4, 0, 0, 0, 0, 1},
  {347, 1367, 239, 263, 0, 4, 0, 0, 0, 0, 1},
  {928, 6022, 4196, 263, 0, 6, 0, 0, 0, 0, 6},
  {933, 6039, 4233, 263, 0, 6, 0, 0, 0, 0, 6},
  {939, 6057, 4265, 263, 1, 6, 0, 0, 0, 0, 6},
  {443, 6092, 0, 264, 1, 6, 0, 0, 0, 0, 6},
  {352, 1386, 0, 265, 0, 6, 14, 0, 0, 0, 1},
  {252, 915, 268, 265, 0, 6, 5, 0, 0, 0, 1},
  {947, 6118, 0, 265, 2, 6, 0, 0, 0, 0, 6},
  {324, 1416, 0, 267, 1, 2, 0, 0, 0, 0, 1},
  {330, 1452, 0, 268, 1, 2, 0, 0, 0, 0, 1},
  {8, 1, 1, 269, 1, 10, 0, 1, 0, 0, 1},
  {391, 6165, 0, 270, 1, 10, 0, 1, 0, 0, 7},
  {396, 6189, 0, 271, 1, 10, 0, 1, 0, 0, 7},
  {11, 29, 31, 272, 1, 2, 0, 0, 0, 0, 1},
  {15, 61, 51, 273, 1, 10, 0, 1, 0, 0, 7},
  {18, 89, 79, 274, 1, 10, 0, 1, 0, 0, 1},
  {399, 6214, 0, 275, 1, 10, 0, 1, 0, 0, 7},
  {401, 6238, 0, 276, 1, 10, 0, 1, 0, 0, 7},
  {407, 6263, 4294, 277, 1, 13, 0, 0, 0, 0, 7},
  {462, 4741, 4322, 278, 1, 7, 0, 0, 0, 0, 7},
  {22, 118, 0, 279, 0, 2, 0, 0, 0, 0, 1},
  {29, 140, 0, 279, 2, 5, 0, 0, 0, 0, 1},
  {42, 217, 0, 281, 1, 12, 0, 0, 0, 0, 1},
  {56, 255, 0, 282, 1, 12, 0, 0, 0, 0, 1},
  {68, 291, 0, 283, 0, 10, 0, 1, 0, 0, 1},
  {81, 316, 99, 283, 0, 4, 0, 0, 0, 0, 1},
  {87, 336, 0, 283, 0, 10, 0, 1, 0, 0, 1},
  {514, 6292, 4350, 283, 0, 7, 0, 0, 0, 0, 7},
  {765, 4887, 3464, 283, 0, 6, 13, 0, 0, 13, 19},
  {94, 355, 0, 283, 1, 10, 0, 1, 0, 0, 1},
  {109, 402, 0, 284, 1, 13, 0, 0, 0, 0, 1},
  {956, 6310, 4380, 285, 1, 12, 0, 11, 0, 0, 7},
  {119, 438, 119, 286, 0, 7, 0, 0, 0, 0, 1},
  {815, 6359, 4401, 286, 0, 7, 0, 0, 0, 13, 7},
  {831, 5263, 3722, 286, 0, 7, 0, 0, 0, 13, 19},
  {569, 3563, 4438, 286, 0, 10, 0, 1, 0, 0, 7},
  {123, 454, 0, 286, 1, 12, 0, 0, 0, 0, 1},
  {128, 485, 0, 287, 1, 12, 0, 0, 0, 0, 1},
  {963, 6420, 4461, 288, 1, 10, 0, 1, 0, 0, 7},
  {972, 6460, 4491, 289, 1, 10, 0, 1, 0, 0, 7},
  {135, 519, 0, 290, 1, 12, 0, 0, 0, 0, 1},
  {143, 554, 136, 291, 0, 4, 0, 0, 0, 0, 7},
  {151, 576, 0, 291, 0, 1, 0, 0, 0, 7, 1},
  {165, 626, 0, 291, 1, 10, 0, 1, 0, 0, 1},
  {178, 662, 0, 292, 1, 13, 0, 0, 0, 0, 1},
  {200, 719, 0, 293, 2, 13, 0, 0, 0, 0, 1},
  {222, 791, 0, 295, 0, 6, 5, 0, 0, 0, 1},
  {241, 831, 179, 295, 1, 10, 0, 1, 0, 0, 1},
  {983, 6496, 0, 296, 1, 4, 0, 12, 0, 0, 7},
  {987, 6544, 4523, 297, 0, 6, 13, 0, 0, 0, 7},
  {616, 6571, 4548, 297, 0, 10, 0, 1, 0, 0, 7},
  {247, 872, 0, 297, 0, 12, 0, 0, 0, 12, 1},
  {992, 6590, 4582, 297, 1, 7, 0, 0, 0, 5, 7},
  {998, 6684, 4623, 298, 1, 7, 0, 0, 0, 5, 7},
  {252, 915, 0, 299, 0, 6, 5, 0, 0, 0, 1},
  {260, 944, 226, 299, 0, 10, 0, 1, 0, 0, 1},
  {265, 961, 0, 299, 0, 2, 0, 0, 0, 0, 1},
  {275, 986, 0, 299, 1, 12, 0, 0, 0, 0, 1},
  {283, 1018, 0, 300, 1, 12, 0, 0, 0, 0, 1},
  {290, 1049, 0, 301, 2, 13, 0, 0, 0, 0, 1},
  {296, 1101, 0, 303, 0, 10, 0, 1, 0, 0, 1},
  {307, 1124, 0, 303, 1, 10, 0, 1, 0, 0, 1},
  {319, 1168, 0, 304, 2, 13, 0, 0, 0, 0, 1},
  {911, 6779, 4648, 306, 0, 6, 0, 0, 0, 0, 7},
  {324, 1223, 0, 306, 1, 2, 0, 0, 0, 0, 1},
  {330, 1268, 0, 307, 1, 2, 0, 0, 0, 0, 1},
  {339, 1312, 0, 308, 2, 4, 0, 0, 0, 0, 1},
  {1005, 6798, 4687, 310, 0, 7, 0, 0, 0, 0, 7},
  {347, 1367, 239, 310, 0, 4, 0, 0, 0, 0, 1},
  {1010, 6815, 4707, 310, 0, 6, 13, 0, 0, 0, 7},
  {352, 1386, 0, 310, 0, 6, 14, 0, 0, 0, 1},
  {252, 915, 268, 310, 0, 6, 5, 0, 0, 0, 1},
  {947, 6844, 0, 310, 0, 7, 0, 0, 0, 0, 7},
  {324, 1416, 0, 310, 1, 2, 0, 0, 0, 0, 1},
  {330, 1452, 0, 311, 1, 2, 0, 0, 0, 0, 1},
  {8, 1, 1, 312, 1, 10, 0, 1, 0, 0, 1},
  {11, 29, 31, 313, 1, 2, 0, 0, 0, 0, 1},
  {15, 61, 51, 314, 1, 10, 0, 1, 0, 0, 8},
  {18, 6860, 4734, 315, 1, 10, 0, 1, 0, 0, 8},
  {22, 118, 0, 316, 0, 2, 0, 0, 0, 0, 1},
  {29, 140, 0, 316, 2, 5, 0, 0, 0, 0, 1},
  {42, 217, 0, 318, 1, 12, 0, 0, 0, 0, 1},
  {56, 255, 0, 319, 1, 12, 0, 0, 0, 0, 1},
  {68, 291, 0, 320, 0, 10, 0, 1, 0, 0, 1},
  {81, 316, 99, 320, 0, 4, 0, 0, 0, 0, 1},
  {87, 336, 0, 320, 0, 10, 0, 1, 0, 0, 1},
  {765, 4887, 3464, 320, 0, 6, 13, 0, 0, 13, 19},
  {94, 355, 0, 320, 1, 10, 0, 1, 0, 0, 1},
  {109, 402, 0, 321, 1, 13, 0, 0, 0, 0, 1},
  {119, 438, 119, 322, 0, 8, 0, 0, 0, 0, 1},
  {815, 5159, 4770, 322, 0, 8, 0, 0, 0, 13, 8},
  {831, 5263, 3722, 322, 0, 8, 0, 0, 0, 13, 19},
  {1023, 6890, 4810, 322, 0, 10, 0, 1, 0, 0, 8},
  {123, 454, 0, 322, 1, 12, 0, 0, 0, 0, 1},
  {128, 485, 0, 323, 1, 12, 0, 0, 0, 0, 1},
  {847, 5339, 4841, 324, 0, 13, 0, 0, 0, 0, 8},
  {135, 519, 0, 324, 1, 12, 0, 0, 0, 0, 1},
  {143, 554, 136, 325, 0, 4, 0, 0, 0, 0, 8},
  {151, 576, 0, 325, 0, 1, 0, 0, 0, 8, 1},
  {165, 626, 0, 325, 1, 10, 0, 1, 0, 0, 1},
  {178, 662, 0, 326, 1, 13, 0, 0, 0, 0, 1},
  {200, 719, 0, 327, 2, 13, 0, 0, 0, 0, 1},
  {222, 791, 0, 329, 0, 6, 5, 0, 0, 0, 1},
  {241, 831, 179, 329, 1, 10, 0, 1, 0, 0, 1},
  {866, 5451, 4869, 330, 0, 13, 0, 0, 0, 0, 8},
  {247, 872, 0, 330, 0, 12, 0, 0, 0, 12, 1},
  {252, 915, 0, 330, 0, 6, 5, 0, 0, 0, 1},
  {260, 944, 226, 330, 0, 10, 0, 1, 0, 0, 1},
  {265, 961, 0, 330, 0, 2, 0, 0, 0, 0, 1},
  {275, 986, 0, 330, 1, 12, 0, 0, 0, 0, 1},
  {283, 1018, 0, 331, 1, 12, 0, 0, 0, 0, 1},
  {290, 1049, 0, 332, 2, 13, 0, 0, 0, 0, 1},
  {296, 1101, 0, 334, 0, 10, 0, 1, 0, 0, 1},
  {307, 1124, 0, 334, 1, 10, 0, 1, 0, 0, 1},
  {319, 1168, 0, 335, 2, 13, 0, 0, 0, 0, 1},
  {324, 1223, 0, 337, 1, 2, 0, 0, 0, 0, 1},
  {330, 1268, 0, 338, 1, 2, 0, 0, 0, 0, 1},
  {339, 1312, 0, 339, 2, 4, 0, 0, 0, 0, 1},
  {347, 1367, 239, 341, 0, 4, 0, 0, 0, 0, 8},
  {352, 1386, 0, 341, 0, 6, 14, 0, 0, 0, 1},
  {252, 915, 268, 341, 0, 6, 5, 0, 0, 0, 1},
  {947, 6915, 0, 341, 3, 8, 0, 0, 0, 0, 8},
  {324, 1416, 0, 344, 1, 2, 0, 0, 0, 0, 1},
  {330, 1452, 0, 345, 1, 2, 0, 0, 0, 0, 1},
  {8, 1, 1, 346, 1, 10, 0, 1, 0, 0, 1},
  {11, 29, 31, 347, 1, 2, 0, 0, 0, 0, 1},
  {15, 61, 51, 348, 1, 10, 0, 1, 0, 0, 1},
  {18, 89, 79, 349, 1, 10, 0, 1, 0, 0, 1},
  {22, 118, 0, 350, 0, 2, 0, 0, 0, 0, 1},
  {1041, 6978, 0, 350, 0, 1, 0, 0, 0, 0, 9},
  {1051, 7002, 0, 350, 1, 1, 0, 0, 0, 0, 9},
  {29, 140, 0, 351, 2, 5, 0, 0, 0, 0, 1},
  {42, 217, 0, 353, 1, 12, 0, 0, 0, 0, 1},
  {56, 255, 0, 354, 1, 12, 0, 0, 0, 0, 1},
  {68, 291, 0, 355, 0, 10, 0, 1, 0, 0, 1},
  {1061, 7032, 4895, 355, 1, 13, 0, 0, 0, 0, 9},
  {81, 316, 99, 356, 0, 4, 0, 0, 0, 0, 1},
  {87, 336, 0, 356, 0, 10, 0, 1, 0, 0, 1},
  {94, 355, 0, 356, 1, 10, 0, 1, 0, 0, 1},
  {109, 402, 0, 357, 1, 13, 0, 0, 0, 0, 1},
  {119, 438, 119, 358, 0, 9, 0, 0, 0, 0, 1},
  {123, 454, 0, 358, 1, 12, 0, 0, 0, 0, 1},
  {128, 485, 0, 359, 1, 12, 0, 0, 0, 0, 1},
  {135, 519, 0, 360, 1, 12, 0, 0, 0, 0, 1},
  {143, 554, 136, 361, 0, 4, 0, 0, 0, 0, 1},
  {151, 576, 0, 361, 0, 1, 0, 0, 0, 9, 1},
  {165, 626, 0, 361, 1, 10, 0, 1, 0, 0, 1},
  {178, 662, 0, 362, 1, 13, 0, 0, 0, 0, 1},
  {200, 719, 0, 363, 2, 13, 0, 0, 0, 0, 1},
  {222, 791, 0, 365, 0, 6, 5, 0, 0, 0, 1},
  {241, 831, 179, 365, 1, 10, 0, 1, 0, 0, 1},
  {247, 872, 0, 366, 0, 12, 0, 0, 0, 12, 1},
  {252, 915, 0, 366, 0, 6, 5, 0, 0, 0, 1},
  {260, 944, 226, 366, 0, 10, 0, 1, 0, 0, 1},
  {265, 961, 0, 366, 0, 2, 0, 0, 0, 0, 1},
  {275, 986, 0, 366, 1, 12, 0, 0, 0, 0, 1},
  {283, 1018, 0, 367, 1, 12, 0, 0, 0, 0, 1},
  {290, 1049, 0, 368, 2, 13, 0, 0, 0, 0, 1},
  {296, 1101, 0, 370, 0, 10, 0, 1, 0, 0, 1},
  {307, 1124, 0, 370, 1, 10, 0, 1, 0, 0, 1},
  {319, 1168, 0, 371, 2, 13, 0, 0, 0, 0, 1},
  {324, 1223, 0, 373, 1, 2, 0, 0, 0, 0, 1},
  {330, 1268, 0, 374, 1, 2, 0, 0, 0, 0, 1},
  {339, 1312, 0, 375, 2, 4, 0, 0, 0, 0, 1},
  {347, 1367, 239, 377, 0, 4, 0, 0, 0, 0, 1},
  {352, 1386, 0, 377, 0, 6, 14, 0, 0, 0, 1},
  {252, 915, 268, 377, 0, 6, 5, 0, 0, 0, 1},
  {947, 7070, 0, 377, 0, 9, 0, 0, 0, 13, 9},
  {324, 1416, 0, 377, 1, 2, 0, 0, 0, 0, 1},
  {330, 1452, 0, 378, 1, 2, 0, 0, 0, 0, 1},
  {460, 2727, 0, 379, 0, 10, 0, 1, 0, 0, 16},
  {8, 1, 1, 379, 1, 10, 0, 1, 0, 0, 1},
  {372, 7120, 4905, 380, 1, 10, 0, 1, 0, 0, 16},
  {11, 29, 31, 381, 1, 2, 0, 0, 0, 0, 1},
  {15, 61, 51, 382, 1, 10, 0, 1, 0, 0, 1},
  {18, 89, 0, 383, 1, 10, 0, 1, 0, 0, 16},
  {410, 7147, 4935, 384, 1, 10, 0, 1, 0, 0, 16},
  {22, 118, 0, 385, 0, 2, 0, 0, 0, 0, 1},
  {29, 140, 0, 385, 2, 5, 0, 0, 0, 0, 1},
  {42, 217, 0, 387, 1, 12, 0, 0, 0, 0, 1},
  {56, 255, 0, 388, 1, 12, 0, 0, 0, 0, 1},
  {68, 291, 0, 389, 0, 10, 0, 1, 0, 0, 1},
  {81, 316, 99, 389, 0, 4, 0, 0, 0, 0, 1},
  {87, 336, 0, 389, 0, 10, 0, 1, 0, 0, 1},
  {94, 355, 0, 389, 1, 10, 0, 1, 0, 0, 1},
  {109, 402, 0, 390, 1, 13, 0, 0, 0, 0, 1},
  {119, 438, 119, 391, 0, 10, 0, 0, 0, 0, 1},
  {123, 454, 0, 391, 1, 12, 0, 0, 0, 0, 1},
  {128, 485, 0, 392, 1, 12, 0, 0, 0, 0, 1},
  {135, 519, 0, 393, 1, 12, 0, 0, 0, 0, 1},
  {143, 554, 136, 394, 0, 4, 0, 0, 0, 0, 1},
  {151, 576, 0, 394, 0, 1, 0, 0, 0, 10, 1},
  {165, 626, 0, 394, 1, 10, 0, 1, 0, 0, 1},
  {178, 662, 0, 395, 1, 13, 0, 0, 0, 0, 1},
  {200, 719, 0, 396, 2, 13, 0, 0, 0, 0, 1},
  {222, 791, 0, 398, 0, 6, 5, 0, 0, 0, 1},
  {241, 831, 179, 398, 1, 10, 0, 1, 0, 0, 1},
  {247, 872, 0, 399, 0, 12, 0, 0, 0, 12, 1},
  {252, 915, 0, 399, 0, 6, 5, 0, 0, 0, 1},
  {260, 944, 226, 399, 0, 10, 0, 1, 0, 0, 1},
  {265, 961, 0, 399, 0, 2, 0, 0, 0, 0, 1},
  {275, 986, 0, 399, 1, 12, 0, 0, 0, 0, 1},
  {283, 1018, 0, 400, 1, 12, 0, 0, 0, 0, 1},
  {290, 1049, 0, 401, 2, 13, 0, 0, 0, 0, 1},
  {296, 1101, 0, 403, 0, 10, 0, 1, 0, 0, 1},
  {307, 1124, 0, 403, 1, 10, 0, 1, 0, 0, 1},
  {319, 1168, 0, 404, 2, 13, 0, 0, 0, 0, 1},
  {324, 1223, 0, 406, 1, 2, 0, 0, 0, 0, 1},
  {330, 1268, 0, 407, 1, 2, 0, 0, 0, 0, 1},
  {339, 1312, 0, 408, 2, 4, 0, 0, 0, 0, 1},
  {347, 1367, 0, 410, 0, 4, 0, 0, 0, 0, 16},
  {443, 7174, 4965, 410, 1, 10, 0, 1, 0, 0, 16},
  {352, 1386, 0, 411, 0, 6, 14, 0, 0, 0, 1},
  {252, 915, 268, 411, 0, 6, 5, 0, 0, 0, 1},
  {324, 1416, 0, 411, 1, 2, 0, 0, 0, 0, 1},
  {330, 1452, 0, 412, 1, 2, 0, 0, 0, 0, 1},
  {460, 2727, 0, 413, 0, 10, 0, 1, 0, 0, 16},
  {8, 1, 1, 413, 1, 10, 0, 1, 0, 0, 1},
  {372, 7120, 4905, 414, 1, 10, 0, 1, 0, 0, 16},
  {11, 29, 31, 415, 1, 2, 0, 0, 0, 0, 1},
  {15, 61, 51, 416, 1, 10, 0, 1, 0, 0, 1},
  {18, 89, 0, 417, 1, 10, 0, 1, 0, 0, 16},
  {410, 7147, 4935, 418, 1, 10, 0, 1, 0, 0, 16},
  {22, 118, 0, 419, 0, 2, 0, 0, 0, 0, 1},
  {29, 140, 0, 419, 2, 5, 0, 0, 0, 0, 1},
  {42, 217, 0, 421, 1, 12, 0, 0, 0, 0, 1},
  {56, 255, 0, 422, 1, 12, 0, 0, 0, 0, 1},
  {68, 291, 0, 423, 0, 10, 0, 1, 0, 0, 1},
  {81, 316, 99, 423, 0, 4, 0, 0, 0, 0, 1},
  {87, 336, 0, 423, 0, 10, 0, 1, 0, 0, 1},
  {94, 355, 0, 423, 1, 10, 0, 1, 0, 0, 1},
  {109, 402, 0, 424, 1, 13, 0, 0, 0, 0, 1},
  {119, 438, 119, 425, 0, 11, 0, 0, 0, 0, 1},
  {123, 454, 0, 425, 1, 12, 0, 0, 0, 0, 1},
  {128, 485, 0, 426, 1, 12, 0, 0, 0, 0, 1},
  {135, 519, 0, 427, 1, 12, 0, 0, 0, 0, 1},
  {143, 554, 136, 428, 0, 4, 0, 0, 0, 0, 1},
  {151, 576, 0, 428, 0, 1, 0, 0, 0, 11, 1},
  {165, 626, 0, 428, 1, 10, 0, 1, 0, 0, 1},
  {178, 662, 0, 429, 1, 13, 0, 0, 0, 0, 1},
  {200, 719, 0, 430, 2, 13, 0, 0, 0, 0, 1},
  {222, 791, 0, 432, 0, 6, 5, 0, 0, 0, 1},
  {241, 831, 179, 432, 1, 10, 0, 1, 0, 0, 1},
  {247, 872, 0, 433, 0, 12, 0, 0, 0, 12, 1},
  {252, 915, 0, 433, 0, 6, 5, 0, 0, 0, 1},
  {260, 944, 226, 433, 0, 10, 0, 1, 0, 0, 1},
  {265, 961, 0, 433, 0, 2, 0, 0, 0, 0, 1},
  {275, 986, 0, 433, 1, 12, 0, 0, 0, 0, 1},
  {283, 1018, 0, 434, 1, 12, 0, 0, 0, 0, 1},
  {290, 1049, 0, 435, 2, 13, 0, 0, 0, 0, 1},
  {296, 1101, 0, 437, 0, 10, 0, 1, 0, 0, 1},
  {307, 1124, 0, 437, 1, 10, 0, 1, 0, 0, 1},
  {319, 1168, 0, 438, 2, 13, 0, 0, 0, 0, 1},
  {324, 1223, 0, 440, 1, 2, 0, 0, 0, 0, 1},
  {330, 1268, 0, 441, 1, 2, 0, 0, 0, 0, 1},
  {339, 1312, 0, 442, 2, 4, 0, 0, 0, 0, 1},
  {347, 1367, 0, 444, 0, 4, 0, 0, 0, 0, 16},
  {443, 7174, 4965, 444, 1, 10, 0, 1, 0, 0, 16},
  {352, 1386, 0, 445, 0, 6, 14, 0, 0, 0, 1},
  {252, 915, 268, 445, 0, 6, 5, 0, 0, 0, 1},
  {324, 1416, 0, 445, 1, 2, 0, 0, 0, 0, 1},
  {330, 1452, 0, 446, 1, 2, 0, 0, 0, 0, 1},
  {460, 2727, 0, 447, 0, 10, 0, 1, 0, 0, 12},
  {8, 1, 1, 447, 1, 10, 0, 1, 0, 0, 1},
  {372, 7120, 4994, 448, 1, 10, 0, 1, 0, 0, 12},
  {11, 29, 31, 449, 1, 2, 0, 0, 0, 0, 1},
  {15, 61, 51, 450, 1, 10, 0, 1, 0, 0, 1},
  {18, 89, 0, 451, 1, 10, 0, 1, 0, 0, 12},
  {410, 7147, 5015, 452, 1, 10, 0, 1, 0, 0, 12},
  {22, 118, 0, 453, 0, 2, 0, 0, 0, 0, 1},
  {29, 140, 0, 453, 2, 5, 0, 0, 0, 0, 1},
  {42, 217, 0, 455, 1, 12, 0, 0, 0, 0, 1},
  {56, 255, 0, 456, 1, 12, 0, 0, 0, 0, 1},
  {68, 291, 0, 457, 0, 10, 0, 1, 0, 0, 1},
  {81, 316, 99, 457, 0, 4, 0, 0, 0, 0, 1},
  {87, 336, 0, 457, 0, 10, 0, 1, 0, 0, 1},
  {94, 355, 0, 457, 1, 10, 0, 1, 0, 0, 1},
  {109, 402, 0, 458, 1, 13, 0, 0, 0, 0, 1},
  {119, 438, 119, 459, 0, 12, 0, 0, 0, 0, 1},
  {123, 454, 0, 459, 1, 12, 0, 0, 0, 0, 1},
  {128, 485, 0, 460, 1, 12, 0, 0, 0, 0, 1},
  {135, 519, 0, 461, 1, 12, 0, 0, 0, 0, 1},
  {143, 554, 5049, 462, 0, 4, 0, 0, 0, 0, 12},
  {151, 576, 0, 462, 0, 1, 0, 0, 0, 12, 1},
  {165, 626, 0, 462, 1, 10, 0, 1, 0, 0, 1},
  {178, 662, 0, 463, 1, 13, 0, 0, 0, 0, 1},
  {200, 719, 0, 464, 2, 13, 0, 0, 0, 0, 1},
  {222, 791, 0, 466, 0, 6, 5, 0, 0, 0, 1},
  {241, 831, 179, 466, 1, 10, 0, 1, 0, 0, 1},
  {247, 872, 0, 467, 0, 12, 0, 0, 0, 12, 1},
  {252, 915, 0, 467, 0, 6, 5, 0, 0, 0, 1},
  {260, 944, 5063, 467, 0, 10, 0, 1, 0, 0, 12},
  {265, 961, 0, 467, 0, 2, 0, 0, 0, 0, 1},
  {275, 986, 0, 467, 1, 12, 0, 0, 0, 0, 1},
  {283, 1018, 0, 468, 1, 12, 0, 0, 0, 0, 1},
  {290, 1049, 0, 469, 2, 13, 0, 0, 0, 0, 1},
  {296, 1101, 0, 471, 0, 10, 0, 1, 0, 0, 1},
  {307, 1124, 0, 471, 1, 10, 0, 1, 0, 0, 1},
  {319, 1168, 0, 472, 2, 13, 0, 0, 0, 0, 1},
  {324, 1223, 0, 474, 1, 2, 0, 0, 0, 0, 1},
  {330, 1268, 0, 475, 1, 2, 0, 0, 0, 0, 1},
  {339, 1312, 0, 476, 2, 4, 0, 0, 0, 0, 1},
  {433, 2296, 5076, 478, 0, 3, 0, 0, 0, 0, 12},
  {1005, 7201, 5088, 478, 0, 7, 0, 0, 0, 0, 12},
  {438, 2314, 5107, 478, 0, 2, 0, 0, 0, 0, 12},
  {347, 1367, 5117, 478, 0, 4, 0, 0, 0, 0, 12},
  {443, 7174, 5015, 478, 1, 10, 0, 1, 0, 0, 12},
  {352, 1386, 0, 479, 0, 6, 14, 0, 0, 0, 1},
  {252, 915, 268, 479, 0, 6, 5, 0, 0, 0, 1},
  {324, 1416, 0, 479, 1, 2, 0, 0, 0, 0, 1},
  {330, 1452, 0, 480, 1, 2, 0, 0, 0, 0, 1},
  {8, 1, 1, 481, 1, 10, 0, 1, 0, 0, 1},
  {11, 29, 31, 482, 1, 2, 0, 0, 0, 0, 1},
  {15, 61, 51, 483, 1, 10, 0, 1, 0, 0, 1},
  {18, 89, 79, 484, 1, 10, 0, 1, 0, 0, 1},
  {22, 118, 0, 485, 0, 2, 0, 0, 0, 0, 1},
  {29, 140, 0, 485, 2, 5, 0, 0, 0, 0, 1},
  {42, 217, 0, 487, 1, 12, 0, 0, 0, 0, 1},
  {56, 255, 0, 488, 1, 12, 0, 0, 0, 0, 1},
  {68, 291, 0, 489, 0, 10, 0, 1, 0, 0, 1},
  {81, 316, 99, 489, 0, 4, 0, 0, 0, 0, 1},
  {87, 336, 0, 489, 0, 10, 0, 1, 0, 0, 1},
  {94, 355, 0, 489, 1, 10, 0, 1, 0, 0, 1},
  {109, 402, 0, 490, 1, 13, 0, 0, 0, 0, 1},
  {119, 438, 119, 491, 0, 13, 0, 0, 0, 0, 1},
  {123, 454, 0, 491, 1, 12, 0, 0, 0, 0, 1},
  {128, 485, 0, 492, 1, 12, 0, 0, 0, 0, 1},
  {135, 519, 0, 493, 1, 12, 0, 0, 0, 0, 1},
  {143, 554, 136, 494, 0, 4, 0, 0, 0, 0, 1},
  {151, 576, 0, 494, 0, 1, 0, 0, 0, 13, 1},
  {165, 626, 0, 494, 1, 10, 0, 1, 0, 0, 1},
  {178, 662, 0, 495, 1, 13, 0, 0, 0, 0, 1},
  {200, 719, 0, 496, 2, 13, 0, 0, 0, 0, 1},
  {222, 791, 0, 498, 0, 6, 5, 0, 0, 0, 1},
  {241, 831, 179, 498, 1, 10, 0, 1, 0, 0, 1},
  {247, 872, 0, 499, 0, 12, 0, 0, 0, 12, 1},
  {252, 915, 0, 499, 0, 6, 5, 0, 0, 0, 1},
  {260, 944, 226, 499, 0, 10, 0, 1, 0, 0, 1},
  {265, 961, 0, 499, 0, 2, 0, 0, 0, 0, 1},
  {275, 986, 0, 499, 1, 12, 0, 0, 0, 0, 1},
  {283, 1018, 0, 500, 1, 12, 0, 0, 0, 0, 1},
  {290, 1049, 0, 501, 2, 13, 0, 0, 0, 0, 1},
  {296, 1101, 0, 503, 0, 10, 0, 1, 0, 0, 1},
  {307, 1124, 0, 503, 1, 10, 0, 1, 0, 0, 1},
  {319, 1168, 0, 504, 2, 13, 0, 0, 0, 0, 1},
  {324, 1223, 0, 506, 1, 2, 0, 0, 0, 0, 1},
  {330, 1268, 0, 507, 1, 2, 0, 0, 0, 0, 1},
  {339, 1312, 0, 508, 2, 4, 0, 0, 0, 0, 1},
  {433, 2296, 0, 510, 0, 3, 0, 0, 0, 0, 13},
  {438, 2314, 0, 510, 0, 2, 0, 0, 0, 0, 13},
  {1104, 7218, 0, 510, 0, 2, 0, 0, 0, 0, 13},
  {347, 1367, 0, 510, 0, 4, 0, 0, 0, 0, 13},
  {352, 1386, 0, 510, 0, 6, 14, 0, 0, 0, 1},
  {252, 915, 268, 510, 0, 6, 5, 0, 0, 0, 1},
  {324, 1416, 0, 510, 1, 2, 0, 0, 0, 0, 1},
  {330, 1452, 0, 511, 1, 2, 0, 0, 0, 0, 1},
  {8, 1, 1, 512, 1, 10, 0, 1, 0, 0, 1},
  {11, 29, 31, 513, 1, 2, 0, 0, 0, 0, 1},
  {15, 61, 51, 514, 1, 10, 0, 1, 0, 0, 1},
  {18, 89, 79, 515, 1, 10, 0, 1, 0, 0, 1},
  {22, 118, 0, 516, 0, 2, 0, 0, 0, 0, 1},
  {29, 140, 0, 516, 2, 5, 0, 0, 0, 0, 1},
  {42, 217, 0, 518, 1, 12, 0, 0, 0, 0, 1},
  {56, 255, 0, 519, 1, 12, 0, 0, 0, 0, 1},
  {68, 291, 0, 520, 0, 10, 0, 1, 0, 0, 1},
  {81, 316, 99, 520, 0, 4, 0, 0, 0, 0, 1},
  {87, 336, 0, 520, 0, 10, 0, 1, 0, 0, 1},
  {94, 355, 0, 520, 1, 10, 0, 1, 0, 0, 1},
  {109, 402, 0, 521, 1, 13, 0, 0, 0, 0, 1},
  {119, 438, 119, 522, 0, 14, 0, 0, 0, 0, 1},
  {123, 454, 0, 522, 1, 12, 0, 0, 0, 0, 1},
  {128, 485, 0, 523, 1, 12, 0, 0, 0, 0, 1},
  {135, 519, 0, 524, 1, 12, 0, 0, 0, 0, 1},
  {143, 554, 136, 525, 0, 4, 0, 0, 0, 0, 1},
  {151, 576, 0, 525, 0, 1, 0, 0, 0, 14, 1},
  {165, 626, 0, 525, 1, 10, 0, 1, 0, 0, 1},
  {178, 662, 0, 526, 1, 13, 0, 0, 0, 0, 1},
  {200, 719, 0, 527, 2, 13, 0, 0, 0, 0, 1},
  {222, 791, 0, 529, 0, 6, 5, 0, 0, 0, 1},
  {241, 831, 179, 529, 1, 10, 0, 1, 0, 0, 1},
  {247, 872, 0, 530, 0, 12, 0, 0, 0, 12, 1},
  {252, 915, 0, 530, 0, 6, 5, 0, 0, 0, 1},
  {1117, 7240, 5138, 530, 0, 4, 0, 0, 0, 0, 14},
  {260, 944, 226, 530, 0, 10, 0, 1, 0, 0, 1},
  {265, 961, 0, 530, 0, 2, 0, 0, 0, 0, 1},
  {275, 986, 0, 530, 1, 12, 0, 0, 0, 0, 1},
  {283, 1018, 0, 531, 1, 12, 0, 0, 0, 0, 1},
  {290, 1049, 0, 532, 2, 13, 0, 0, 0, 0, 1},
  {296, 1101, 0, 534, 0, 10, 0, 1, 0, 0, 1},
  {307, 1124, 0, 534, 1, 10, 0, 1, 0, 0, 1},
  {319, 1168, 0, 535, 2, 13, 0, 0, 0, 0, 1},
  {324, 1223, 0, 537, 1, 2, 0, 0, 0, 0, 1},
  {330, 1268, 0, 538, 1, 2, 0, 0, 0, 0, 1},
  {339, 1312, 0, 539, 2, 4, 0, 0, 0, 0, 1},
  {347, 1367, 239, 541, 0, 4, 0, 0, 0, 0, 1},
  {352, 1386, 0, 541, 0, 6, 14, 0, 0, 0, 1},
  {252, 915, 268, 541, 0, 6, 5, 0, 0, 0, 1},
  {324, 1416, 0, 541, 1, 2, 0, 0, 0, 0, 1},
  {330, 1452, 0, 542, 1, 2, 0, 0, 0, 0, 1},
  {8, 1, 1, 543, 1, 10, 0, 1, 0, 0, 1},
  {1129, 7259, 0, 544, 1, 9, 0, 0, 0, 13, 15},
  {11, 29, 31, 545, 1, 2, 0, 0, 0, 0, 1},
  {15, 61, 51, 546, 1, 10, 0, 1, 0, 0, 1},
  {18, 89, 79, 547, 1, 10, 0, 1, 0, 0, 1},
  {22, 118, 0, 548, 0, 2, 0, 0, 0, 0, 1},
  {29, 140, 0, 548, 2, 5, 0, 0, 0, 0, 1},
  {42, 217, 0, 550, 1, 12, 0, 0, 0, 0, 1},
  {56, 255, 0, 551, 1, 12, 0, 0, 0, 0, 1},
  {68, 291, 0, 552, 0, 10, 0, 1, 0, 0, 1},
  {81, 316, 99, 552, 0, 4, 0, 0, 0, 0, 1},
  {87, 336, 0, 552, 0, 10, 0, 1, 0, 0, 1},
  {94, 355, 0, 552, 1, 10, 0, 1, 0, 0, 1},
  {109, 402, 0, 553, 1, 13, 0, 0, 0, 0, 1},
  {119, 438, 119, 554, 0, 15, 0, 0, 0, 0, 1},
  {123, 454, 0, 554, 1, 12, 0, 0, 0, 0, 1},
  {128, 485, 0, 555, 1, 12, 0, 0, 0, 0, 1},
  {135, 519, 0, 556, 1, 12, 0, 0, 0, 0, 1},
  {143, 554, 136, 557, 0, 4, 0, 0, 0, 0, 1},
  {151, 576, 0, 557, 0, 1, 0, 0, 0, 15, 1},
  {165, 626, 0, 557, 1, 10, 0, 1, 0, 0, 1},
  {178, 662, 0, 558, 1, 13, 0, 0, 0, 0, 1},
  {200, 719, 0, 559, 2, 13, 0, 0, 0, 0, 1},
  {222, 791, 0, 561, 0, 6, 5, 0, 0, 0, 1},
  {241, 831, 179, 561, 1, 10, 0, 1, 0, 0, 1},
  {1132, 7330, 5166, 562, 0, 9, 0, 0, 0, 13, 15},
  {247, 872, 0, 562, 0, 12, 0, 0, 0, 12, 1},
  {252, 915, 0, 562, 0, 6, 5, 0, 0, 0, 1},
  {260, 944, 226, 562, 0, 10, 0, 1, 0, 0, 1},
  {265, 961, 0, 562, 0, 2, 0, 0, 0, 0, 1},
  {1139, 7383, 5191, 562, 1, 15, 0, 0, 0, 0, 15},
  {1141, 7413, 5217, 563, 1, 12, 0, 0, 0, 0, 15},
  {275, 986, 0, 564, 1, 12, 0, 0, 0, 0, 1},
  {1147, 7446, 5231, 565, 0, 9, 0, 0, 0, 13, 15},
  {283, 1018, 0, 565, 1, 12, 0, 0, 0, 0, 1},
  {1152, 7497, 5250, 566, 1, 12, 0, 0, 0, 0, 15},
  {290, 1049, 0, 567, 2, 13, 0, 0, 0, 0, 1},
  {296, 1101, 0, 569, 0, 10, 0, 1, 0, 0, 1},
  {307, 1124, 0, 569, 1, 10, 0, 1, 0, 0, 1},
  {319, 1168, 0, 570, 2, 13, 0, 0, 0, 0, 1},
  {324, 1223, 0, 572, 1, 2, 0, 0, 0, 0, 1},
  {330, 1268, 0, 573, 1, 2, 0, 0, 0, 0, 1},
  {339, 1312, 0, 574, 2, 4, 0, 0, 0, 0, 1},
  {1157, 7529, 0, 576, 1, 10, 0, 1, 0, 0, 15},
  {347, 1367, 239, 577, 0, 4, 0, 0, 0, 0, 1},
  {1164, 7562, 0, 577, 1, 15, 0, 0, 0, 0, 15},
  {352, 1386, 0, 578, 0, 6, 14, 0, 0, 0, 1},
  {252, 915, 268, 578, 0, 6, 5, 0, 0, 0, 1},
  {324, 1416, 0, 578, 1, 2, 0, 0, 0, 0, 1},
  {330, 1452, 0, 579, 1, 2, 0, 0, 0, 0, 1},
  {460, 2727, 0, 580, 0, 10, 0, 1, 0, 0, 16},
  {8, 1, 1, 580, 1, 10, 0, 1, 0, 0, 1},
  {372, 7120, 4905, 581, 1, 10, 0, 1, 0, 0, 16},
  {11, 29, 31, 582, 1, 2, 0, 0, 0, 0, 1},
  {15, 61, 51, 583, 1, 10, 0, 1, 0, 0, 1},
  {18, 89, 0, 584, 1, 10, 0, 1, 0, 0, 16},
  {410, 7147, 4935, 585, 1, 10, 0, 1, 0, 0, 16},
  {22, 118, 0, 586, 0, 2, 0, 0, 0, 0, 1},
  {29, 140, 0, 586, 2, 5, 0, 0, 0, 0, 1},
  {42, 217, 0, 588, 1, 12, 0, 0, 0, 0, 1},
  {56, 255, 0, 589, 1, 12, 0, 0, 0, 0, 1},
  {68, 291, 0, 590, 0, 10, 0, 1, 0, 0, 1},
  {81, 316, 99, 590, 0, 4, 0, 0, 0, 0, 1},
  {87, 336, 0, 590, 0, 10, 0, 1, 0, 0, 1},
  {94, 355, 0, 590, 1, 10, 0, 1, 0, 0, 1},
  {109, 402, 0, 591, 1, 13, 0, 0, 0, 0, 1},
  {119, 438, 119, 592, 0, 16, 0, 0, 0, 0, 1},
  {123, 454, 0, 592, 1, 12, 0, 0, 0, 0, 1},
  {128, 485, 0, 593, 1, 12, 0, 0, 0, 0, 1},
  {135, 519, 0, 594, 1, 12, 0, 0, 0, 0, 1},
  {143, 554, 136, 595, 0, 4, 0, 0, 0, 0, 1},
  {151, 576, 0, 595, 0, 1, 0, 0, 0, 16, 1},
  {165, 626, 0, 595, 1, 10, 0, 1, 0, 0, 1},
  {178, 662, 0, 596, 1, 13, 0, 0, 0, 0, 1},
  {200, 719, 0, 597, 2, 13, 0, 0, 0, 0, 1},
  {222, 791, 0, 599, 0, 6, 5, 0, 0, 0, 1},
  {241, 831, 179, 599, 1, 10, 0, 1, 0, 0, 1},
  {247, 872, 0, 600, 0, 12, 0, 0, 0, 12, 1},
  {252, 915, 0, 600, 0, 6, 5, 0, 0, 0, 1},
  {260, 944, 226, 600, 0, 10, 0, 1, 0, 0, 1},
  {265, 961, 0, 600, 0, 2, 0, 0, 0, 0, 1},
  {275, 986, 0, 600, 1, 12, 0, 0, 0, 0, 1},
  {283, 1018, 0, 601, 1, 12, 0, 0, 0, 0, 1},
  {290, 1049, 0, 602, 2, 13, 0, 0, 0, 0, 1},
  {296, 1101, 0, 604, 0, 10, 0, 1, 0, 0, 1},
  {307, 1124, 0, 604, 1, 10, 0, 1, 0, 0, 1},
  {319, 1168, 0, 605, 2, 13, 0, 0, 0, 0, 1},
  {324, 1223, 0, 607, 1, 2, 0, 0, 0, 0, 1},
  {330, 1268, 0, 608, 1, 2, 0, 0, 0, 0, 1},
  {339, 1312, 0, 609, 2, 4, 0, 0, 0, 0, 1},
  {347, 1367, 0, 611, 0, 4, 0, 0, 0, 0, 16},
  {443, 7174, 4965, 611, 1, 10, 0, 1, 0, 0, 16},
  {352, 1386, 0, 612, 0, 6, 14, 0, 0, 0, 1},
  {252, 915, 268, 612, 0, 6, 5, 0, 0, 0, 1},
  {324, 1416, 0, 612, 1, 2, 0, 0, 0, 0, 1},
  {330, 1452, 0, 613, 1, 2, 0, 0, 0, 0, 1},
  {8, 1, 1, 614, 1, 10, 0, 1, 0, 0, 1},
  {11, 29, 31, 615, 1, 2, 0, 0, 0, 0, 1},
  {15, 61, 51, 616, 1, 10, 0, 1, 0, 0, 1},
  {18, 89, 79, 617, 1, 10, 0, 1, 0, 0, 1},
  {22, 118, 0, 618, 0, 2, 0, 0, 0, 0, 1},
  {29, 140, 0, 618, 2, 5, 0, 0, 0, 0, 1},
  {42, 217, 0, 620, 1, 12, 0, 0, 0, 0, 1},
  {56, 255, 0, 621, 1, 12, 0, 0, 0, 0, 1},
  {68, 291, 0, 622, 0, 10, 0, 1, 0, 0, 1},
  {81, 316, 99, 622, 0, 4, 0, 0, 0, 0, 1},
  {87, 336, 0, 622, 0, 10, 0, 1, 0, 0, 1},
  {1179, 7598, 0, 622, 0, 12, 0, 0, 0, 0, 17},
  {94, 355, 0, 622, 1, 10, 0, 1, 0, 0, 1},
  {109, 402, 0, 623, 1, 13, 0, 0, 0, 0, 1},
  {119, 438, 119, 624, 0, 17, 0, 0, 0, 0, 1},
  {815, 7615, 0, 624, 0, 17, 0, 0, 0, 4, 17},
  {569, 3563, 0, 624, 0, 10, 0, 1, 0, 0, 17},
  {123, 454, 0, 624, 1, 12, 0, 0, 0, 0, 1},
  {128, 485, 0, 625, 1, 12, 0, 0, 0, 0, 1},
  {1185, 7667, 5277, 626, 0, 17, 0, 0, 0, 0, 17},
  {135, 519, 0, 626, 1, 12, 0, 0, 0, 0, 1},
  {143, 554, 136, 627, 0, 4, 0, 0, 0, 0, 1},
  {151, 576, 0, 627, 0, 1, 0, 0, 0, 17, 1},
  {165, 626, 0, 627, 1, 10, 0, 1, 0, 0, 1},
  {178, 662, 0, 628, 1, 13, 0, 0, 0, 0, 1},
  {200, 719, 0, 629, 2, 13, 0, 0, 0, 0, 1},
  {222, 791, 0, 631, 0, 6, 5, 0, 0, 0, 1},
  {241, 831, 179, 631, 1, 10, 0, 1, 0, 0, 1},
  {247, 872, 0, 632, 0, 12, 0, 0, 0, 12, 1},
  {252, 915, 0, 632, 0, 6, 5, 0, 0, 0, 1},
  {260, 944, 226, 632, 0, 10, 0, 1, 0, 0, 1},
  {265, 961, 0, 632, 0, 2, 0, 0, 0, 0, 1},
  {1194, 7687, 0, 632, 1, 4, 0, 0, 0, 0, 17},
  {1199, 7720, 0, 633, 0, 2, 0, 0, 0, 0, 17},
  {1203, 7739, 0, 633, 1, 2, 0, 0, 0, 0, 17},
  {275, 986, 0, 634, 1, 12, 0, 0, 0, 0, 1},
  {283, 1018, 0, 635, 1, 12, 0, 0, 0, 0, 1},
  {290, 1049, 0, 636, 2, 13, 0, 0, 0, 0, 1},
  {1208, 7775, 0, 638, 0, 4, 0, 7, 0, 0, 17},
  {296, 1101, 0, 638, 0, 10, 0, 1, 0, 0, 1},
  {307, 1124, 0, 638, 1, 10, 0, 1, 0, 0, 1},
  {1213, 7802, 0, 639, 0, 17, 0, 0, 0, 0, 17},
  {1220, 7821, 0, 639, 1, 2, 0, 0, 0, 0, 17},
  {319, 1168, 0, 640, 2, 13, 0, 0, 0, 0, 1},
  {324, 1223, 0, 642, 1, 2, 0, 0, 0, 0, 1},
  {330, 1268, 0, 643, 1, 2, 0, 0, 0, 0, 1},
  {339, 1312, 0, 644, 2, 4, 0, 0, 0, 0, 1},
  {1225, 7857, 0, 646, 0, 2, 0, 0, 0, 0, 17},
  {347, 1367, 239, 646, 0, 4, 0, 0, 0, 0, 1},
  {352, 1386, 0, 646, 0, 6, 14, 0, 0, 0, 1},
  {1230, 7877, 0, 646, 1, 13, 0, 0, 0, 4, 17},
  {1236, 7938, 0, 647, 1, 6, 4, 0, 0, 0, 17},
  {956, 7979, 0, 648, 1, 2, 0, 0, 0, 0, 17},
  {1245, 8012, 0, 649, 1, 6, 4, 0, 0, 0, 17},
  {1253, 8052, 0, 650, 1, 10, 0, 1, 0, 0, 17},
  {1260, 8082, 0, 651, 1, 12, 0, 0, 0, 4, 17},
  {1268, 8147, 0, 652, 0, 4, 0, 0, 0, 0, 17},
  {1279, 8167, 0, 652, 3, 12, 0, 0, 0, 4, 17},
  {252, 915, 268, 655, 0, 6, 5, 0, 0, 0, 1},
  {1284, 8262, 0, 655, 2, 2, 0, 0, 0, 0, 17},
  {1290, 8309, 0, 657, 1, 17, 0, 0, 0, 17, 17},
  {1295, 8367, 0, 658, 0, 4, 0, 0, 0, 0, 17},
  {1299, 8385, 0, 658, 1, 2, 0, 0, 0, 0, 17},
  {324, 1416, 0, 659, 1, 2, 0, 0, 0, 0, 1},
  {330, 1452, 0, 660, 1, 2, 0, 0, 0, 0, 1},
  {1305, 8417, 0, 661, 1, 2, 0, 0, 0, 0, 17},
  {8, 1, 1, 662, 1, 10, 0, 1, 0, 0, 1},
  {11, 29, 31, 663, 1, 2, 0, 0, 0, 0, 1},
  {15, 61, 51, 664, 1, 10, 0, 1, 0, 0, 1},
  {18, 89, 79, 665, 1, 10, 0, 1, 0, 0, 1},
  {22, 118, 0, 666, 0, 2, 0, 0, 0, 0, 1},
  {29, 140, 0, 666, 2, 5, 0, 0, 0, 0, 1},
  {42, 217, 0, 668, 1, 12, 0, 0, 0, 0, 1},
  {56, 255, 0, 669, 1, 12, 0, 0, 0, 0, 1},
  {68, 291, 0, 670, 0, 10, 0, 1, 0, 0, 1},
  {81, 316, 99, 670, 0, 4, 0, 0, 0, 0, 1},
  {87, 336, 0, 670, 0, 10, 0, 1, 0, 0, 1},
  {94, 355, 0, 670, 1, 10, 0, 1, 0, 0, 1},
  {109, 402, 0, 671, 1, 13, 0, 0, 0, 0, 1},
  {119, 438, 119, 672, 0, 18, 0, 0, 0, 0, 1},
  {123, 454, 0, 672, 1, 12, 0, 0, 0, 0, 1},
  {128, 485, 0, 673, 1, 12, 0, 0, 0, 0, 1},
  {135, 519, 0, 674, 1, 12, 0, 0, 0, 0, 1},
  {143, 554, 136, 675, 0, 4, 0, 0, 0, 0, 1},
  {151, 576, 0, 675, 0, 1, 0, 0, 0, 18, 1},
  {165, 626, 0, 675, 1, 10, 0, 1, 0, 0, 1},
  {178, 662, 0, 676, 1, 13, 0, 0, 0, 0, 1},
  {200, 719, 0, 677, 2, 13, 0, 0, 0, 0, 1},
  {222, 791, 0, 679, 0, 6, 5, 0, 0, 0, 1},
  {241, 831, 179, 679, 1, 10, 0, 1, 0, 0, 1},
  {247, 872, 0, 680, 0, 12, 0, 0, 0, 12, 1},
  {252, 915, 0, 680, 0, 6, 5, 0, 0, 0, 1},
  {260, 944, 226, 680, 0, 10, 0, 1, 0, 0, 1},
  {265, 961, 0, 680, 0, 2, 0, 0, 0, 0, 1},
  {275, 986, 0, 680, 1, 12, 0, 0, 0, 0, 1},
  {283, 1018, 0, 681, 1, 12, 0, 0, 0, 0, 1},
  {290, 1049, 0, 682, 2, 13, 0, 0, 0, 0, 1},
  {296, 1101, 0, 684, 0, 10, 0, 1, 0, 0, 1},
  {307, 1124, 0, 684, 1, 10, 0, 1, 0, 0, 1},
  {319, 1168, 0, 685, 2, 13, 0, 0, 0, 0, 1},
  {324, 1223, 0, 687, 1, 2, 0, 0, 0, 0, 1},
  {330, 1268, 0, 688, 1, 2, 0, 0, 0, 0, 1},
  {339, 1312, 0, 689, 2, 4, 0, 0, 0, 0, 1},
  {347, 1367, 239, 691, 0, 4, 0, 0, 0, 0, 1},
  {352, 1386, 0, 691, 0, 6, 14, 0, 0, 0, 1},
  {1320, 8450, 5285, 691, 1, 13, 0, 0, 0, 0, 18},
  {1332, 8495, 5319, 692, 0, 13, 0, 0, 0, 0, 18},
  {1340, 8518, 5346, 692, 1, 13, 0, 0, 0, 0, 18},
  {1352, 8558, 5389, 693, 0, 2, 0, 0, 0, 0, 18},
  {252, 915, 268, 693, 0, 6, 5, 0, 0, 0, 1},
  {324, 1416, 0, 693, 1, 2, 0, 0, 0, 0, 1},
  {330, 1452, 0, 694, 1, 2, 0, 0, 0, 0, 1},
  {1359, 8580, 5413, 695, 0, 2, 0, 0, 0, 0, 18},
  {8, 1, 1, 695, 1, 10, 0, 1, 0, 0, 1},
  {11, 29, 31, 696, 1, 2, 0, 0, 0, 0, 1},
  {15, 61, 51, 697, 1, 10, 0, 1, 0, 0, 1},
  {18, 89, 79, 698, 1, 10, 0, 1, 0, 0, 1},
  {22, 118, 0, 699, 0, 2, 0, 0, 0, 0, 1},
  {29, 140, 0, 699, 2, 5, 0, 0, 0, 0, 1},
  {42, 217, 0, 701, 1, 12, 0, 0, 0, 0, 1},
  {56, 255, 0, 702, 1, 12, 0, 0, 0, 0, 1},
  {68, 291, 0, 703, 0, 10, 0, 1, 0, 0, 1},
  {81, 316, 99, 703, 0, 4, 0, 0, 0, 0, 1},
  {87, 336, 0, 703, 0, 10, 0, 1, 0, 0, 1},
  {765, 4887, 3464, 703, 0, 6, 13, 0, 0, 13, 19},
  {94, 355, 0, 703, 1, 10, 0, 1, 0, 0, 1},
  {109, 402, 0, 704, 1, 13, 0, 0, 0, 0, 1},
  {119, 438, 119, 705, 0, 19, 0, 0, 0, 0, 1},
  {831, 5263, 3722, 705, 0, 19, 0, 0, 0, 13, 19},
  {123, 454, 0, 705, 1, 12, 0, 0, 0, 0, 1},
  {128, 485, 0, 706, 1, 12, 0, 0, 0, 0, 1},
  {135, 519, 0, 707, 1, 12, 0, 0, 0, 0, 1},
  {143, 554, 136, 708, 0, 4, 0, 0, 0, 0, 1},
  {151, 576, 0, 708, 0, 1, 0, 0, 0, 19, 1},
  {165, 626, 0, 708, 1, 10, 0, 1, 0, 0, 1},
  {178, 662, 0, 709, 1, 13, 0, 0, 0, 0, 1},
  {200, 719, 0, 710, 2, 13, 0, 0, 0, 0, 1},
  {222, 791, 0, 712, 0, 6, 5, 0, 0, 0, 1},
  {241, 831, 179, 712, 1, 10, 0, 1, 0, 0, 1},
  {247, 872, 0, 713, 0, 12, 0, 0, 0, 12, 1},
  {252, 915, 0, 713, 0, 6, 5, 0, 0, 0, 1},
  {260, 944, 226, 713, 0, 10, 0, 1, 0, 0, 1},
  {265, 961, 0, 713, 0, 2, 0, 0, 0, 0, 1},
  {275, 986, 0, 713, 1, 12, 0, 0, 0, 0, 1},
  {283, 1018, 0, 714, 1, 12, 0, 0, 0, 0, 1},
  {290, 1049, 0, 715, 2, 13, 0, 0, 0, 0, 1},
  {296, 1101, 0, 717, 0, 10, 0, 1, 0, 0, 1},
  {307, 1124, 0, 717, 1, 10, 0, 1, 0, 0, 1},
  {319, 1168, 0, 718, 2, 13, 0, 0, 0, 0, 1},
  {324, 1223, 0, 720, 1, 2, 0, 0, 0, 0, 1},
  {330, 1268, 0, 721, 1, 2, 0, 0, 0, 0, 1},
  {339, 1312, 0, 722, 2, 4, 0, 0, 0, 0, 1},
  {347, 1367, 239, 724, 0, 4, 0, 0, 0, 0, 1},
  {352, 1386, 0, 724, 0, 6, 14, 0, 0, 0, 1},
  {252, 915, 268, 724, 0, 6, 5, 0, 0, 0, 1},
  {324, 1416, 0, 724, 1, 2, 0, 0, 0, 0, 1},
  {330, 1452, 0, 725, 1, 2, 0, 0, 0, 0, 1},
  {8, 1, 1, 726, 1, 10, 0, 1, 0, 0, 1},
  {11, 29, 31, 727, 1, 2, 0, 0, 0, 0, 1},
  {15, 61, 51, 728, 1, 10, 0, 1, 0, 0, 1},
  {18, 89, 79, 729, 1, 10, 0, 1, 0, 0, 1},
  {22, 118, 0, 730, 0, 2, 0, 0, 0, 0, 1},
  {29, 140, 0, 730, 2, 5, 0, 0, 0, 0, 1},
  {42, 217, 0, 732, 1, 12, 0, 0, 0, 0, 1},
  {56, 255, 0, 733, 1, 12, 0, 0, 0, 0, 1},
  {68, 291, 0, 734, 0, 10, 0, 1, 0, 0, 1},
  {81, 316, 99, 734, 0, 4, 0, 0, 0, 0, 1},
  {87, 336, 0, 734, 0, 10, 0, 1, 0, 0, 1},
  {1179, 7598, 5436, 734, 0, 12, 0, 0, 0, 0, 20},
  {94, 355, 0, 734, 1, 10, 0, 1, 0, 0, 1},
  {109, 402, 0, 735, 1, 13, 0, 0, 0, 0, 1},
  {119, 438, 119, 736, 0, 20, 0, 0, 0, 0, 1},
  {559, 8601, 2158, 736, 0, 20, 0, 0, 0, 4, 20},
  {123, 454, 0, 736, 1, 12, 0, 0, 0, 0, 1},
  {128, 485, 0, 737, 1, 12, 0, 0, 0, 0, 1},
  {1381, 8652, 5447, 738, 0, 20, 0, 0, 0, 0, 20},
  {1387, 8670, 5466, 738, 1, 4, 0, 7, 0, 0, 20},
  {135, 519, 0, 739, 1, 12, 0, 0, 0, 0, 1},
  {143, 554, 136, 740, 0, 4, 0, 0, 0, 0, 1},
  {151, 576, 0, 740, 0, 1, 0, 0, 0, 20, 1},
  {165, 626, 0, 740, 1, 10, 0, 1, 0, 0, 1},
  {178, 662, 0, 741, 1, 13, 0, 0, 0, 0, 1},
  {200, 719, 0, 742, 2, 13, 0, 0, 0, 0, 1},
  {222, 791, 0, 744, 0, 6, 5, 0, 0, 0, 1},
  {241, 831, 179, 744, 1, 10, 0, 1, 0, 0, 1},
  {247, 872, 0, 745, 0, 12, 0, 0, 0, 12, 1},
  {252, 915, 0, 745, 0, 6, 5, 0, 0, 0, 1},
  {260, 944, 226, 745, 0, 10, 0, 1, 0, 0, 1},
  {265, 961, 0, 745, 0, 2, 0, 0, 0, 0, 1},
  {1199, 7720, 5490, 745, 0, 2, 0, 0, 0, 0, 20},
  {275, 986, 0, 745, 1, 12, 0, 0, 0, 0, 1},
  {283, 1018, 0, 746, 1, 12, 0, 0, 0, 0, 1},
  {1152, 7497, 5519, 747, 1, 12, 0, 0, 0, 0, 20},
  {290, 1049, 0, 748, 2, 13, 0, 0, 0, 0, 1},
  {1208, 8714, 5553, 750, 1, 4, 0, 7, 0, 0, 20},
  {296, 1101, 0, 751, 0, 10, 0, 1, 0, 0, 1},
  {307, 1124, 0, 751, 1, 10, 0, 1, 0, 0, 1},
  {1220, 8756, 5573, 752, 2, 2, 0, 0, 0, 0, 20},
  {319, 1168, 0, 754, 2, 13, 0, 0, 0, 0, 1},
  {324, 1223, 0, 756, 1, 2, 0, 0, 0, 0, 1},
  {330, 1268, 0, 757, 1, 2, 0, 0, 0, 0, 1},
  {339, 1312, 0, 758, 2, 4, 0, 0, 0, 0, 1},
  {1225, 7857, 5490, 760, 0, 2, 0, 0, 0, 0, 20},
  {347, 1367, 239, 760, 0, 4, 0, 0, 0, 0, 1},
  {1392, 8807, 5592, 760, 1, 2, 0, 0, 0, 0, 20},
  {352, 1386, 0, 761, 0, 6, 14, 0, 0, 0, 1},
  {1398, 8841, 5645, 761, 2, 4, 0, 0, 0, 0, 20},
  {956, 8891, 5675, 763, 1, 2, 0, 0, 0, 0, 20},
  {1407, 8926, 5690, 764, 1, 4, 0, 0, 0, 0, 20},
  {1253, 8052, 5720, 765, 1, 10, 0, 1, 0, 0, 20},
  {861, 8959, 5741, 766, 1, 4, 0, 0, 0, 0, 20},
  {252, 915, 268, 767, 0, 6, 5, 0, 0, 0, 1},
  {1290, 8991, 5777, 767, 2, 13, 0, 0, 0, 20, 20},
  {1208, 9063, 5824, 769, 1, 4, 0, 0, 0, 0, 20},
  {324, 1416, 0, 770, 1, 2, 0, 0, 0, 0, 1},
  {330, 1452, 0, 771, 1, 2, 0, 0, 0, 0, 1},
  {1305, 9093, 5862, 772, 1, 2, 0, 0, 0, 0, 20},
  {1392, 9128, 5592, 773, 2, 2, 0, 0, 0, 0, 20},
  {8, 1, 1, 775, 1, 10, 0, 1, 0, 0, 1},
  {11, 29, 31, 776, 1, 2, 0, 0, 0, 0, 1},
  {15, 61, 51, 777, 1, 10, 0, 1, 0, 0, 1},
  {18, 89, 79, 778, 1, 10, 0, 1, 0, 0, 1},
  {22, 118, 0, 779, 0, 2, 0, 0, 0, 0, 1},
  {29, 140, 0, 779, 2, 5, 0, 0, 0, 0, 1},
  {42, 217, 0, 781, 1, 12, 0, 0, 0, 0, 1},
  {56, 255, 0, 782, 1, 12, 0, 0, 0, 0, 1},
  {68, 291, 0, 783, 0, 10, 0, 1, 0, 0, 1},
  {81, 316, 99, 783, 0, 4, 0, 0, 0, 0, 1},
  {87, 336, 0, 783, 0, 10, 0, 1, 0, 0, 1},
  {94, 355, 0, 783, 1, 10, 0, 1, 0, 0, 1},
  {109, 402, 0, 784, 1, 13, 0, 0, 0, 0, 1},
  {119, 438, 119, 785, 0, 21, 0, 0, 0, 0, 1},
  {123, 454, 0, 785, 1, 12, 0, 0, 0, 0, 1},
  {128, 485, 0, 786, 1, 12, 0, 0, 0, 0, 1},
  {1420, 9176, 5896, 787, 0, 10, 0, 1, 0, 0, 21},
  {135, 519, 0, 787, 1, 12, 0, 0, 0, 0, 1},
  {143, 554, 136, 788, 0, 4, 0, 0, 0, 0, 1},
  {151, 576, 0, 788, 0, 1, 0, 0, 0, 21, 1},
  {165, 626, 0, 788, 1, 10, 0, 1, 0, 0, 1},
  {178, 662, 0, 789, 1, 13, 0, 0, 0, 0, 1},
  {200, 719, 0, 790, 2, 13, 0, 0, 0, 0, 1},
  {222, 791, 0, 792, 0, 6, 5, 0, 0, 0, 1},
  {241, 831, 179, 792, 1, 10, 0, 1, 0, 0, 1},
  {247, 872, 0, 793, 0, 12, 0, 0, 0, 12, 1},
  {1426, 9194, 5922, 793, 0, 10, 0, 1, 0, 0, 21},
  {252, 915, 0, 793, 0, 6, 5, 0, 0, 0, 1},
  {260, 944, 226, 793, 0, 10, 0, 1, 0, 0, 1},
  {265, 961, 0, 793, 0, 2, 0, 0, 0, 0, 1},
  {1431, 9211, 5947, 793, 1, 2, 0, 0, 0, 0, 21},
  {275, 986, 0, 794, 1, 12, 0, 0, 0, 0, 1},
  {283, 1018, 0, 795, 1, 12, 0, 0, 0, 0, 1},
  {290, 1049, 0, 796, 2, 13, 0, 0, 0, 0, 1},
  {1208, 9250, 5977, 798, 0, 2, 0, 0, 0, 0, 21},
  {296, 1101, 0, 798, 0, 10, 0, 1, 0, 0, 1},
  {307, 1124, 0, 798, 1, 10, 0, 1, 0, 0, 1},
  {319, 1168, 0, 799, 2, 13, 0, 0, 0, 0, 1},
  {1442, 9270, 0, 801, 1, 2, 0, 0, 0, 0, 21},
  {1450, 9300, 0, 802, 2, 2, 0, 0, 0, 0, 21},
  {1463, 9357, 0, 804, 1, 2, 0, 0, 0, 0, 21},
  {1472, 9388, 0, 805, 2, 2, 0, 0, 0, 0, 21},
  {324, 1223, 0, 807, 1, 2, 0, 0, 0, 0, 1},
  {330, 1268, 0, 808, 1, 2, 0, 0, 0, 0, 1},
  {339, 1312, 0, 809, 2, 4, 0, 0, 0, 0, 1},
  {347, 1367, 239, 811, 0, 4, 0, 0, 0, 0, 1},
  {1392, 9441, 5997, 811, 1, 2, 0, 0, 0, 0, 21},
  {352, 1386, 0, 812, 0, 6, 14, 0, 0, 0, 1},
  {1480, 9475, 6021, 812, 1, 10, 0, 1, 0, 0, 21},
  {1489, 9525, 6052, 813, 1, 10, 0, 1, 0, 0, 21},
  {252, 915, 268, 814, 0, 6, 5, 0, 0, 0, 1},
  {947, 9556, 6082, 814, 3, 21, 0, 0, 0, 0, 21},
  {1497, 9639, 6101, 817, 1, 2, 0, 0, 0, 0, 21},
  {1511, 9697, 6145, 818, 1, 2, 0, 0, 0, 0, 21},
  {1524, 9754, 6176, 819, 1, 2, 0, 0, 0, 0, 21},
  {1535, 9809, 6205, 820, 1, 2, 0, 0, 0, 0, 21},
  {1543, 9861, 6230, 821, 2, 2, 0, 0, 0, 0, 21},
  {1554, 9931, 6274, 823, 2, 2, 0, 0, 0, 0, 21},
  {324, 1416, 0, 825, 1, 2, 0, 0, 0, 0, 1},
  {330, 1452, 0, 826, 1, 2, 0, 0, 0, 0, 1},
  {1570, 10013, 6304, 827, 2, 2, 0, 0, 0, 0, 21},
  {8, 1, 1, 829, 1, 10, 0, 1, 0, 0, 1},
  {11, 29, 31, 830, 1, 2, 0, 0, 0, 0, 1},
  {15, 61, 51, 831, 1, 10, 0, 1, 0, 0, 1},
  {18, 89, 79, 832, 1, 10, 0, 1, 0, 0, 1},
  {22, 118, 0, 833, 0, 2, 0, 0, 0, 0, 1},
  {29, 140, 0, 833, 2, 5, 0, 0, 0, 0, 1},
  {42, 217, 0, 835, 1, 12, 0, 0, 0, 0, 1},
  {56, 255, 0, 836, 1, 12, 0, 0, 0, 0, 1},
  {68, 291, 0, 837, 0, 10, 0, 1, 0, 0, 1},
  {81, 316, 99, 837, 0, 4, 0, 0, 0, 0, 1},
  {87, 336, 0, 837, 0, 10, 0, 1, 0, 0, 1},
  {94, 355, 0, 837, 1, 10, 0, 1, 0, 0, 1},
  {109, 402, 0, 838, 1, 13, 0, 0, 0, 0, 1},
  {119, 438, 119, 839, 0, 22, 0, 0, 0, 0, 1},
  {123, 454, 0, 839, 1, 12, 0, 0, 0, 0, 1},
  {128, 485, 0, 840, 1, 12, 0, 0, 0, 0, 1},
  {135, 519, 0, 841, 1, 12, 0, 0, 0, 0, 1},
  {143, 554, 136, 842, 0, 4, 0, 0, 0, 0, 1},
  {151, 576, 0, 842, 0, 1, 0, 0, 0, 22, 1},
  {165, 626, 0, 842, 1, 10, 0, 1, 0, 0, 1},
  {178, 662, 0, 843, 1, 13, 0, 0, 0, 0, 1},
  {200, 719, 0, 844, 2, 13, 0, 0, 0, 0, 1},
  {222, 791, 0, 846, 0, 6, 5, 0, 0, 0, 1},
  {241, 831, 179, 846, 1, 10, 0, 1, 0, 0, 1},
  {247, 872, 0, 847, 0, 12, 0, 0, 0, 12, 1},
  {252, 915, 0, 847, 0, 6, 5, 0, 0, 0, 1},
  {260, 944, 226, 847, 0, 10, 0, 1, 0, 0, 1},
  {265, 961, 0, 847, 0, 2, 0, 0, 0, 0, 1},
  {275, 986, 0, 847, 1, 12, 0, 0, 0, 0, 1},
  {283, 1018, 0, 848, 1, 12, 0, 0, 0, 0, 1},
  {290, 1049, 0, 849, 2, 13, 0, 0, 0, 0, 1},
  {296, 1101, 0, 851, 0, 10, 0, 1, 0, 0, 1},
  {307, 1124, 0, 851, 1, 10, 0, 1, 0, 0, 1},
  {319, 1168, 0, 852, 2, 13, 0, 0, 0, 0, 1},
  {324, 1223, 0, 854, 1, 2, 0, 0, 0, 0, 1},
  {330, 1268, 0, 855, 1, 2, 0, 0, 0, 0, 1},
  {339, 1312, 0, 856, 2, 4, 0, 0, 0, 0, 1},
  {347, 1367, 239, 858, 0, 4, 0, 0, 0, 0, 1},
  {352, 1386, 0, 858, 0, 6, 14, 0, 0, 0, 1},
  {252, 915, 268, 858, 0, 6, 5, 0, 0, 0, 1},
  {1591, 10081, 0, 858, 2, 12, 0, 0, 0, 0, 22},
  {324, 1416, 0, 860, 1, 2, 0, 0, 0, 0, 1},
  {330, 1452, 0, 861, 1, 2, 0, 0, 0, 0, 1},
  {8, 1, 1, 862, 1, 10, 0, 1, 0, 0, 1},
  {11, 29, 31, 863, 1, 2, 0, 0, 0, 0, 1},
  {15, 61, 51, 864, 1, 10, 0, 1, 0, 0, 1},
  {18, 89, 79, 865, 1, 10, 0, 1, 0, 0, 1},
  {22, 118, 0, 866, 0, 2, 0, 0, 0, 0, 1},
  {29, 140, 0, 866, 2, 5, 0, 0, 0, 0, 1},
  {42, 217, 0, 868, 1, 12, 0, 0, 0, 0, 1},
  {56, 255, 0, 869, 1, 12, 0, 0, 0, 0, 1},
  {68, 291, 0, 870, 0, 10, 0, 1, 0, 0, 1},
  {81, 316, 99, 870, 0, 4, 0, 0, 0, 0, 1},
  {87, 336, 0, 870, 0, 10, 0, 1, 0, 0, 1},
  {94, 355, 0, 870, 1, 10, 0, 1, 0, 0, 1},
  {109, 402, 0, 871, 1, 13, 0, 0, 0, 0, 1},
  {119, 438, 119, 872, 0, 23, 0, 0, 0, 0, 1},
  {123, 454, 0, 872, 1, 12, 0, 0, 0, 0, 1},
  {128, 485, 0, 873, 1, 12, 0, 0, 0, 0, 1},
  {135, 519, 0, 874, 1, 12, 0, 0, 0, 0, 1},
  {143, 554, 136, 875, 0, 4, 0, 0, 0, 0, 1},
  {151, 576, 0, 875, 0, 1, 0, 0, 0, 23, 1},
  {165, 626, 0, 875, 1, 10, 0, 1, 0, 0, 1},
  {178, 662, 0, 876, 1, 13, 0, 0, 0, 0, 1},
  {200, 719, 0, 877, 2, 13, 0, 0, 0, 0, 1},
  {222, 791, 0, 879, 0, 6, 5, 0, 0, 0, 1},
  {241, 831, 179, 879, 1, 10, 0, 1, 0, 0, 1},
  {247, 872, 0, 880, 0, 12, 0, 0, 0, 12, 1},
  {252, 915, 0, 880, 0, 6, 5, 0, 0, 0, 1},
  {260, 944, 226, 880, 0, 10, 0, 1, 0, 0, 1},
  {265, 961, 0, 880, 0, 2, 0, 0, 0, 0, 1},
  {275, 986, 0, 880, 1, 12, 0, 0, 0, 0, 1},
  {283, 1018, 0, 881, 1, 12, 0, 0, 0, 0, 1},
  {290, 1049, 0, 882, 2, 13, 0, 0, 0, 0, 1},
  {1208, 10136, 0, 884, 4, 4, 0, 0, 0, 0, 23},
  {296, 1101, 0, 888, 0, 10, 0, 1, 0, 0, 1},
  {307, 1124, 0, 888, 1, 10, 0, 1, 0, 0, 1},
  {1620, 10249, 0, 889, 1, 12, 0, 0, 0, 0, 23},
  {319, 1168, 0, 890, 2, 13, 0, 0, 0, 0, 1},
  {324, 1223, 0, 892, 1, 2, 0, 0, 0, 0, 1},
  {330, 1268, 0, 893, 1, 2, 0, 0, 0, 0, 1},
  {339, 1312, 0, 894, 2, 4, 0, 0, 0, 0, 1},
  {347, 1367, 239, 896, 0, 4, 0, 0, 0, 0, 1},
  {1392, 10282, 0, 896, 4, 2, 0, 0, 0, 0, 23},
  {352, 1386, 0, 900, 0, 6, 14, 0, 0, 0, 1},
  {252, 915, 268, 900, 0, 6, 5, 0, 0, 0, 1},
  {947, 10399, 0, 900, 5, 23, 0, 0, 0, 0, 23},
  {324, 1416, 0, 905, 1, 2, 0, 0, 0, 0, 1},
  {330, 1452, 0, 906, 1, 2, 0, 0, 0, 0, 1},
  {8, 1, 1, 907, 1, 10, 0, 1, 0, 0, 1},
  {11, 29, 31, 908, 1, 2, 0, 0, 0, 0, 1},
  {15, 61, 51, 909, 1, 10, 0, 1, 0, 0, 1},
  {18, 89, 79, 910, 1, 10, 0, 1, 0, 0, 1},
  {22, 118, 0, 911, 0, 2, 0, 0, 0, 0, 1},
  {29, 140, 0, 911, 2, 5, 0, 0, 0, 0, 1},
  {42, 217, 0, 913, 1, 12, 0, 0, 0, 0, 1},
  {56, 255, 0, 914, 1, 12, 0, 0, 0, 0, 1},
  {68, 291, 0, 915, 0, 10, 0, 1, 0, 0, 1},
  {81, 316, 99, 915, 0, 4, 0, 0, 0, 0, 1},
  {87, 336, 0, 915, 0, 10, 0, 1, 0, 0, 1},
  {94, 355, 0, 915, 1, 10, 0, 1, 0, 0, 1},
  {109, 402, 0, 916, 1, 13, 0, 0, 0, 0, 1},
  {1666, 10510, 0, 917, 0, 13, 0, 0, 0, 24, 24},
  {1673, 10555, 0, 917, 0, 24, 0, 0, 0, 0, 24},
  {119, 438, 119, 917, 0, 24, 0, 0, 0, 0, 1},
  {1681, 10575, 0, 917, 1, 10, 0, 1, 0, 0, 24},
  {1687, 10602, 0, 918, 0, 10, 0, 1, 0, 0, 24},
  {123, 454, 0, 918, 1, 12, 0, 0, 0, 0, 1},
  {128, 485, 0, 919, 1, 12, 0, 0, 0, 0, 1},
  {1693, 10620, 0, 920, 0, 4, 0, 0, 0, 0, 24},
  {135, 519, 0, 920, 1, 12, 0, 0, 0, 0, 1},
  {143, 554, 136, 921, 0, 4, 0, 0, 0, 0, 1},
  {151, 576, 0, 921, 0, 1, 0, 0, 0, 24, 1},
  {165, 626, 0, 921, 1, 10, 0, 1, 0, 0, 1},
  {178, 662, 0, 922, 1, 13, 0, 0, 0, 0, 1},
  {200, 719, 0, 923, 2, 13, 0, 0, 0, 0, 1},
  {222, 791, 0, 925, 0, 6, 5, 0, 0, 0, 1},
  {241, 831, 179, 925, 1, 10, 0, 1, 0, 0, 1},
  {247, 872, 0, 926, 0, 12, 0, 0, 0, 12, 1},
  {252, 915, 0, 926, 0, 6, 5, 0, 0, 0, 1},
  {260, 944, 226, 926, 0, 10, 0, 1, 0, 0, 1},
  {265, 961, 0, 926, 0, 2, 0, 0, 0, 0, 1},
  {275, 986, 0, 926, 1, 12, 0, 0, 0, 0, 1},
  {283, 1018, 0, 927, 1, 12, 0, 0, 0, 0, 1},
  {290, 1049, 0, 928, 2, 13, 0, 0, 0, 0, 1},
  {1699, 10640, 0, 930, 0, 13, 0, 0, 0, 24, 24},
  {1703, 10682, 0, 930, 0, 24, 0, 0, 0, 0, 24},
  {1708, 10699, 0, 930, 2, 4, 0, 7, 0, 0, 24},
  {296, 1101, 0, 932, 0, 10, 0, 1, 0, 0, 1},
  {307, 1124, 0, 932, 1, 10, 0, 1, 0, 0, 1},
  {319, 1168, 0, 933, 2, 13, 0, 0, 0, 0, 1},
  {324, 1223, 0, 935, 1, 2, 0, 0, 0, 0, 1},
  {330, 1268, 0, 936, 1, 2, 0, 0, 0, 0, 1},
  {339, 1312, 0, 937, 2, 4, 0, 0, 0, 0, 1},
  {347, 1367, 239, 939, 0, 4, 0, 0, 0, 0, 1},
  {352, 1386, 0, 939, 0, 6, 14, 0, 0, 0, 1},
  {1722, 10806, 0, 939, 0, 12, 0, 0, 0, 0, 24},
  {1735, 10830, 0, 939, 0, 13, 0, 0, 0, 0, 24},
  {252, 915, 268, 939, 0, 6, 5, 0, 0, 0, 1},
  {1290, 10878, 0, 939, 2, 24, 0, 0, 0, 0, 24},
  {324, 1416, 0, 941, 1, 2, 0, 0, 0, 0, 1},
  {330, 1452, 0, 942, 1, 2, 0, 0, 0, 0, 1},
  {1755, 10917, 0, 943, 1, 4, 0, 0, 0, 0, 24},
  {8, 1, 1, 944, 1, 10, 0, 1, 0, 0, 1},
  {11, 29, 31, 945, 1, 2, 0, 0, 0, 0, 1},
  {15, 61, 51, 946, 1, 10, 0, 1, 0, 0, 1},
  {18, 89, 79, 947, 1, 10, 0, 1, 0, 0, 1},
  {22, 118, 0, 948, 0, 2, 0, 0, 0, 0, 1},
  {29, 140, 0, 948, 2, 5, 0, 0, 0, 0, 1},
  {42, 217, 0, 950, 1, 12, 0, 0, 0, 0, 1},
  {56, 255, 0, 951, 1, 12, 0, 0, 0, 0, 1},
  {68, 291, 0, 952, 0, 10, 0, 1, 0, 0, 1},
  {81, 316, 99, 952, 0, 4, 0, 0, 0, 0, 1},
  {87, 336, 0, 952, 0, 10, 0, 1, 0, 0, 1},
  {94, 355, 0, 952, 1, 10, 0, 1, 0, 0, 1},
  {109, 402, 0, 953, 1, 13, 0, 0, 0, 0, 1},
  {119, 438, 119, 954, 0, 25, 0, 0, 0, 0, 1},
  {123, 454, 0, 954, 1, 12, 0, 0, 0, 0, 1},
  {128, 485, 0, 955, 1, 12, 0, 0, 0, 0, 1},
  {135, 519, 0, 956, 1, 12, 0, 0, 0, 0, 1},
  {143, 554, 136, 957, 0, 4, 0, 0, 0, 0, 1},
  {151, 576, 0, 957, 0, 1, 0, 0, 0, 25, 1},
  {165, 626, 0, 957, 1, 10, 0, 1, 0, 0, 1},
  {178, 662, 0, 958, 1, 13, 0, 0, 0, 0, 1},
  {200, 719, 0, 959, 2, 13, 0, 0, 0, 0, 1},
  {222, 791, 0, 961, 0, 6, 5, 0, 0, 0, 1},
  {241, 831, 179, 961, 1, 10, 0, 1, 0, 0, 1},
  {247, 872, 0, 962, 0, 12, 0, 0, 0, 12, 1},
  {252, 915, 0, 962, 0, 6, 5, 0, 0, 0, 1},
  {260, 944, 226, 962, 0, 10, 0, 1, 0, 0, 1},
  {265, 961, 0, 962, 0, 2, 0, 0, 0, 0, 1},
  {275, 986, 0, 962, 1, 12, 0, 0, 0, 0, 1},
  {283, 1018, 0, 963, 1, 12, 0, 0, 0, 0, 1},
  {290, 1049, 0, 964, 2, 13, 0, 0, 0, 0, 1},
  {296, 1101, 0, 966, 0, 10, 0, 1, 0, 0, 1},
  {307, 1124, 0, 966, 1, 10, 0, 1, 0, 0, 1},
  {319, 1168, 0, 967, 2, 13, 0, 0, 0, 0, 1},
  {324, 1223, 0, 969, 1, 2, 0, 0, 0, 0, 1},
  {330, 1268, 0, 970, 1, 2, 0, 0, 0, 0, 1},
  {339, 1312, 0, 971, 2, 4, 0, 0, 0, 0, 1},
  {347, 1367, 239, 973, 0, 4, 0, 0, 0, 0, 1},
  {1774, 10970, 6333, 973, 1, 3, 0, 0, 0, 0, 25},
  {1779, 10995, 6353, 974, 1, 3, 0, 0, 0, 0, 25},
  {352, 1386, 0, 975, 0, 6, 14, 0, 0, 0, 1},
  {1785, 11021, 6389, 975, 1, 3, 0, 0, 0, 0, 25},
  {1790, 11046, 6407, 976, 1, 3, 0, 0, 0, 0, 25},
  {1796, 11072, 6441, 977, 1, 3, 0, 0, 0, 0, 25},
  {1801, 11097, 6462, 978, 2, 3, 0, 0, 0, 0, 25},
  {1807, 11132, 6502, 980, 1, 3, 0, 0, 0, 0, 25},
  {1813, 11158, 6539, 981, 1, 3, 0, 0, 0, 0, 25},
  {1818, 11183, 6559, 982, 1, 3, 0, 0, 0, 0, 25},
  {1822, 11207, 6576, 983, 1, 3, 0, 0, 0, 0, 25},
  {1827, 11232, 6604, 984, 1, 3, 0, 0, 0, 0, 25},
  {1831, 11256, 6629, 985, 1, 3, 0, 0, 0, 0, 25},
  {1836, 11281, 6668, 986, 1, 3, 0, 0, 0, 0, 25},
  {1840, 11305, 6699, 987, 2, 3, 0, 0, 0, 0, 25},
  {1846, 11340, 6738, 989, 2, 3, 0, 0, 0, 0, 25},
  {1852, 11391, 6756, 991, 1, 3, 0, 0, 0, 0, 25},
  {1856, 11415, 6784, 992, 1, 3, 0, 0, 0, 0, 25},
  {1862, 11441, 6811, 993, 1, 3, 0, 0, 0, 0, 25},
  {252, 915, 268, 994, 0, 6, 5, 0, 0, 0, 1},
  {1867, 11466, 6838, 994, 1, 3, 0, 0, 0, 0, 25},
  {1871, 11490, 6853, 995, 1, 3, 0, 0, 0, 0, 25},
  {324, 1416, 0, 996, 1, 2, 0, 0, 0, 0, 1},
  {330, 1452, 0, 997, 1, 2, 0, 0, 0, 0, 1},
  {1876, 11515, 6879, 998, 1, 3, 0, 0, 0, 0, 25},
  {1881, 11540, 6901, 999, 1, 3, 0, 0, 0, 0, 25},
  {1885, 11564, 6919, 1000, 1, 3, 0, 0, 0, 0, 25},
  {8, 1, 1, 1001, 1, 10, 0, 1, 0, 0, 1},
  {11, 29, 31, 1002, 1, 2, 0, 0, 0, 0, 1},
  {15, 61, 51, 1003, 1, 10, 0, 1, 0, 0, 1},
  {18, 89, 79, 1004, 1, 10, 0, 1, 0, 0, 1},
  {22, 118, 0, 1005, 0, 2, 0, 0, 0, 0, 1},
  {29, 140, 0, 1005, 2, 5, 0, 0, 0, 0, 1},
  {42, 217, 0, 1007, 1, 12, 0, 0, 0, 0, 1},
  {56, 255, 0, 1008, 1, 12, 0, 0, 0, 0, 1},
  {68, 291, 0, 1009, 0, 10, 0, 1, 0, 0, 1},
  {81, 316, 99, 1009, 0, 4, 0, 0, 0, 0, 1},
  {87, 336, 0, 1009, 0, 10, 0, 1, 0, 0, 1},
  {94, 355, 0, 1009, 1, 10, 0, 1, 0, 0, 1},
  {109, 402, 0, 1010, 1, 13, 0, 0, 0, 0, 1},
  {119, 438, 119, 1011, 0, 26, 0, 0, 0, 0, 1},
  {123, 454, 0, 1011, 1, 12, 0, 0, 0, 0, 1},
  {128, 485, 0, 1012, 1, 12, 0, 0, 0, 0, 1},
  {135, 519, 0, 1013, 1, 12, 0, 0, 0, 0, 1},
  {143, 554, 136, 1014, 0, 4, 0, 0, 0, 0, 1},
  {151, 576, 0, 1014, 0, 1, 0, 0, 0, 26, 1},
  {165, 626, 0, 1014, 1, 10, 0, 1, 0, 0, 1},
  {178, 662, 0, 1015, 1, 13, 0, 0, 0, 0, 1},
  {200, 719, 0, 1016, 2, 13, 0, 0, 0, 0, 1},
  {222, 791, 0, 1018, 0, 6, 5, 0, 0, 0, 1},
  {241, 831, 179, 1018, 1, 10, 0, 1, 0, 0, 1},
  {247, 872, 0, 1019, 0, 12, 0, 0, 0, 12, 1},
  {252, 915, 0, 1019, 0, 6, 5, 0, 0, 0, 1},
  {260, 944, 226, 1019, 0, 10, 0, 1, 0, 0, 1},
  {265, 961, 0, 1019, 0, 2, 0, 0, 0, 0, 1},
  {275, 986, 0, 1019, 1, 12, 0, 0, 0, 0, 1},
  {283, 1018, 0, 1020, 1, 12, 0, 0, 0, 0, 1},
  {290, 1049, 0, 1021, 2, 13, 0, 0, 0, 0, 1},
  {296, 1101, 0, 1023, 0, 10, 0, 1, 0, 0, 1},
  {307, 1124, 0, 1023, 1, 10, 0, 1, 0, 0, 1},
  {319, 1168, 0, 1024, 2, 13, 0, 0, 0, 0, 1},
  {324, 1223, 0, 1026, 1, 2, 0, 0, 0, 0, 1},
  {330, 1268, 0, 1027, 1, 2, 0, 0, 0, 0, 1},
  {339, 1312, 0, 1028, 2, 4, 0, 0, 0, 0, 1},
  {347, 1367, 239, 1030, 0, 4, 0, 0, 0, 0, 1},
  {352, 1386, 0, 1030, 0, 6, 14, 0, 0, 0, 1},
  {252, 915, 268, 1030, 0, 6, 5, 0, 0, 0, 1},
  {1894, 11589, 0, 1030, 0, 2, 0, 0, 0, 0, 26},
  {1905, 11615, 0, 1030, 1, 4, 0, 0, 0, 0, 26},
  {324, 1416, 0, 1031, 1, 2, 0, 0, 0, 0, 1},
  {330, 1452, 0, 1032, 1, 2, 0, 0, 0, 0, 1},
  {1919, 11657, 0, 1033, 0, 4, 0, 0, 0, 0, 26},
  {8, 1, 1, 1033, 1, 10, 0, 1, 0, 0, 1},
  {11, 29, 31, 1034, 1, 2, 0, 0, 0, 0, 1},
  {15, 61, 51, 1035, 1, 10, 0, 1, 0, 0, 1},
  {18, 89, 79, 1036, 1, 10, 0, 1, 0, 0, 1},
  {22, 118, 0, 1037, 0, 2, 0, 0, 0, 0, 1},
  {29, 140, 0, 1037, 2, 5, 0, 0, 0, 0, 1},
  {42, 217, 0, 1039, 1, 12, 0, 0, 0, 0, 1},
  {56, 255, 0, 1040, 1, 12, 0, 0, 0, 0, 1},
  {68, 291, 0, 1041, 0, 10, 0, 1, 0, 0, 1},
  {81, 316, 99, 1041, 0, 4, 0, 0, 0, 0, 1},
  {87, 336, 0, 1041, 0, 10, 0, 1, 0, 0, 1},
  {94, 355, 0, 1041, 1, 10, 0, 1, 0, 0, 1},
  {109, 402, 0, 1042, 1, 13, 0, 0, 0, 0, 1},
  {119, 438, 119, 1043, 0, 27, 0, 0, 0, 0, 1},
  {123, 454, 0, 1043, 1, 12, 0, 0, 0, 0, 1},
  {128, 485, 0, 1044, 1, 12, 0, 0, 0, 0, 1},
  {135, 519, 0, 1045, 1, 12, 0, 0, 0, 0, 1},
  {143, 554, 136, 1046, 0, 4, 0, 0, 0, 0, 1},
  {151, 576, 0, 1046, 0, 1, 0, 0, 0, 27, 1},
  {165, 626, 0, 1046, 1, 10, 0, 1, 0, 0, 1},
  {178, 662, 0, 1047, 1, 13, 0, 0, 0, 0, 1},
  {200, 719, 0, 1048, 2, 13, 0, 0, 0, 0, 1},
  {222, 791, 0, 1050, 0, 6, 5, 0, 0, 0, 1},
  {241, 831, 179, 1050, 1, 10, 0, 1, 0, 0, 1},
  {247, 872, 0, 1051, 0, 12, 0, 0, 0, 12, 1},
  {252, 915, 0, 1051, 0, 6, 5, 0, 0, 0, 1},
  {260, 944, 226, 1051, 0, 10, 0, 1, 0, 0, 1},
  {265, 961, 0, 1051, 0, 2, 0, 0, 0, 0, 1},
  {275, 986, 0, 1051, 1, 12, 0, 0, 0, 0, 1},
  {283, 1018, 0, 1052, 1, 12, 0, 0, 0, 0, 1},
  {290, 1049, 0, 1053, 2, 13, 0, 0, 0, 0, 1},
  {296, 1101, 0, 1055, 0, 10, 0, 1, 0, 0, 1},
  {307, 1124, 0, 1055, 1, 10, 0, 1, 0, 0, 1},
  {319, 1168, 0, 1056, 2, 13, 0, 0, 0, 0, 1},
  {324, 1223, 0, 1058, 1, 2, 0, 0, 0, 0, 1},
  {330, 1268, 0, 1059, 1, 2, 0, 0, 0, 0, 1},
  {339, 1312, 0, 1060, 2, 4, 0, 0, 0, 0, 1},
  {347, 1367, 239, 1062, 0, 4, 0, 0, 0, 0, 1},
  {352, 1386, 0, 1062, 0, 6, 14, 0, 0, 0, 1},
  {252, 915, 268, 1062, 0, 6, 5, 0, 0, 0, 1},
  {324, 1416, 0, 1062, 1, 2, 0, 0, 0, 0, 1},
  {330, 1452, 0, 1063, 1, 2, 0, 0, 0, 0, 1},
  {8, 1, 1, 1064, 1, 10, 0, 1, 0, 0, 1},
  {11, 29, 31, 1065, 1, 2, 0, 0, 0, 0, 1},
  {15, 61, 51, 1066, 1, 10, 0, 1, 0, 0, 1},
  {18, 89, 79, 1067, 1, 10, 0, 1, 0, 0, 1},
  {22, 118, 0, 1068, 0, 2, 0, 0, 0, 0, 1},
  {29, 140, 0, 1068, 2, 5, 0, 0, 0, 0, 1},
  {42, 217, 0, 1070, 1, 12, 0, 0, 0, 0, 1},
  {56, 255, 0, 1071, 1, 12, 0, 0, 0, 0, 1},
  {68, 291, 0, 1072, 0, 10, 0, 1, 0, 0, 1},
  {81, 316, 99, 1072, 0, 4, 0, 0, 0, 0, 1},
  {87, 336, 0, 1072, 0, 10, 0, 1, 0, 0, 1},
  {94, 355, 0, 1072, 1, 10, 0, 1, 0, 0, 1},
  {109, 402, 0, 1073, 1, 13, 0, 0, 0, 0, 1},
  {119, 438, 119, 1074, 0, 28, 0, 0, 0, 0, 1},
  {123, 454, 0, 1074, 1, 12, 0, 0, 0, 0, 1},
  {128, 485, 0, 1075, 1, 12, 0, 0, 0, 0, 1},
  {135, 519, 0, 1076, 1, 12, 0, 0, 0, 0, 1},
  {143, 554, 136, 1077, 0, 4, 0, 0, 0, 0, 1},
  {151, 576, 0, 1077, 0, 1, 0, 0, 0, 28, 1},
  {165, 626, 0, 1077, 1, 10, 0, 1, 0, 0, 1},
  {178, 662, 0, 1078, 1, 13, 0, 0, 0, 0, 1},
  {200, 719, 0, 1079, 2, 13, 0, 0, 0, 0, 1},
  {222, 791, 0, 1081, 0, 6, 5, 0, 0, 0, 1},
  {241, 831, 179, 1081, 1, 10, 0, 1, 0, 0, 1},
  {247, 872, 0, 1082, 0, 12, 0, 0, 0, 12, 1},
  {252, 915, 0, 1082, 0, 6, 5, 0, 0, 0, 1},
  {260, 944, 226, 1082, 0, 10, 0, 1, 0, 0, 1},
  {265, 961, 0, 1082, 0, 2, 0, 0, 0, 0, 1},
  {275, 986, 0, 1082, 1, 12, 0, 0, 0, 0, 1},
  {283, 1018, 0, 1083, 1, 12, 0, 0, 0, 0, 1},
  {290, 1049, 0, 1084, 2, 13, 0, 0, 0, 0, 1},
  {296, 1101, 0, 1086, 0, 10, 0, 1, 0, 0, 1},
  {307, 1124, 0, 1086, 1, 10, 0, 1, 0, 0, 1},
  {319, 1168, 0, 1087, 2, 13, 0, 0, 0, 0, 1},
  {324, 1223, 0, 1089, 1, 2, 0, 0, 0, 0, 1},
  {330, 1268, 0, 1090, 1, 2, 0, 0, 0, 0, 1},
  {339, 1312, 0, 1091, 2, 4, 0, 0, 0, 0, 1},
  {347, 1367, 239, 1093, 0, 4, 0, 0, 0, 0, 1},
  {352, 1386, 0, 1093, 0, 6, 14, 0, 0, 0, 1},
  {1253, 8052, 6948, 1093, 1, 10, 0, 1, 0, 0, 28},
  {252, 915, 268, 1094, 0, 6, 5, 0, 0, 0, 1},
  {1940, 11676, 6988, 1094, 0, 10, 0, 1, 0, 0, 28},
  {1208, 9063, 7054, 1094, 1, 4, 0, 0, 0, 0, 28},
  {324, 1416, 0, 1095, 1, 2, 0, 0, 0, 0, 1},
  {330, 1452, 0, 1096, 1, 2, 0, 0, 0, 0, 1},
  {1946, 11694, 7118, 1097, 0, 12, 0, 0, 0, 0, 28},
  {1392, 9128, 7143, 1097, 2, 2, 0, 0, 0, 0, 28},
  {8, 1, 1, 1099, 1, 10, 0, 1, 0, 0, 1},
  {11, 29, 31, 1100, 1, 2, 0, 0, 0, 0, 1},
  {15, 61, 51, 1101, 1, 10, 0, 1, 0, 0, 1},
  {18, 89, 79, 1102, 1, 10, 0, 1, 0, 0, 1},
  {22, 118, 0, 1103, 0, 2, 0, 0, 0, 0, 1},
  {29, 140, 0, 1103, 2, 5, 0, 0, 0, 0, 1},
  {1962, 11713, 7204, 1105, 1, 10, 0, 1, 0, 0, 29},
  {1989, 11763, 7269, 1106, 0, 12, 0, 0, 0, 0, 29},
  {42, 217, 0, 1106, 1, 12, 0, 0, 0, 0, 1},
  {56, 255, 0, 1107, 1, 12, 0, 0, 0, 0, 1},
  {68, 291, 0, 1108, 0, 10, 0, 1, 0, 0, 1},
  {81, 316, 99, 1108, 0, 4, 0, 0, 0, 0, 1},
  {87, 336, 0, 1108, 0, 10, 0, 1, 0, 0, 1},
  {2015, 11800, 7325, 1108, 0, 12, 0, 0, 0, 0, 29},
  {2042, 11819, 7389, 1108, 3, 10, 0, 1, 0, 0, 29},
  {2050, 11895, 7435, 1111, 3, 10, 0, 1, 0, 0, 29},
  {94, 355, 0, 1114, 1, 10, 0, 1, 0, 0, 1},
  {109, 402, 0, 1115, 1, 13, 0, 0, 0, 0, 1},
  {119, 438, 119, 1116, 0, 29, 0, 0, 0, 0, 1},
  {2070, 11974, 7483, 1116, 0, 13, 0, 0, 0, 0, 29},
  {2076, 11995, 7520, 1116, 1, 10, 0, 1, 0, 0, 29},
  {2085, 12026, 7553, 1117, 1, 10, 0, 1, 0, 0, 29},
  {2106, 12074, 7602, 1118, 0, 10, 0, 1, 0, 0, 29},
  {123, 454, 0, 1118, 1, 12, 0, 0, 0, 0, 1},
  {128, 485, 0, 1119, 1, 12, 0, 0, 0, 0, 1},
  {2114, 12094, 7646, 1120, 0, 12, 0, 0, 0, 0, 29},
  {135, 519, 0, 1120, 1, 12, 0, 0, 0, 0, 1},
  {143, 554, 136, 1121, 0, 4, 0, 0, 0, 0, 1},
  {151, 576, 0, 1121, 0, 1, 0, 0, 0, 29, 1},
  {165, 626, 0, 1121, 1, 10, 0, 1, 0, 0, 1},
  {178, 662, 0, 1122, 1, 13, 0, 0, 0, 0, 1},
  {200, 719, 0, 1123, 2, 13, 0, 0, 0, 0, 1},
  {222, 791, 0, 1125, 0, 6, 5, 0, 0, 0, 1},
  {241, 831, 179, 1125, 1, 10, 0, 1, 0, 0, 1},
  {2126, 12117, 7673, 1126, 2, 13, 0, 0, 0, 0, 29},
  {2136, 12166, 7733, 1128, 3, 10, 0, 16, 0, 0, 29},
  {247, 872, 0, 1131, 0, 12, 0, 0, 0, 12, 1},
  {252, 915, 0, 1131, 0, 6, 5, 0, 0, 0, 1},
  {260, 944, 226, 1131, 0, 10, 0, 1, 0, 0, 1},
  {265, 961, 0, 1131, 0, 2, 0, 0, 0, 0, 1},
  {275, 986, 0, 1131, 1, 12, 0, 0, 0, 0, 1},
  {283, 1018, 0, 1132, 1, 12, 0, 0, 0, 0, 1},
  {290, 1049, 0, 1133, 2, 13, 0, 0, 0, 0, 1},
  {296, 1101, 0, 1135, 0, 10, 0, 1, 0, 0, 1},
  {307, 1124, 0, 1135, 1, 10, 0, 1, 0, 0, 1},
  {2150, 12251, 7807, 1136, 0, 13, 0, 0, 0, 0, 29},
  {2157, 12273, 7845, 1136, 0, 10, 0, 1, 0, 0, 29},
  {319, 1168, 0, 1136, 2, 13, 0, 0, 0, 0, 1},
  {324, 1223, 0, 1138, 1, 2, 0, 0, 0, 0, 1},
  {330, 1268, 0, 1139, 1, 2, 0, 0, 0, 0, 1},
  {339, 1312, 0, 1140, 2, 4, 0, 0, 0, 0, 1},
  {2164, 12292, 7871, 1142, 0, 5, 0, 0, 0, 0, 29},
  {2170, 12312, 7913, 1142, 0, 10, 0, 1, 0, 0, 29},
  {2175, 12329, 7935, 1142, 0, 10, 0, 1, 0, 0, 29},
  {2183, 12349, 7960, 1142, 0, 10, 0, 1, 0, 0, 29},
  {347, 1367, 239, 1142, 0, 4, 0, 0, 0, 0, 1},
  {2193, 12371, 7979, 1142, 1, 10, 0, 1, 0, 0, 29},
  {352, 1386, 0, 1143, 0, 6, 14, 0, 0, 0, 1},
  {252, 915, 268, 1143, 0, 6, 5, 0, 0, 0, 1},
  {947, 12411, 8042, 1143, 0, 29, 0, 0, 0, 0, 29},
  {324, 1416, 0, 1143, 1, 2, 0, 0, 0, 0, 1},
  {330, 1452, 0, 1144, 1, 2, 0, 0, 0, 0, 1},
  {8, 1, 1, 1145, 1, 10, 0, 1, 0, 0, 1},
  {11, 29, 31, 1146, 1, 2, 0, 0, 0, 0, 1},
  {15, 61, 51, 1147, 1, 10, 0, 1, 0, 0, 1},
  {18, 89, 79, 1148, 1, 10, 0, 1, 0, 0, 1},
  {22, 118, 0, 1149, 0, 2, 0, 0, 0, 0, 1},
  {29, 140, 0, 1149, 2, 5, 0, 0, 0, 0, 1},
  {42, 217, 0, 1151, 1, 12, 0, 0, 0, 0, 1},
  {56, 255, 0, 1152, 1, 12, 0, 0, 0, 0, 1},
  {68, 291, 0, 1153, 0, 10, 0, 1, 0, 0, 1},
  {2205, 12430, 8079, 1153, 4, 30, 0, 0, 0, 0, 30},
  {81, 316, 99, 1157, 0, 4, 0, 0, 0, 0, 1},
  {87, 336, 0, 1157, 0, 10, 0, 1, 0, 0, 1},
  {94, 355, 0, 1157, 1, 10, 0, 1, 0, 0, 1},
  {109, 402, 0, 1158, 1, 13, 0, 0, 0, 0, 1},
  {956, 12502, 8118, 1159, 0, 12, 0, 0, 0, 0, 30},
  {119, 438, 119, 1159, 0, 30, 0, 0, 0, 0, 1},
  {123, 454, 0, 1159, 1, 12, 0, 0, 0, 0, 1},
  {128, 485, 0, 1160, 1, 12, 0, 0, 0, 0, 1},
  {2212, 12520, 8153, 1161, 1, 30, 0, 0, 0, 0, 30},
  {2217, 12552, 8196, 1162, 4, 30, 0, 0, 0, 0, 30},
  {2229, 12629, 8234, 1166, 5, 30, 0, 0, 0, 0, 30},
  {1352, 8558, 8278, 1171, 0, 2, 0, 0, 0, 0, 30},
  {135, 519, 0, 1171, 1, 12, 0, 0, 0, 0, 1},
  {143, 554, 136, 1172, 0, 4, 0, 0, 0, 0, 1},
  {151, 576, 0, 1172, 0, 1, 0, 0, 0, 30, 1},
  {165, 626, 0, 1172, 1, 10, 0, 1, 0, 0, 1},
  {178, 662, 0, 1173, 1, 13, 0, 0, 0, 0, 1},
  {200, 719, 0, 1174, 2, 13, 0, 0, 0, 0, 1},
  {222, 791, 0, 1176, 0, 6, 5, 0, 0, 0, 1},
  {241, 831, 179, 1176, 1, 10, 0, 1, 0, 0, 1},
  {2239, 12719, 8302, 1177, 5, 30, 0, 0, 0, 0, 30},
  {247, 872, 0, 1182, 0, 12, 0, 0, 0, 12, 1},
  {252, 915, 0, 1182, 0, 6, 5, 0, 0, 0, 1},
  {260, 944, 226, 1182, 0, 10, 0, 1, 0, 0, 1},
  {265, 961, 0, 1182, 0, 2, 0, 0, 0, 0, 1},
  {2244, 12799, 8338, 1182, 3, 30, 0, 0, 0, 0, 30},
  {275, 986, 0, 1185, 1, 12, 0, 0, 0, 0, 1},
  {283, 1018, 0, 1186, 1, 12, 0, 0, 0, 0, 1},
  {883, 12854, 8372, 1187, 3, 30, 0, 0, 0, 0, 30},
  {290, 1049, 0, 1190, 2, 13, 0, 0, 0, 0, 1},
  {2250, 12921, 8457, 1192, 5, 30, 0, 0, 0, 0, 30},
  {296, 1101, 0, 1197, 0, 10, 0, 1, 0, 0, 1},
  {307, 1124, 0, 1197, 1, 10, 0, 1, 0, 0, 1},
  {319, 1168, 0, 1198, 2, 13, 0, 0, 0, 0, 1},
  {324, 1223, 0, 1200, 1, 2, 0, 0, 0, 0, 1},
  {330, 1268, 0, 1201, 1, 2, 0, 0, 0, 0, 1},
  {339, 1312, 0, 1202, 2, 4, 0, 0, 0, 0, 1},
  {2255, 13006, 8502, 1204, 4, 30, 0, 0, 0, 0, 30},
  {347, 1367, 239, 1208, 0, 4, 0, 0, 0, 0, 1},
  {1359, 8580, 8559, 1208, 0, 2, 0, 0, 0, 0, 30},
  {352, 1386, 0, 1208, 0, 6, 14, 0, 0, 0, 1},
  {252, 915, 268, 1208, 0, 6, 5, 0, 0, 0, 1},
  {947, 13075, 8582, 1208, 3, 30, 0, 0, 0, 0, 30},
  {324, 1416, 0, 1211, 1, 2, 0, 0, 0, 0, 1},
  {330, 1452, 0, 1212, 1, 2, 0, 0, 0, 0, 1},
  {8, 1, 1, 1213, 1, 10, 0, 1, 0, 0, 1},
  {11, 29, 31, 1214, 1, 2, 0, 0, 0, 0, 1},
  {15, 61, 51, 1215, 1, 10, 0, 1, 0, 0, 1},
  {18, 89, 79, 1216, 1, 10, 0, 1, 0, 0, 1},
  {22, 118, 0, 1217, 0, 2, 0, 0, 0, 0, 1},
  {29, 140, 0, 1217, 2, 5, 0, 0, 0, 0, 1},
  {42, 217, 0, 1219, 1, 12, 0, 0, 0, 0, 1},
  {56, 255, 0, 1220, 1, 12, 0, 0, 0, 0, 1},
  {68, 291, 0, 1221, 0, 10, 0, 1, 0, 0, 1},
  {81, 316, 99, 1221, 0, 4, 0, 0, 0, 0, 1},
  {87, 336, 0, 1221, 0, 10, 0, 1, 0, 0, 1},
  {94, 355, 0, 1221, 1, 10, 0, 1, 0, 0, 1},
  {109, 402, 0, 1222, 1, 13, 0, 0, 0, 0, 1},
  {119, 438, 119, 1223, 0, 31, 0, 0, 0, 0, 1},
  {123, 454, 0, 1223, 1, 12, 0, 0, 0, 0, 1},
  {128, 485, 0, 1224, 1, 12, 0, 0, 0, 0, 1},
  {135, 519, 0, 1225, 1, 12, 0, 0, 0, 0, 1},
  {143, 554, 136, 1226, 0, 4, 0, 0, 0, 0, 1},
  {151, 576, 0, 1226, 0, 1, 0, 0, 0, 31, 1},
  {165, 626, 0, 1226, 1, 10, 0, 1, 0, 0, 1},
  {178, 662, 0, 1227, 1, 13, 0, 0, 0, 0, 1},
  {200, 719, 0, 1228, 2, 13, 0, 0, 0, 0, 1},
  {222, 791, 0, 1230, 0, 6, 5, 0, 0, 0, 1},
  {241, 831, 179, 1230, 1, 10, 0, 1, 0, 0, 1},
  {247, 872, 0, 1231, 0, 12, 0, 0, 0, 12, 1},
  {252, 915, 0, 1231, 0, 6, 5, 0, 0, 0, 1},
  {260, 944, 226, 1231, 0, 10, 0, 1, 0, 0, 1},
  {265, 961, 0, 1231, 0, 2, 0, 0, 0, 0, 1},
  {275, 986, 0, 1231, 1, 12, 0, 0, 0, 0, 1},
  {283, 1018, 0, 1232, 1, 12, 0, 0, 0, 0, 1},
  {290, 1049, 0, 1233, 2, 13, 0, 0, 0, 0, 1},
  {296, 1101, 0, 1235, 0, 10, 0, 1, 0, 0, 1},
  {307, 1124, 0, 1235, 1, 10, 0, 1, 0, 0, 1},
  {319, 1168, 0, 1236, 2, 13, 0, 0, 0, 0, 1},
  {324, 1223, 0, 1238, 1, 2, 0, 0, 0, 0, 1},
  {330, 1268, 0, 1239, 1, 2, 0, 0, 0, 0, 1},
  {339, 1312, 0, 1240, 2, 4, 0, 0, 0, 0, 1},
  {347, 1367, 239, 1242, 0, 4, 0, 0, 0, 0, 1},
  {2267, 13142, 8640, 1242, 2, 12, 0, 0, 0, 0, 31},
  {2273, 13188, 8674, 1244, 0, 2, 0, 0, 0, 0, 31},
  {352, 1386, 0, 1244, 0, 6, 14, 0, 0, 0, 1},
  {2279, 13209, 8725, 1244, 4, 12, 0, 0, 0, 0, 31},
  {2285, 13274, 8795, 1248, 7, 12, 0, 0, 0, 0, 31},
  {2295, 13397, 8873, 1255, 3, 12, 0, 0, 0, 0, 31},
  {2303, 13451, 8922, 1258, 0, 2, 0, 0, 0, 0, 31},
  {2306, 13469, 8956, 1258, 5, 12, 0, 0, 0, 0, 31},
  {2315, 13553, 9018, 1263, 0, 2, 0, 0, 0, 0, 31},
  {2327, 13580, 9047, 1263, 0, 2, 0, 0, 0, 0, 31},
  {2339, 13607, 9100, 1263, 0, 2, 0, 0, 0, 0, 31},
  {2348, 13631, 9130, 1263, 4, 12, 0, 0, 0, 0, 31},
  {2353, 13697, 9194, 1267, 6, 12, 0, 0, 0, 0, 31},
  {2360, 13793, 9255, 1273, 7, 12, 0, 0, 0, 0, 31},
  {2365, 13903, 9338, 1280, 2, 12, 0, 0, 0, 0, 31},
  {2378, 13953, 9412, 1282, 0, 2, 0, 0, 0, 0, 31},
  {2389, 13979, 9451, 1282, 6, 12, 0, 0, 0, 0, 31},
  {2398, 14076, 9511, 1288, 3, 4, 0, 0, 0, 0, 31},
  {2403, 14136, 9562, 1291, 2, 10, 0, 1, 0, 0, 31},
  {2411, 14186, 9594, 1293, 0, 2, 0, 0, 0, 0, 31},
  {2416, 14206, 9651, 1293, 3, 2, 0, 5, 0, 0, 31},
  {2423, 14288, 9738, 1296, 0, 2, 0, 0, 0, 0, 31},
  {2427, 14307, 9773, 1296, 7, 12, 0, 0, 0, 0, 31},
  {2433, 14416, 9861, 1303, 2, 12, 0, 0, 0, 0, 31},
  {2440, 14463, 9891, 1305, 6, 12, 0, 0, 0, 0, 31},
  {2446, 14558, 9944, 1311, 0, 2, 0, 0, 0, 0, 31},
  {2451, 14578, 9983, 1311, 3, 12, 0, 0, 0, 0, 31},
  {2458, 14638, 10056, 1314, 0, 2, 0, 0, 0, 0, 31},
  {2472, 14667, 10080, 1314, 2, 12, 0, 0, 0, 0, 31},
  {2478, 14710, 10131, 1316, 7, 12, 0, 0, 0, 0, 31},
  {2489, 14828, 10192, 1323, 3, 4, 0, 7, 0, 0, 31},
  {2495, 14900, 10277, 1326, 5, 2, 0, 5, 0, 0, 31},
  {2508, 15006, 10363, 1331, 7, 12, 0, 0, 0, 0, 31},
  {2519, 15130, 10446, 1338, 6, 2, 0, 0, 0, 0, 31},
  {2527, 15232, 10529, 1344, 4, 2, 0, 5, 0, 0, 31},
  {252, 915, 268, 1348, 0, 6, 5, 0, 0, 0, 1},
  {2532, 15326, 10609, 1348, 4, 12, 0, 0, 0, 0, 31},
  {2542, 15402, 10665, 1352, 5, 12, 0, 0, 0, 0, 31},
  {2548, 15485, 10710, 1357, 6, 12, 0, 0, 0, 0, 31},
  {2554, 15580, 10775, 1363, 0, 4, 0, 0, 0, 0, 31},
  {2563, 15603, 10854, 1363, 0, 2, 0, 0, 0, 0, 31},
  {2574, 15629, 10890, 1363, 7, 12, 0, 0, 0, 0, 31},
  {2584, 15746, 10978, 1370, 2, 12, 0, 0, 0, 0, 31},
  {324, 1416, 0, 1372, 1, 2, 0, 0, 0, 0, 1},
  {330, 1452, 0, 1373, 1, 2, 0, 0, 0, 0, 1},
  {2594, 15791, 11010, 1374, 7, 12, 0, 0, 0, 0, 31},
  {2601, 15901, 11062, 1381, 6, 12, 0, 0, 0, 0, 31},
  {2609, 15997, 11153, 1387, 3, 12, 0, 0, 0, 0, 31},
  {2616, 16060, 11219, 1390, 5, 12, 0, 0, 0, 0, 31},
  {2629, 16164, 11268, 1395, 6, 12, 0, 0, 0, 0, 31},
  {2639, 16279, 11321, 1401, 4, 12, 0, 0, 0, 0, 31},
  {2644, 16357, 11386, 1405, 4, 12, 0, 0, 0, 0, 31},
  {2656, 16433, 11444, 1409, 5, 12, 0, 0, 0, 0, 31},
  {2667, 16525, 11503, 1414, 2, 2, 0, 0, 0, 0, 31},
  {2678, 16577, 11552, 1416, 6, 12, 0, 0, 0, 0, 31},
  {2691, 16681, 11608, 1422, 2, 12, 0, 0, 0, 0, 31},
  {2697, 16727, 11672, 1424, 5, 12, 0, 0, 0, 0, 31},
  {2704, 16803, 11719, 1429, 4, 12, 0, 0, 0, 0, 31},
  {2715, 16876, 11751, 1433, 7, 2, 0, 0, 0, 0, 31},
  {8, 1, 1, 1440, 1, 10, 0, 1, 0, 0, 1},
  {11, 29, 31, 1441, 1, 2, 0, 0, 0, 0, 1},
  {15, 61, 51, 1442, 1, 10, 0, 1, 0, 0, 1},
  {18, 89, 79, 1443, 1, 10, 0, 1, 0, 0, 1},
  {22, 118, 0, 1444, 0, 2, 0, 0, 0, 0, 1},
  {2736, 16996, 11839, 1444, 2, 12, 0, 0, 0, 0, 32},
  {29, 140, 0, 1446, 2, 5, 0, 0, 0, 0, 1},
  {2740, 17035, 11910, 1448, 4, 12, 0, 0, 0, 0, 32},
  {42, 217, 0, 1452, 1, 12, 0, 0, 0, 0, 1},
  {56, 255, 0, 1453, 1, 12, 0, 0, 0, 0, 1},
  {68, 291, 0, 1454, 0, 10, 0, 1, 0, 0, 1},
  {81, 316, 99, 1454, 0, 4, 0, 0, 0, 0, 1},
  {87, 336, 0, 1454, 0, 10, 0, 1, 0, 0, 1},
  {514, 17102, 11963, 1454, 0, 12, 0, 0, 0, 0, 32},
  {94, 355, 0, 1454, 1, 10, 0, 1, 0, 0, 1},
  {109, 402, 0, 1455, 1, 13, 0, 0, 0, 0, 1},
  {789, 5045, 11979, 1456, 0, 2, 0, 0, 0, 0, 32},
  {2745, 17119, 11994, 1456, 1, 12, 0, 0, 0, 0, 32},
  {119, 438, 119, 1457, 0, 32, 0, 0, 0, 0, 1},
  {2750, 17148, 12053, 1457, 1, 4, 0, 0, 0, 0, 32},
  {123, 454, 0, 1458, 1, 12, 0, 0, 0, 0, 1},
  {128, 485, 0, 1459, 1, 12, 0, 0, 0, 0, 1},
  {2762, 17185, 12096, 1460, 1, 10, 0, 1, 0, 0, 32},
  {135, 519, 0, 1461, 1, 12, 0, 0, 0, 0, 1},
  {603, 17214, 12154, 1462, 0, 2, 0, 0, 0, 0, 32},
  {2769, 17235, 12165, 1462, 1, 2, 0, 0, 0, 0, 32},
  {143, 554, 136, 1463, 0, 4, 0, 0, 0, 0, 1},
  {151, 576, 0, 1463, 0, 1, 0, 0, 0, 32, 1},
  {165, 626, 0, 1463, 1, 10, 0, 1, 0, 0, 1},
  {178, 662, 0, 1464, 1, 13, 0, 0, 0, 0, 1},
  {200, 719, 0, 1465, 2, 13, 0, 0, 0, 0, 1},
  {222, 791, 0, 1467, 0, 6, 5, 0, 0, 0, 1},
  {241, 831, 179, 1467, 1, 10, 0, 1, 0, 0, 1},
  {247, 872, 0, 1468, 0, 12, 0, 0, 0, 12, 1},
  {2776, 17270, 12207, 1468, 2, 12, 0, 0, 0, 0, 32},
  {2781, 17312, 12229, 1470, 1, 10, 0, 1, 0, 0, 32},
  {252, 915, 0, 1471, 0, 6, 5, 0, 0, 0, 1},
  {260, 944, 226, 1471, 0, 10, 0, 1, 0, 0, 1},
  {265, 961, 0, 1471, 0, 2, 0, 0, 0, 0, 1},
  {275, 986, 0, 1471, 1, 12, 0, 0, 0, 0, 1},
  {283, 1018, 0, 1472, 1, 12, 0, 0, 0, 0, 1},
  {290, 1049, 0, 1473, 2, 13, 0, 0, 0, 0, 1},
  {296, 1101, 0, 1475, 0, 10, 0, 1, 0, 0, 1},
  {307, 1124, 0, 1475, 1, 10, 0, 1, 0, 0, 1},
  {319, 1168, 0, 1476, 2, 13, 0, 0, 0, 0, 1},
  {2789, 17345, 12253, 1478, 1, 10, 0, 1, 0, 0, 32},
  {324, 1223, 0, 1479, 1, 2, 0, 0, 0, 0, 1},
  {330, 1268, 0, 1480, 1, 2, 0, 0, 0, 0, 1},
  {339, 1312, 0, 1481, 2, 4, 0, 0, 0, 0, 1},
  {347, 1367, 239, 1483, 0, 4, 0, 0, 0, 0, 1},
  {2801, 17384, 12287, 1483, 0, 12, 0, 0, 0, 0, 32},
  {2813, 17407, 12321, 1483, 0, 2, 0, 0, 0, 0, 32},
  {352, 1386, 0, 1483, 0, 6, 14, 0, 0, 0, 1},
  {252, 915, 268, 1483, 0, 6, 5, 0, 0, 0, 1},
  {947, 17426, 12339, 1483, 0, 32, 0, 0, 0, 0, 32},
  {324, 1416, 0, 1483, 1, 2, 0, 0, 0, 0, 1},
  {330, 1452, 0, 1484, 1, 2, 0, 0, 0, 0, 1},
  {8, 1, 1, 1485, 1, 10, 0, 1, 0, 0, 1},
  {11, 29, 31, 1486, 1, 2, 0, 0, 0, 0, 1},
  {15, 61, 51, 1487, 1, 10, 0, 1, 0, 0, 1},
  {18, 89, 79, 1488, 1, 10, 0, 1, 0, 0, 1},
  {22, 118, 0, 1489, 0, 2, 0, 0, 0, 0, 1},
  {29, 140, 0, 1489, 2, 5, 0, 0, 0, 0, 1},
  {2740, 17035, 11910, 1491, 4, 12, 0, 0, 0, 0, 33},
  {42, 217, 0, 1495, 1, 12, 0, 0, 0, 0, 1},
  {56, 255, 0, 1496, 1, 12, 0, 0, 0, 0, 1},
  {68, 291, 0, 1497, 0, 10, 0, 1, 0, 0, 1},
  {81, 316, 99, 1497, 0, 4, 0, 0, 0, 0, 1},
  {87, 336, 0, 1497, 0, 10, 0, 1, 0, 0, 1},
  {94, 355, 0, 1497, 1, 10, 0, 1, 0, 0, 1},
  {109, 402, 0, 1498, 1, 13, 0, 0, 0, 0, 1},
  {2745, 17119, 12380, 1499, 1, 12, 0, 0, 0, 0, 33},
  {119, 438, 119, 1500, 0, 33, 0, 0, 0, 0, 1},
  {123, 454, 0, 1500, 1, 12, 0, 0, 0, 0, 1},
  {128, 485, 0, 1501, 1, 12, 0, 0, 0, 0, 1},
  {2762, 17185, 12433, 1502, 1, 10, 0, 1, 0, 0, 33},
  {135, 519, 0, 1503, 1, 12, 0, 0, 0, 0, 1},
  {143, 554, 136, 1504, 0, 4, 0, 0, 0, 0, 1},
  {151, 576, 0, 1504, 0, 1, 0, 0, 0, 33, 1},
  {165, 626, 0, 1504, 1, 10, 0, 1, 0, 0, 1},
  {178, 662, 0, 1505, 1, 13, 0, 0, 0, 0, 1},
  {200, 719, 0, 1506, 2, 13, 0, 0, 0, 0, 1},
  {222, 791, 0, 1508, 0, 6, 5, 0, 0, 0, 1},
  {241, 831, 179, 1508, 1, 10, 0, 1, 0, 0, 1},
  {247, 872, 0, 1509, 0, 12, 0, 0, 0, 12, 1},
  {252, 915, 0, 1509, 0, 6, 5, 0, 0, 0, 1},
  {260, 944, 226, 1509, 0, 10, 0, 1, 0, 0, 1},
  {265, 961, 0, 1509, 0, 2, 0, 0, 0, 0, 1},
  {275, 986, 0, 1509, 1, 12, 0, 0, 0, 0, 1},
  {283, 1018, 0, 1510, 1, 12, 0, 0, 0, 0, 1},
  {290, 1049, 0, 1511, 2, 13, 0, 0, 0, 0, 1},
  {296, 1101, 0, 1513, 0, 10, 0, 1, 0, 0, 1},
  {307, 1124, 0, 1513, 1, 10, 0, 1, 0, 0, 1},
  {2832, 17448, 12491, 1514, 0, 2, 0, 0, 0, 0, 33},
  {2839, 17470, 12518, 1514, 1, 2, 0, 0, 0, 0, 33},
  {319, 1168, 0, 1515, 2, 13, 0, 0, 0, 0, 1},
  {324, 1223, 0, 1517, 1, 2, 0, 0, 0, 0, 1},
  {330, 1268, 0, 1518, 1, 2, 0, 0, 0, 0, 1},
  {339, 1312, 0, 1519, 2, 4, 0, 0, 0, 0, 1},
  {2847, 17507, 12553, 1521, 1, 4, 0, 0, 0, 0, 33},
  {347, 1367, 239, 1522, 0, 4, 0, 0, 0, 0, 1},
  {352, 1386, 0, 1522, 0, 6, 14, 0, 0, 0, 1},
  {252, 915, 268, 1522, 0, 6, 5, 0, 0, 0, 1},
  {947, 17538, 12593, 1522, 0, 33, 0, 0, 0, 0, 33},
  {324, 1416, 0, 1522, 1, 2, 0, 0, 0, 0, 1},
  {330, 1452, 0, 1523, 1, 2, 0, 0, 0, 0, 1},
};

const TiBuiltinUnion ti_builtin_unions[] = {
  {{0, 0, 0, 0}},
  {{10, 11, 0, 0}},
  {{4, 5, 0, 0}},
  {{2, 3, 0, 0}},
  {{2, 13, 0, 0}},
  {{2, 12, 0, 0}},
  {{2, 4, 0, 0}},
  {{4, 12, 0, 0}},
  {{5, 13, 0, 0}},
  {{4, 6, 0, 0}},
  {{6, 13, 0, 0}},
  {{12, 13, 0, 0}},
  {{4, 5, 12, 0}},
  {{2, 4, 5, 0}},
  {{2, 4, 6, 0}},
  {{5, 12, 0, 0}},
  {{10, 11, 12, 0}},
};

const uint16_t ti_builtin_class_count = 34;
const uint16_t ti_builtin_method_count = 1810;
const uint16_t ti_builtin_argument_count = 1524;
const uint16_t ti_builtin_union_count = 17;
const uint16_t ti_builtin_name_pool_size = 2853;
const uint16_t ti_builtin_signature_pool_size = 17564;
const uint16_t ti_builtin_document_pool_size = 12619;
